[0/2] Re-checking globbed directories...
[1/13] Building CXX object CMakeFiles/strata_engine.dir/src/core/expert_source.cpp.o
In file included from /home/calvin/workspace/strata-integration-validation/source/src/core/expert_source.cpp:4:
/home/calvin/workspace/strata-integration-validation/source/include/strata/core/on_device.hpp: In destructor ‘strata::core::OnDevice::~OnDevice()’:
/home/calvin/workspace/strata-integration-validation/source/include/strata/core/on_device.hpp:17:51: warning: ignoring returned value of type ‘hipError_t’, declared with attribute ‘nodiscard’ [-Wunused-result]
   17 |     ~OnDevice() { if (previous >= 0) cudaSetDevice(previous); }
In file included from /mnt/sda2/home/calvin/workspace/strata-validation/toolchains/rocm/lib/python3.10/site-packages/_rocm_sdk_core/include/hip/hip_runtime.h:65,
                 from /home/calvin/workspace/strata-integration-validation/source/include/strata/hip_compat/cuda_runtime.h:12,
                 from <command-line>:
/mnt/sda2/home/calvin/workspace/strata-validation/toolchains/rocm/lib/python3.10/site-packages/_rocm_sdk_core/include/hip/hip_runtime_api.h:2233:12: note: in call to ‘hipError_t hipSetDevice(int)’, declared here
 2233 | hipError_t hipSetDevice(int deviceId);
      |            ^~~~~~~~~~~~
In file included from /mnt/sda2/home/calvin/workspace/strata-validation/toolchains/rocm/lib/python3.10/site-packages/_rocm_sdk_core/include/hip/hip_runtime.h:65,
                 from /home/calvin/workspace/strata-integration-validation/source/include/strata/hip_compat/cuda_runtime.h:12,
                 from <command-line>:
/mnt/sda2/home/calvin/workspace/strata-validation/toolchains/rocm/lib/python3.10/site-packages/_rocm_sdk_core/include/hip/hip_runtime_api.h:419:3: note: ‘hipError_t’ declared here
  419 | } hipError_t;
      |   ^~~~~~~~~~
/home/calvin/workspace/strata-integration-validation/source/src/core/expert_source.cpp: In function ‘void strata::core::expert_hit_run(void*, void*, strata::core::HitPhase, const int32_t*, int64_t)’:
/home/calvin/workspace/strata-integration-validation/source/src/core/expert_source.cpp:3474:51: warning: ignoring returned value of type ‘hipError_t’, declared with attribute ‘nodiscard’ [-Wunused-result]
 3474 |         if (d.hit_done != nullptr) cudaEventRecord((cudaEvent_t) d.hit_done, cs);
In file included from /mnt/sda2/home/calvin/workspace/strata-validation/toolchains/rocm/lib/python3.10/site-packages/_rocm_sdk_core/include/hip/hip_runtime.h:65,
                 from /home/calvin/workspace/strata-integration-validation/source/include/strata/hip_compat/cuda_runtime.h:12,
                 from <command-line>:
/mnt/sda2/home/calvin/workspace/strata-validation/toolchains/rocm/lib/python3.10/site-packages/_rocm_sdk_core/include/hip/hip_runtime_api.h:3436:12: note: in call to ‘hipError_t hipEventRecord(hipEvent_t, hipStream_t)’, declared here
 3436 | hipError_t hipEventRecord(hipEvent_t event, hipStream_t stream = NULL);
      |            ^~~~~~~~~~~~~~
In file included from /mnt/sda2/home/calvin/workspace/strata-validation/toolchains/rocm/lib/python3.10/site-packages/_rocm_sdk_core/include/hip/hip_runtime.h:65,
                 from /home/calvin/workspace/strata-integration-validation/source/include/strata/hip_compat/cuda_runtime.h:12,
                 from <command-line>:
/mnt/sda2/home/calvin/workspace/strata-validation/toolchains/rocm/lib/python3.10/site-packages/_rocm_sdk_core/include/hip/hip_runtime_api.h:419:3: note: ‘hipError_t’ declared here
  419 | } hipError_t;
      |   ^~~~~~~~~~
/home/calvin/workspace/strata-integration-validation/source/src/core/expert_source.cpp: In member function ‘bool strata::core::ArenaExpertSource::open(const string&, int64_t, int64_t, int, std::string&, uint64_t, const string&)’:
/home/calvin/workspace/strata-integration-validation/source/src/core/expert_source.cpp:4015:22: warning: ignoring returned value of type ‘hipError_t’, declared with attribute ‘nodiscard’ [-Wunused-result]
 4015 |         cudaGetDevice(&dev);
In file included from /mnt/sda2/home/calvin/workspace/strata-validation/toolchains/rocm/lib/python3.10/site-packages/_rocm_sdk_core/include/hip/hip_runtime.h:65,
                 from /home/calvin/workspace/strata-integration-validation/source/include/strata/hip_compat/cuda_runtime.h:12,
                 from <command-line>:
/mnt/sda2/home/calvin/workspace/strata-validation/toolchains/rocm/lib/python3.10/site-packages/_rocm_sdk_core/include/hip/hip_runtime_api.h:2260:12: note: in call to ‘hipError_t hipGetDevice(int*)’, declared here
 2260 | hipError_t hipGetDevice(int* deviceId);
      |            ^~~~~~~~~~~~
In file included from /mnt/sda2/home/calvin/workspace/strata-validation/toolchains/rocm/lib/python3.10/site-packages/_rocm_sdk_core/include/hip/hip_runtime.h:65,
                 from /home/calvin/workspace/strata-integration-validation/source/include/strata/hip_compat/cuda_runtime.h:12,
                 from <command-line>:
/mnt/sda2/home/calvin/workspace/strata-validation/toolchains/rocm/lib/python3.10/site-packages/_rocm_sdk_core/include/hip/hip_runtime_api.h:419:3: note: ‘hipError_t’ declared here
  419 | } hipError_t;
      |   ^~~~~~~~~~
/home/calvin/workspace/strata-integration-validation/source/src/core/expert_source.cpp: In lambda function:
/home/calvin/workspace/strata-integration-validation/source/src/core/expert_source.cpp:4017:26: warning: ignoring returned value of type ‘hipError_t’, declared with attribute ‘nodiscard’ [-Wunused-result]
 4017 |             cudaSetDevice(dev);
In file included from /mnt/sda2/home/calvin/workspace/strata-validation/toolchains/rocm/lib/python3.10/site-packages/_rocm_sdk_core/include/hip/hip_runtime.h:65,
                 from /home/calvin/workspace/strata-integration-validation/source/include/strata/hip_compat/cuda_runtime.h:12,
                 from <command-line>:
/mnt/sda2/home/calvin/workspace/strata-validation/toolchains/rocm/lib/python3.10/site-packages/_rocm_sdk_core/include/hip/hip_runtime_api.h:2233:12: note: in call to ‘hipError_t hipSetDevice(int)’, declared here
 2233 | hipError_t hipSetDevice(int deviceId);
      |            ^~~~~~~~~~~~
In file included from /mnt/sda2/home/calvin/workspace/strata-validation/toolchains/rocm/lib/python3.10/site-packages/_rocm_sdk_core/include/hip/hip_runtime.h:65,
                 from /home/calvin/workspace/strata-integration-validation/source/include/strata/hip_compat/cuda_runtime.h:12,
                 from <command-line>:
/mnt/sda2/home/calvin/workspace/strata-validation/toolchains/rocm/lib/python3.10/site-packages/_rocm_sdk_core/include/hip/hip_runtime_api.h:419:3: note: ‘hipError_t’ declared here
  419 | } hipError_t;
      |   ^~~~~~~~~~
/home/calvin/workspace/strata-integration-validation/source/src/core/expert_source.cpp: In member function ‘bool strata::core::ForesightSwap::init(int, int64_t, int64_t, const std::vector<int>&, const std::vector<int>&, std::string&)’:
/home/calvin/workspace/strata-integration-validation/source/src/core/expert_source.cpp:4207:29: warning: ignoring returned value of type ‘hipError_t’, declared with attribute ‘nodiscard’ [-Wunused-result]
 4207 |             cudaGetLastError();
In file included from /mnt/sda2/home/calvin/workspace/strata-validation/toolchains/rocm/lib/python3.10/site-packages/_rocm_sdk_core/include/hip/hip_runtime.h:65,
                 from /home/calvin/workspace/strata-integration-validation/source/include/strata/hip_compat/cuda_runtime.h:12,
                 from <command-line>:
/mnt/sda2/home/calvin/workspace/strata-validation/toolchains/rocm/lib/python3.10/site-packages/_rocm_sdk_core/include/hip/hip_runtime_api.h:2708:12: note: in call to ‘hipError_t hipGetLastError()’, declared here
 2708 | hipError_t hipGetLastError(void);
      |            ^~~~~~~~~~~~~~~
In file included from /mnt/sda2/home/calvin/workspace/strata-validation/toolchains/rocm/lib/python3.10/site-packages/_rocm_sdk_core/include/hip/hip_runtime.h:65,
                 from /home/calvin/workspace/strata-integration-validation/source/include/strata/hip_compat/cuda_runtime.h:12,
                 from <command-line>:
/mnt/sda2/home/calvin/workspace/strata-validation/toolchains/rocm/lib/python3.10/site-packages/_rocm_sdk_core/include/hip/hip_runtime_api.h:419:3: note: ‘hipError_t’ declared here
  419 | } hipError_t;
      |   ^~~~~~~~~~
/home/calvin/workspace/strata-integration-validation/source/src/core/expert_source.cpp:4224:37: warning: ignoring returned value of type ‘hipError_t’, declared with attribute ‘nodiscard’ [-Wunused-result]
 4224 |                     cudaGetLastError();
In file included from /mnt/sda2/home/calvin/workspace/strata-validation/toolchains/rocm/lib/python3.10/site-packages/_rocm_sdk_core/include/hip/hip_runtime.h:65,
                 from /home/calvin/workspace/strata-integration-validation/source/include/strata/hip_compat/cuda_runtime.h:12,
                 from <command-line>:
/mnt/sda2/home/calvin/workspace/strata-validation/toolchains/rocm/lib/python3.10/site-packages/_rocm_sdk_core/include/hip/hip_runtime_api.h:2708:12: note: in call to ‘hipError_t hipGetLastError()’, declared here
 2708 | hipError_t hipGetLastError(void);
      |            ^~~~~~~~~~~~~~~
In file included from /mnt/sda2/home/calvin/workspace/strata-validation/toolchains/rocm/lib/python3.10/site-packages/_rocm_sdk_core/include/hip/hip_runtime.h:65,
                 from /home/calvin/workspace/strata-integration-validation/source/include/strata/hip_compat/cuda_runtime.h:12,
                 from <command-line>:
/mnt/sda2/home/calvin/workspace/strata-validation/toolchains/rocm/lib/python3.10/site-packages/_rocm_sdk_core/include/hip/hip_runtime_api.h:419:3: note: ‘hipError_t’ declared here
  419 | } hipError_t;
      |   ^~~~~~~~~~
/home/calvin/workspace/strata-integration-validation/source/src/core/expert_source.cpp: In destructor ‘strata::core::ForesightSwap::~ForesightSwap()’:
/home/calvin/workspace/strata-integration-validation/source/src/core/expert_source.cpp:4246:50: warning: ignoring returned value of type ‘hipError_t’, declared with attribute ‘nodiscard’ [-Wunused-result]
 4246 |         if (card_stream[c]) cudaStreamSynchronize((cudaStream_t) card_stream[c]);
In file included from /mnt/sda2/home/calvin/workspace/strata-validation/toolchains/rocm/lib/python3.10/site-packages/_rocm_sdk_core/include/hip/hip_runtime.h:65,
                 from /home/calvin/workspace/strata-integration-validation/source/include/strata/hip_compat/cuda_runtime.h:12,
                 from <command-line>:
/mnt/sda2/home/calvin/workspace/strata-validation/toolchains/rocm/lib/python3.10/site-packages/_rocm_sdk_core/include/hip/hip_runtime_api.h:2923:12: note: in call to ‘hipError_t hipStreamSynchronize(hipStream_t)’, declared here
 2923 | hipError_t hipStreamSynchronize(hipStream_t stream);
      |            ^~~~~~~~~~~~~~~~~~~~
In file included from /mnt/sda2/home/calvin/workspace/strata-validation/toolchains/rocm/lib/python3.10/site-packages/_rocm_sdk_core/include/hip/hip_runtime.h:65,
                 from /home/calvin/workspace/strata-integration-validation/source/include/strata/hip_compat/cuda_runtime.h:12,
                 from <command-line>:
/mnt/sda2/home/calvin/workspace/strata-validation/toolchains/rocm/lib/python3.10/site-packages/_rocm_sdk_core/include/hip/hip_runtime_api.h:419:3: note: ‘hipError_t’ declared here
  419 | } hipError_t;
      |   ^~~~~~~~~~
/home/calvin/workspace/strata-integration-validation/source/src/core/expert_source.cpp:4247:34: warning: ignoring returned value of type ‘hipError_t’, declared with attribute ‘nodiscard’ [-Wunused-result]
 4247 |         if (card_mem[c]) cudaFree(card_mem[c]);
In file included from /mnt/sda2/home/calvin/workspace/strata-validation/toolchains/rocm/lib/python3.10/site-packages/_rocm_sdk_core/include/hip/hip_runtime.h:65,
                 from /home/calvin/workspace/strata-integration-validation/source/include/strata/hip_compat/cuda_runtime.h:12,
                 from <command-line>:
/mnt/sda2/home/calvin/workspace/strata-validation/toolchains/rocm/lib/python3.10/site-packages/_rocm_sdk_core/include/hip/hip_runtime_api.h:4592:12: note: in call to ‘hipError_t hipFree(void*)’, declared here
 4592 | hipError_t hipFree(void* ptr);
      |            ^~~~~~~
In file included from /mnt/sda2/home/calvin/workspace/strata-validation/toolchains/rocm/lib/python3.10/site-packages/_rocm_sdk_core/include/hip/hip_runtime.h:65,
                 from /home/calvin/workspace/strata-integration-validation/source/include/strata/hip_compat/cuda_runtime.h:12,
                 from <command-line>:
/mnt/sda2/home/calvin/workspace/strata-validation/toolchains/rocm/lib/python3.10/site-packages/_rocm_sdk_core/include/hip/hip_runtime_api.h:419:3: note: ‘hipError_t’ declared here
  419 | } hipError_t;
      |   ^~~~~~~~~~
/home/calvin/workspace/strata-integration-validation/source/src/core/expert_source.cpp:4248:46: warning: ignoring returned value of type ‘hipError_t’, declared with attribute ‘nodiscard’ [-Wunused-result]
 4248 |         if (card_stream[c]) cudaStreamDestroy((cudaStream_t) card_stream[c]);
In file included from /mnt/sda2/home/calvin/workspace/strata-validation/toolchains/rocm/lib/python3.10/site-packages/_rocm_sdk_core/include/hip/hip_runtime.h:65,
                 from /home/calvin/workspace/strata-integration-validation/source/include/strata/hip_compat/cuda_runtime.h:12,
                 from <command-line>:
/mnt/sda2/home/calvin/workspace/strata-validation/toolchains/rocm/lib/python3.10/site-packages/_rocm_sdk_core/include/hip/hip_runtime_api.h:2885:12: note: in call to ‘hipError_t hipStreamDestroy(hipStream_t)’, declared here
 2885 | hipError_t hipStreamDestroy(hipStream_t stream);
      |            ^~~~~~~~~~~~~~~~
In file included from /mnt/sda2/home/calvin/workspace/strata-validation/toolchains/rocm/lib/python3.10/site-packages/_rocm_sdk_core/include/hip/hip_runtime.h:65,
                 from /home/calvin/workspace/strata-integration-validation/source/include/strata/hip_compat/cuda_runtime.h:12,
                 from <command-line>:
/mnt/sda2/home/calvin/workspace/strata-validation/toolchains/rocm/lib/python3.10/site-packages/_rocm_sdk_core/include/hip/hip_runtime_api.h:419:3: note: ‘hipError_t’ declared here
  419 | } hipError_t;
      |   ^~~~~~~~~~
/home/calvin/workspace/strata-integration-validation/source/src/core/expert_source.cpp:4252:54: warning: ignoring returned value of type ‘hipError_t’, declared with attribute ‘nodiscard’ [-Wunused-result]
 4252 |             if (slot[(size_t) i].ev) cudaEventDestroy((cudaEvent_t) slot[(size_t) i].ev);
In file included from /mnt/sda2/home/calvin/workspace/strata-validation/toolchains/rocm/lib/python3.10/site-packages/_rocm_sdk_core/include/hip/hip_runtime.h:65,
                 from /home/calvin/workspace/strata-integration-validation/source/include/strata/hip_compat/cuda_runtime.h:12,
                 from <command-line>:
/mnt/sda2/home/calvin/workspace/strata-validation/toolchains/rocm/lib/python3.10/site-packages/_rocm_sdk_core/include/hip/hip_runtime_api.h:3456:12: note: in call to ‘hipError_t hipEventDestroy(hipEvent_t)’, declared here
 3456 | hipError_t hipEventDestroy(hipEvent_t event);
      |            ^~~~~~~~~~~~~~~
In file included from /mnt/sda2/home/calvin/workspace/strata-validation/toolchains/rocm/lib/python3.10/site-packages/_rocm_sdk_core/include/hip/hip_runtime.h:65,
                 from /home/calvin/workspace/strata-integration-validation/source/include/strata/hip_compat/cuda_runtime.h:12,
                 from <command-line>:
/mnt/sda2/home/calvin/workspace/strata-validation/toolchains/rocm/lib/python3.10/site-packages/_rocm_sdk_core/include/hip/hip_runtime_api.h:419:3: note: ‘hipError_t’ declared here
  419 | } hipError_t;
      |   ^~~~~~~~~~
/home/calvin/workspace/strata-integration-validation/source/src/core/expert_source.cpp: In member function ‘void strata::core::ForesightSwap::fill_loop()’:
/home/calvin/workspace/strata-integration-validation/source/src/core/expert_source.cpp:4269:44: warning: ignoring returned value of type ‘hipError_t’, declared with attribute ‘nodiscard’ [-Wunused-result]
 4269 |         if (dev != cur_dev) { cudaSetDevice(dev); cur_dev = dev; }
In file included from /mnt/sda2/home/calvin/workspace/strata-validation/toolchains/rocm/lib/python3.10/site-packages/_rocm_sdk_core/include/hip/hip_runtime.h:65,
                 from /home/calvin/workspace/strata-integration-validation/source/include/strata/hip_compat/cuda_runtime.h:12,
                 from <command-line>:
/mnt/sda2/home/calvin/workspace/strata-validation/toolchains/rocm/lib/python3.10/site-packages/_rocm_sdk_core/include/hip/hip_runtime_api.h:2233:12: note: in call to ‘hipError_t hipSetDevice(int)’, declared here
 2233 | hipError_t hipSetDevice(int deviceId);
      |            ^~~~~~~~~~~~
In file included from /mnt/sda2/home/calvin/workspace/strata-validation/toolchains/rocm/lib/python3.10/site-packages/_rocm_sdk_core/include/hip/hip_runtime.h:65,
                 from /home/calvin/workspace/strata-integration-validation/source/include/strata/hip_compat/cuda_runtime.h:12,
                 from <command-line>:
/mnt/sda2/home/calvin/workspace/strata-validation/toolchains/rocm/lib/python3.10/site-packages/_rocm_sdk_core/include/hip/hip_runtime_api.h:419:3: note: ‘hipError_t’ declared here
  419 | } hipError_t;
      |   ^~~~~~~~~~
/home/calvin/workspace/strata-integration-validation/source/src/core/expert_source.cpp:4273:29: warning: ignoring returned value of type ‘hipError_t’, declared with attribute ‘nodiscard’ [-Wunused-result]
 4273 |             cudaGetLastError();
In file included from /mnt/sda2/home/calvin/workspace/strata-validation/toolchains/rocm/lib/python3.10/site-packages/_rocm_sdk_core/include/hip/hip_runtime.h:65,
                 from /home/calvin/workspace/strata-integration-validation/source/include/strata/hip_compat/cuda_runtime.h:12,
                 from <command-line>:
/mnt/sda2/home/calvin/workspace/strata-validation/toolchains/rocm/lib/python3.10/site-packages/_rocm_sdk_core/include/hip/hip_runtime_api.h:2708:12: note: in call to ‘hipError_t hipGetLastError()’, declared here
 2708 | hipError_t hipGetLastError(void);
      |            ^~~~~~~~~~~~~~~
In file included from /mnt/sda2/home/calvin/workspace/strata-validation/toolchains/rocm/lib/python3.10/site-packages/_rocm_sdk_core/include/hip/hip_runtime.h:65,
                 from /home/calvin/workspace/strata-integration-validation/source/include/strata/hip_compat/cuda_runtime.h:12,
                 from <command-line>:
/mnt/sda2/home/calvin/workspace/strata-validation/toolchains/rocm/lib/python3.10/site-packages/_rocm_sdk_core/include/hip/hip_runtime_api.h:419:3: note: ‘hipError_t’ declared here
  419 | } hipError_t;
      |   ^~~~~~~~~~
/home/calvin/workspace/strata-integration-validation/source/src/core/expert_source.cpp: In member function ‘bool strata::core::ForesightSwap::take(int64_t, int32_t, long long unsigned int&)’:
/home/calvin/workspace/strata-integration-validation/source/src/core/expert_source.cpp:4290:57: warning: ignoring returned value of type ‘hipError_t’, declared with attribute ‘nodiscard’ [-Wunused-result]
 4290 |             if (q != cudaErrorNotReady) cudaGetLastError();
In file included from /mnt/sda2/home/calvin/workspace/strata-validation/toolchains/rocm/lib/python3.10/site-packages/_rocm_sdk_core/include/hip/hip_runtime.h:65,
                 from /home/calvin/workspace/strata-integration-validation/source/include/strata/hip_compat/cuda_runtime.h:12,
                 from <command-line>:
/mnt/sda2/home/calvin/workspace/strata-validation/toolchains/rocm/lib/python3.10/site-packages/_rocm_sdk_core/include/hip/hip_runtime_api.h:2708:12: note: in call to ‘hipError_t hipGetLastError()’, declared here
 2708 | hipError_t hipGetLastError(void);
      |            ^~~~~~~~~~~~~~~
In file included from /mnt/sda2/home/calvin/workspace/strata-validation/toolchains/rocm/lib/python3.10/site-packages/_rocm_sdk_core/include/hip/hip_runtime.h:65,
                 from /home/calvin/workspace/strata-integration-validation/source/include/strata/hip_compat/cuda_runtime.h:12,
                 from <command-line>:
/mnt/sda2/home/calvin/workspace/strata-validation/toolchains/rocm/lib/python3.10/site-packages/_rocm_sdk_core/include/hip/hip_runtime_api.h:419:3: note: ‘hipError_t’ declared here
  419 | } hipError_t;
      |   ^~~~~~~~~~
/home/calvin/workspace/strata-integration-validation/source/src/core/expert_source.cpp:4303:33: warning: ignoring returned value of type ‘hipError_t’, declared with attribute ‘nodiscard’ [-Wunused-result]
 4303 |                 cudaGetLastError();
In file included from /mnt/sda2/home/calvin/workspace/strata-validation/toolchains/rocm/lib/python3.10/site-packages/_rocm_sdk_core/include/hip/hip_runtime.h:65,
                 from /home/calvin/workspace/strata-integration-validation/source/include/strata/hip_compat/cuda_runtime.h:12,
                 from <command-line>:
/mnt/sda2/home/calvin/workspace/strata-validation/toolchains/rocm/lib/python3.10/site-packages/_rocm_sdk_core/include/hip/hip_runtime_api.h:2708:12: note: in call to ‘hipError_t hipGetLastError()’, declared here
 2708 | hipError_t hipGetLastError(void);
      |            ^~~~~~~~~~~~~~~
In file included from /mnt/sda2/home/calvin/workspace/strata-validation/toolchains/rocm/lib/python3.10/site-packages/_rocm_sdk_core/include/hip/hip_runtime.h:65,
                 from /home/calvin/workspace/strata-integration-validation/source/include/strata/hip_compat/cuda_runtime.h:12,
                 from <command-line>:
/mnt/sda2/home/calvin/workspace/strata-validation/toolchains/rocm/lib/python3.10/site-packages/_rocm_sdk_core/include/hip/hip_runtime_api.h:419:3: note: ‘hipError_t’ declared here
  419 | } hipError_t;
      |   ^~~~~~~~~~
/home/calvin/workspace/strata-integration-validation/source/src/core/expert_source.cpp: In member function ‘void strata::core::ForesightSwap::request_locked(strata::core::ExpertSource*, int64_t, int32_t, bool)’:
/home/calvin/workspace/strata-integration-validation/source/src/core/expert_source.cpp:4353:81: warning: ignoring returned value of type ‘hipError_t’, declared with attribute ‘nodiscard’ [-Wunused-result]
 4353 |             if (q != cudaSuccess) { if (q != cudaErrorNotReady) cudaGetLastError(); continue; }
In file included from /mnt/sda2/home/calvin/workspace/strata-validation/toolchains/rocm/lib/python3.10/site-packages/_rocm_sdk_core/include/hip/hip_runtime.h:65,
                 from /home/calvin/workspace/strata-integration-validation/source/include/strata/hip_compat/cuda_runtime.h:12,
                 from <command-line>:
/mnt/sda2/home/calvin/workspace/strata-validation/toolchains/rocm/lib/python3.10/site-packages/_rocm_sdk_core/include/hip/hip_runtime_api.h:2708:12: note: in call to ‘hipError_t hipGetLastError()’, declared here
 2708 | hipError_t hipGetLastError(void);
      |            ^~~~~~~~~~~~~~~
In file included from /mnt/sda2/home/calvin/workspace/strata-validation/toolchains/rocm/lib/python3.10/site-packages/_rocm_sdk_core/include/hip/hip_runtime.h:65,
                 from /home/calvin/workspace/strata-integration-validation/source/include/strata/hip_compat/cuda_runtime.h:12,
                 from <command-line>:
/mnt/sda2/home/calvin/workspace/strata-validation/toolchains/rocm/lib/python3.10/site-packages/_rocm_sdk_core/include/hip/hip_runtime_api.h:419:3: note: ‘hipError_t’ declared here
  419 | } hipError_t;
      |   ^~~~~~~~~~
[2/13] Building CXX object CMakeFiles/strata_engine.dir/src/core/remote_experts.cpp.o
/home/calvin/workspace/strata-integration-validation/source/src/core/remote_experts.cpp: In destructor ‘strata::core::{anonymous}::DeviceScope::~DeviceScope()’:
/home/calvin/workspace/strata-integration-validation/source/src/core/remote_experts.cpp:49:54: warning: ignoring returned value of type ‘hipError_t’, declared with attribute ‘nodiscard’ [-Wunused-result]
   49 |     ~DeviceScope() { if (previous >= 0) cudaSetDevice(previous); }
In file included from /mnt/sda2/home/calvin/workspace/strata-validation/toolchains/rocm/lib/python3.10/site-packages/_rocm_sdk_core/include/hip/hip_runtime.h:65,
                 from /home/calvin/workspace/strata-integration-validation/source/include/strata/hip_compat/cuda_runtime.h:12,
                 from <command-line>:
/mnt/sda2/home/calvin/workspace/strata-validation/toolchains/rocm/lib/python3.10/site-packages/_rocm_sdk_core/include/hip/hip_runtime_api.h:2233:12: note: in call to ‘hipError_t hipSetDevice(int)’, declared here
 2233 | hipError_t hipSetDevice(int deviceId);
      |            ^~~~~~~~~~~~
In file included from /mnt/sda2/home/calvin/workspace/strata-validation/toolchains/rocm/lib/python3.10/site-packages/_rocm_sdk_core/include/hip/hip_runtime.h:65,
                 from /home/calvin/workspace/strata-integration-validation/source/include/strata/hip_compat/cuda_runtime.h:12,
                 from <command-line>:
/mnt/sda2/home/calvin/workspace/strata-validation/toolchains/rocm/lib/python3.10/site-packages/_rocm_sdk_core/include/hip/hip_runtime_api.h:419:3: note: ‘hipError_t’ declared here
  419 | } hipError_t;
      |   ^~~~~~~~~~
/home/calvin/workspace/strata-integration-validation/source/src/core/remote_experts.cpp: In member function ‘void strata::core::RemoteExperts::close()’:
/home/calvin/workspace/strata-integration-validation/source/src/core/remote_experts.cpp:95:43: warning: ignoring returned value of type ‘hipError_t’, declared with attribute ‘nodiscard’ [-Wunused-result]
   95 |         if (stream_) cudaStreamSynchronize(stream_);
In file included from /mnt/sda2/home/calvin/workspace/strata-validation/toolchains/rocm/lib/python3.10/site-packages/_rocm_sdk_core/include/hip/hip_runtime.h:65,
                 from /home/calvin/workspace/strata-integration-validation/source/include/strata/hip_compat/cuda_runtime.h:12,
                 from <command-line>:
/mnt/sda2/home/calvin/workspace/strata-validation/toolchains/rocm/lib/python3.10/site-packages/_rocm_sdk_core/include/hip/hip_runtime_api.h:2923:12: note: in call to ‘hipError_t hipStreamSynchronize(hipStream_t)’, declared here
 2923 | hipError_t hipStreamSynchronize(hipStream_t stream);
      |            ^~~~~~~~~~~~~~~~~~~~
In file included from /mnt/sda2/home/calvin/workspace/strata-validation/toolchains/rocm/lib/python3.10/site-packages/_rocm_sdk_core/include/hip/hip_runtime.h:65,
                 from /home/calvin/workspace/strata-integration-validation/source/include/strata/hip_compat/cuda_runtime.h:12,
                 from <command-line>:
/mnt/sda2/home/calvin/workspace/strata-validation/toolchains/rocm/lib/python3.10/site-packages/_rocm_sdk_core/include/hip/hip_runtime_api.h:419:3: note: ‘hipError_t’ declared here
  419 | } hipError_t;
      |   ^~~~~~~~~~
/home/calvin/workspace/strata-integration-validation/source/src/core/remote_experts.cpp:97:27: warning: ignoring returned value of type ‘hipError_t’, declared with attribute ‘nodiscard’ [-Wunused-result]
   97 |         if (d_x_) cudaFree(d_x_);
In file included from /mnt/sda2/home/calvin/workspace/strata-validation/toolchains/rocm/lib/python3.10/site-packages/_rocm_sdk_core/include/hip/hip_runtime.h:65,
                 from /home/calvin/workspace/strata-integration-validation/source/include/strata/hip_compat/cuda_runtime.h:12,
                 from <command-line>:
/mnt/sda2/home/calvin/workspace/strata-validation/toolchains/rocm/lib/python3.10/site-packages/_rocm_sdk_core/include/hip/hip_runtime_api.h:4592:12: note: in call to ‘hipError_t hipFree(void*)’, declared here
 4592 | hipError_t hipFree(void* ptr);
      |            ^~~~~~~
In file included from /mnt/sda2/home/calvin/workspace/strata-validation/toolchains/rocm/lib/python3.10/site-packages/_rocm_sdk_core/include/hip/hip_runtime.h:65,
                 from /home/calvin/workspace/strata-integration-validation/source/include/strata/hip_compat/cuda_runtime.h:12,
                 from <command-line>:
/mnt/sda2/home/calvin/workspace/strata-validation/toolchains/rocm/lib/python3.10/site-packages/_rocm_sdk_core/include/hip/hip_runtime_api.h:419:3: note: ‘hipError_t’ declared here
  419 | } hipError_t;
      |   ^~~~~~~~~~
/home/calvin/workspace/strata-integration-validation/source/src/core/remote_experts.cpp:98:29: warning: ignoring returned value of type ‘hipError_t’, declared with attribute ‘nodiscard’ [-Wunused-result]
   98 |         if (d_out_) cudaFree(d_out_);
In file included from /mnt/sda2/home/calvin/workspace/strata-validation/toolchains/rocm/lib/python3.10/site-packages/_rocm_sdk_core/include/hip/hip_runtime.h:65,
                 from /home/calvin/workspace/strata-integration-validation/source/include/strata/hip_compat/cuda_runtime.h:12,
                 from <command-line>:
/mnt/sda2/home/calvin/workspace/strata-validation/toolchains/rocm/lib/python3.10/site-packages/_rocm_sdk_core/include/hip/hip_runtime_api.h:4592:12: note: in call to ‘hipError_t hipFree(void*)’, declared here
 4592 | hipError_t hipFree(void* ptr);
      |            ^~~~~~~
In file included from /mnt/sda2/home/calvin/workspace/strata-validation/toolchains/rocm/lib/python3.10/site-packages/_rocm_sdk_core/include/hip/hip_runtime.h:65,
                 from /home/calvin/workspace/strata-integration-validation/source/include/strata/hip_compat/cuda_runtime.h:12,
                 from <command-line>:
/mnt/sda2/home/calvin/workspace/strata-validation/toolchains/rocm/lib/python3.10/site-packages/_rocm_sdk_core/include/hip/hip_runtime_api.h:419:3: note: ‘hipError_t’ declared here
  419 | } hipError_t;
      |   ^~~~~~~~~~
/home/calvin/workspace/strata-integration-validation/source/src/core/remote_experts.cpp:99:28: warning: ignoring returned value of type ‘hipError_t’, declared with attribute ‘nodiscard’ [-Wunused-result]
   99 |         if (d_q8_) cudaFree(d_q8_);
In file included from /mnt/sda2/home/calvin/workspace/strata-validation/toolchains/rocm/lib/python3.10/site-packages/_rocm_sdk_core/include/hip/hip_runtime.h:65,
                 from /home/calvin/workspace/strata-integration-validation/source/include/strata/hip_compat/cuda_runtime.h:12,
                 from <command-line>:
/mnt/sda2/home/calvin/workspace/strata-validation/toolchains/rocm/lib/python3.10/site-packages/_rocm_sdk_core/include/hip/hip_runtime_api.h:4592:12: note: in call to ‘hipError_t hipFree(void*)’, declared here
 4592 | hipError_t hipFree(void* ptr);
      |            ^~~~~~~
In file included from /mnt/sda2/home/calvin/workspace/strata-validation/toolchains/rocm/lib/python3.10/site-packages/_rocm_sdk_core/include/hip/hip_runtime.h:65,
                 from /home/calvin/workspace/strata-integration-validation/source/include/strata/hip_compat/cuda_runtime.h:12,
                 from <command-line>:
/mnt/sda2/home/calvin/workspace/strata-validation/toolchains/rocm/lib/python3.10/site-packages/_rocm_sdk_core/include/hip/hip_runtime_api.h:419:3: note: ‘hipError_t’ declared here
  419 | } hipError_t;
      |   ^~~~~~~~~~
/home/calvin/workspace/strata-integration-validation/source/src/core/remote_experts.cpp:100:32: warning: ignoring returned value of type ‘hipError_t’, declared with attribute ‘nodiscard’ [-Wunused-result]
  100 |         if (d_scales_) cudaFree(d_scales_);
In file included from /mnt/sda2/home/calvin/workspace/strata-validation/toolchains/rocm/lib/python3.10/site-packages/_rocm_sdk_core/include/hip/hip_runtime.h:65,
                 from /home/calvin/workspace/strata-integration-validation/source/include/strata/hip_compat/cuda_runtime.h:12,
                 from <command-line>:
/mnt/sda2/home/calvin/workspace/strata-validation/toolchains/rocm/lib/python3.10/site-packages/_rocm_sdk_core/include/hip/hip_runtime_api.h:4592:12: note: in call to ‘hipError_t hipFree(void*)’, declared here
 4592 | hipError_t hipFree(void* ptr);
      |            ^~~~~~~
In file included from /mnt/sda2/home/calvin/workspace/strata-validation/toolchains/rocm/lib/python3.10/site-packages/_rocm_sdk_core/include/hip/hip_runtime.h:65,
                 from /home/calvin/workspace/strata-integration-validation/source/include/strata/hip_compat/cuda_runtime.h:12,
                 from <command-line>:
/mnt/sda2/home/calvin/workspace/strata-validation/toolchains/rocm/lib/python3.10/site-packages/_rocm_sdk_core/include/hip/hip_runtime_api.h:419:3: note: ‘hipError_t’ declared here
  419 | } hipError_t;
      |   ^~~~~~~~~~
/home/calvin/workspace/strata-integration-validation/source/src/core/remote_experts.cpp:101:33: warning: ignoring returned value of type ‘hipError_t’, declared with attribute ‘nodiscard’ [-Wunused-result]
  101 |         if (d_scratch_) cudaFree(d_scratch_);
In file included from /mnt/sda2/home/calvin/workspace/strata-validation/toolchains/rocm/lib/python3.10/site-packages/_rocm_sdk_core/include/hip/hip_runtime.h:65,
                 from /home/calvin/workspace/strata-integration-validation/source/include/strata/hip_compat/cuda_runtime.h:12,
                 from <command-line>:
/mnt/sda2/home/calvin/workspace/strata-validation/toolchains/rocm/lib/python3.10/site-packages/_rocm_sdk_core/include/hip/hip_runtime_api.h:4592:12: note: in call to ‘hipError_t hipFree(void*)’, declared here
 4592 | hipError_t hipFree(void* ptr);
      |            ^~~~~~~
In file included from /mnt/sda2/home/calvin/workspace/strata-validation/toolchains/rocm/lib/python3.10/site-packages/_rocm_sdk_core/include/hip/hip_runtime.h:65,
                 from /home/calvin/workspace/strata-integration-validation/source/include/strata/hip_compat/cuda_runtime.h:12,
                 from <command-line>:
/mnt/sda2/home/calvin/workspace/strata-validation/toolchains/rocm/lib/python3.10/site-packages/_rocm_sdk_core/include/hip/hip_runtime_api.h:419:3: note: ‘hipError_t’ declared here
  419 | } hipError_t;
      |   ^~~~~~~~~~
/home/calvin/workspace/strata-integration-validation/source/src/core/remote_experts.cpp:102:30: warning: ignoring returned value of type ‘hipError_t’, declared with attribute ‘nodiscard’ [-Wunused-result]
  102 |         if (d_meta_) cudaFree(d_meta_);
In file included from /mnt/sda2/home/calvin/workspace/strata-validation/toolchains/rocm/lib/python3.10/site-packages/_rocm_sdk_core/include/hip/hip_runtime.h:65,
                 from /home/calvin/workspace/strata-integration-validation/source/include/strata/hip_compat/cuda_runtime.h:12,
                 from <command-line>:
/mnt/sda2/home/calvin/workspace/strata-validation/toolchains/rocm/lib/python3.10/site-packages/_rocm_sdk_core/include/hip/hip_runtime_api.h:4592:12: note: in call to ‘hipError_t hipFree(void*)’, declared here
 4592 | hipError_t hipFree(void* ptr);
      |            ^~~~~~~
In file included from /mnt/sda2/home/calvin/workspace/strata-validation/toolchains/rocm/lib/python3.10/site-packages/_rocm_sdk_core/include/hip/hip_runtime.h:65,
                 from /home/calvin/workspace/strata-integration-validation/source/include/strata/hip_compat/cuda_runtime.h:12,
                 from <command-line>:
/mnt/sda2/home/calvin/workspace/strata-validation/toolchains/rocm/lib/python3.10/site-packages/_rocm_sdk_core/include/hip/hip_runtime_api.h:419:3: note: ‘hipError_t’ declared here
  419 | } hipError_t;
      |   ^~~~~~~~~~
/home/calvin/workspace/strata-integration-validation/source/src/core/remote_experts.cpp:103:31: warning: ignoring returned value of type ‘hipError_t’, declared with attribute ‘nodiscard’ [-Wunused-result]
  103 |         if (h_x_) cudaFreeHost(h_x_);
In file included from /mnt/sda2/home/calvin/workspace/strata-validation/toolchains/rocm/lib/python3.10/site-packages/_rocm_sdk_core/include/hip/hip_runtime.h:65,
                 from /home/calvin/workspace/strata-integration-validation/source/include/strata/hip_compat/cuda_runtime.h:12,
                 from <command-line>:
/mnt/sda2/home/calvin/workspace/strata-validation/toolchains/rocm/lib/python3.10/site-packages/_rocm_sdk_core/include/hip/hip_runtime_api.h:4604:12: note: in call to ‘hipError_t hipFreeHost(void*)’, declared here
 4604 | hipError_t hipFreeHost(void* ptr);
      |            ^~~~~~~~~~~
In file included from /mnt/sda2/home/calvin/workspace/strata-validation/toolchains/rocm/lib/python3.10/site-packages/_rocm_sdk_core/include/hip/hip_runtime.h:65,
                 from /home/calvin/workspace/strata-integration-validation/source/include/strata/hip_compat/cuda_runtime.h:12,
                 from <command-line>:
/mnt/sda2/home/calvin/workspace/strata-validation/toolchains/rocm/lib/python3.10/site-packages/_rocm_sdk_core/include/hip/hip_runtime_api.h:419:3: note: ‘hipError_t’ declared here
  419 | } hipError_t;
      |   ^~~~~~~~~~
/home/calvin/workspace/strata-integration-validation/source/src/core/remote_experts.cpp:104:33: warning: ignoring returned value of type ‘hipError_t’, declared with attribute ‘nodiscard’ [-Wunused-result]
  104 |         if (h_out_) cudaFreeHost(h_out_);
In file included from /mnt/sda2/home/calvin/workspace/strata-validation/toolchains/rocm/lib/python3.10/site-packages/_rocm_sdk_core/include/hip/hip_runtime.h:65,
                 from /home/calvin/workspace/strata-integration-validation/source/include/strata/hip_compat/cuda_runtime.h:12,
                 from <command-line>:
/mnt/sda2/home/calvin/workspace/strata-validation/toolchains/rocm/lib/python3.10/site-packages/_rocm_sdk_core/include/hip/hip_runtime_api.h:4604:12: note: in call to ‘hipError_t hipFreeHost(void*)’, declared here
 4604 | hipError_t hipFreeHost(void* ptr);
      |            ^~~~~~~~~~~
In file included from /mnt/sda2/home/calvin/workspace/strata-validation/toolchains/rocm/lib/python3.10/site-packages/_rocm_sdk_core/include/hip/hip_runtime.h:65,
                 from /home/calvin/workspace/strata-integration-validation/source/include/strata/hip_compat/cuda_runtime.h:12,
                 from <command-line>:
/mnt/sda2/home/calvin/workspace/strata-validation/toolchains/rocm/lib/python3.10/site-packages/_rocm_sdk_core/include/hip/hip_runtime_api.h:419:3: note: ‘hipError_t’ declared here
  419 | } hipError_t;
      |   ^~~~~~~~~~
/home/calvin/workspace/strata-integration-validation/source/src/core/remote_experts.cpp:105:34: warning: ignoring returned value of type ‘hipError_t’, declared with attribute ‘nodiscard’ [-Wunused-result]
  105 |         if (h_meta_) cudaFreeHost(h_meta_);
In file included from /mnt/sda2/home/calvin/workspace/strata-validation/toolchains/rocm/lib/python3.10/site-packages/_rocm_sdk_core/include/hip/hip_runtime.h:65,
                 from /home/calvin/workspace/strata-integration-validation/source/include/strata/hip_compat/cuda_runtime.h:12,
                 from <command-line>:
/mnt/sda2/home/calvin/workspace/strata-validation/toolchains/rocm/lib/python3.10/site-packages/_rocm_sdk_core/include/hip/hip_runtime_api.h:4604:12: note: in call to ‘hipError_t hipFreeHost(void*)’, declared here
 4604 | hipError_t hipFreeHost(void* ptr);
      |            ^~~~~~~~~~~
In file included from /mnt/sda2/home/calvin/workspace/strata-validation/toolchains/rocm/lib/python3.10/site-packages/_rocm_sdk_core/include/hip/hip_runtime.h:65,
                 from /home/calvin/workspace/strata-integration-validation/source/include/strata/hip_compat/cuda_runtime.h:12,
                 from <command-line>:
/mnt/sda2/home/calvin/workspace/strata-validation/toolchains/rocm/lib/python3.10/site-packages/_rocm_sdk_core/include/hip/hip_runtime_api.h:419:3: note: ‘hipError_t’ declared here
  419 | } hipError_t;
      |   ^~~~~~~~~~
/home/calvin/workspace/strata-integration-validation/source/src/core/remote_experts.cpp:106:39: warning: ignoring returned value of type ‘hipError_t’, declared with attribute ‘nodiscard’ [-Wunused-result]
  106 |         if (stream_) cudaStreamDestroy(stream_);
In file included from /mnt/sda2/home/calvin/workspace/strata-validation/toolchains/rocm/lib/python3.10/site-packages/_rocm_sdk_core/include/hip/hip_runtime.h:65,
                 from /home/calvin/workspace/strata-integration-validation/source/include/strata/hip_compat/cuda_runtime.h:12,
                 from <command-line>:
/mnt/sda2/home/calvin/workspace/strata-validation/toolchains/rocm/lib/python3.10/site-packages/_rocm_sdk_core/include/hip/hip_runtime_api.h:2885:12: note: in call to ‘hipError_t hipStreamDestroy(hipStream_t)’, declared here
 2885 | hipError_t hipStreamDestroy(hipStream_t stream);
      |            ^~~~~~~~~~~~~~~~
In file included from /mnt/sda2/home/calvin/workspace/strata-validation/toolchains/rocm/lib/python3.10/site-packages/_rocm_sdk_core/include/hip/hip_runtime.h:65,
                 from /home/calvin/workspace/strata-integration-validation/source/include/strata/hip_compat/cuda_runtime.h:12,
                 from <command-line>:
/mnt/sda2/home/calvin/workspace/strata-validation/toolchains/rocm/lib/python3.10/site-packages/_rocm_sdk_core/include/hip/hip_runtime_api.h:419:3: note: ‘hipError_t’ declared here
  419 | } hipError_t;
      |   ^~~~~~~~~~
/home/calvin/workspace/strata-integration-validation/source/src/core/remote_experts.cpp: In member function ‘bool strata::core::RemoteExperts::open(int, int, int64_t, int64_t, const std::vector<std::pair<int, int> >&, const strata::core::ExpertCache&, strata::core::ExpertSource&, std::vector<unsigned char>&, std::string&, bool)’:
/home/calvin/workspace/strata-integration-validation/source/src/core/remote_experts.cpp:213:21: warning: ignoring returned value of type ‘hipError_t’, declared with attribute ‘nodiscard’ [-Wunused-result]
  213 |     cudaGetLastError();
In file included from /mnt/sda2/home/calvin/workspace/strata-validation/toolchains/rocm/lib/python3.10/site-packages/_rocm_sdk_core/include/hip/hip_runtime.h:65,
                 from /home/calvin/workspace/strata-integration-validation/source/include/strata/hip_compat/cuda_runtime.h:12,
                 from <command-line>:
/mnt/sda2/home/calvin/workspace/strata-validation/toolchains/rocm/lib/python3.10/site-packages/_rocm_sdk_core/include/hip/hip_runtime_api.h:2708:12: note: in call to ‘hipError_t hipGetLastError()’, declared here
 2708 | hipError_t hipGetLastError(void);
      |            ^~~~~~~~~~~~~~~
In file included from /mnt/sda2/home/calvin/workspace/strata-validation/toolchains/rocm/lib/python3.10/site-packages/_rocm_sdk_core/include/hip/hip_runtime.h:65,
                 from /home/calvin/workspace/strata-integration-validation/source/include/strata/hip_compat/cuda_runtime.h:12,
                 from <command-line>:
/mnt/sda2/home/calvin/workspace/strata-validation/toolchains/rocm/lib/python3.10/site-packages/_rocm_sdk_core/include/hip/hip_runtime_api.h:419:3: note: ‘hipError_t’ declared here
  419 | } hipError_t;
      |   ^~~~~~~~~~
[3/13] Building HIP object CMakeFiles/strata_engine.dir/src/core/remote_expert_opt.cu.o
In file included from /home/calvin/workspace/strata-integration-validation/source/src/core/remote_expert_opt.cu:2:
In file included from /home/calvin/workspace/strata-integration-validation/source/include/strata/core/remote_experts.hpp:4:
/home/calvin/workspace/strata-integration-validation/source/include/strata/core/expert_source.hpp:833:13: warning: 'reads' overrides a member function but is not marked 'override' [-Winconsistent-missing-override]
  833 |     int64_t reads() const { return reads_; }
      |             ^
/home/calvin/workspace/strata-integration-validation/source/include/strata/core/expert_source.hpp:151:21: note: overridden virtual function is here
  151 |     virtual int64_t reads() const { return 0; }
      |                     ^
In file included from /home/calvin/workspace/strata-integration-validation/source/src/core/remote_expert_opt.cu:3:
/home/calvin/workspace/strata-integration-validation/source/include/strata/core/on_device.hpp:17:38: warning: ignoring return value of type 'hipError_t' declared with 'nodiscard' attribute [-Wunused-value]
   17 |     ~OnDevice() { if (previous >= 0) cudaSetDevice(previous); }
      |                                      ^~~~~~~~~~~~~~~~~~~~~~~
/home/calvin/workspace/strata-integration-validation/source/include/strata/hip_compat/cuda_runtime.h:108:23: note: expanded from macro 'cudaSetDevice'
  108 | #define cudaSetDevice hipSetDevice
      |                       ^
/home/calvin/workspace/strata-integration-validation/source/src/core/remote_expert_opt.cu:74:32: warning: ignoring return value of type 'hipError_t' declared with 'nodiscard' attribute [-Wunused-value]
   74 |         if (p.remote->stream_) cudaStreamSynchronize(p.remote->stream_);
      |                                ^~~~~~~~~~~~~~~~~~~~~~~~~~~~~~~~~~~~~~~~
/home/calvin/workspace/strata-integration-validation/source/include/strata/hip_compat/cuda_runtime.h:120:31: note: expanded from macro 'cudaStreamSynchronize'
  120 | #define cudaStreamSynchronize hipStreamSynchronize
      |                               ^
/home/calvin/workspace/strata-integration-validation/source/src/core/remote_expert_opt.cu:75:20: warning: ignoring return value of type 'hipError_t' declared with 'nodiscard' attribute [-Wunused-value]
   75 |         if (p.sum) cudaFree(p.sum);
      |                    ^~~~~~~~~~~~~~~
/home/calvin/workspace/strata-integration-validation/source/include/strata/hip_compat/cuda_runtime.h:45:18: note: expanded from macro 'cudaFree'
   45 | #define cudaFree hipFree
      |                  ^
/home/calvin/workspace/strata-integration-validation/source/src/core/remote_expert_opt.cu:78:17: warning: ignoring return value of type 'hipError_t' declared with 'nodiscard' attribute [-Wunused-value]
   78 |     if (h_sum_) cudaFreeHost(h_sum_);
      |                 ^~~~~~~~~~~~~~~~~~~~
/home/calvin/workspace/strata-integration-validation/source/include/strata/hip_compat/cuda_runtime.h:49:22: note: expanded from macro 'cudaFreeHost'
   49 | #define cudaFreeHost hipFreeHost
      |                      ^
5 warnings generated when compiling for gfx1100.
In file included from /home/calvin/workspace/strata-integration-validation/source/src/core/remote_expert_opt.cu:2:
In file included from /home/calvin/workspace/strata-integration-validation/source/include/strata/core/remote_experts.hpp:4:
/home/calvin/workspace/strata-integration-validation/source/include/strata/core/expert_source.hpp:833:13: warning: 'reads' overrides a member function but is not marked 'override' [-Winconsistent-missing-override]
  833 |     int64_t reads() const { return reads_; }
      |             ^
/home/calvin/workspace/strata-integration-validation/source/include/strata/core/expert_source.hpp:151:21: note: overridden virtual function is here
  151 |     virtual int64_t reads() const { return 0; }
      |                     ^
In file included from /home/calvin/workspace/strata-integration-validation/source/src/core/remote_expert_opt.cu:3:
/home/calvin/workspace/strata-integration-validation/source/include/strata/core/on_device.hpp:17:38: warning: ignoring return value of type 'hipError_t' declared with 'nodiscard' attribute [-Wunused-value]
   17 |     ~OnDevice() { if (previous >= 0) cudaSetDevice(previous); }
      |                                      ^~~~~~~~~~~~~~~~~~~~~~~
/home/calvin/workspace/strata-integration-validation/source/include/strata/hip_compat/cuda_runtime.h:108:23: note: expanded from macro 'cudaSetDevice'
  108 | #define cudaSetDevice hipSetDevice
      |                       ^
/home/calvin/workspace/strata-integration-validation/source/src/core/remote_expert_opt.cu:74:32: warning: ignoring return value of type 'hipError_t' declared with 'nodiscard' attribute [-Wunused-value]
   74 |         if (p.remote->stream_) cudaStreamSynchronize(p.remote->stream_);
      |                                ^~~~~~~~~~~~~~~~~~~~~~~~~~~~~~~~~~~~~~~~
/home/calvin/workspace/strata-integration-validation/source/include/strata/hip_compat/cuda_runtime.h:120:31: note: expanded from macro 'cudaStreamSynchronize'
  120 | #define cudaStreamSynchronize hipStreamSynchronize
      |                               ^
/home/calvin/workspace/strata-integration-validation/source/src/core/remote_expert_opt.cu:75:20: warning: ignoring return value of type 'hipError_t' declared with 'nodiscard' attribute [-Wunused-value]
   75 |         if (p.sum) cudaFree(p.sum);
      |                    ^~~~~~~~~~~~~~~
/home/calvin/workspace/strata-integration-validation/source/include/strata/hip_compat/cuda_runtime.h:45:18: note: expanded from macro 'cudaFree'
   45 | #define cudaFree hipFree
      |                  ^
/home/calvin/workspace/strata-integration-validation/source/src/core/remote_expert_opt.cu:78:17: warning: ignoring return value of type 'hipError_t' declared with 'nodiscard' attribute [-Wunused-value]
   78 |     if (h_sum_) cudaFreeHost(h_sum_);
      |                 ^~~~~~~~~~~~~~~~~~~~
/home/calvin/workspace/strata-integration-validation/source/include/strata/hip_compat/cuda_runtime.h:49:22: note: expanded from macro 'cudaFreeHost'
   49 | #define cudaFreeHost hipFreeHost
      |                      ^
5 warnings generated when compiling for host.
[4/13] Building CXX object CMakeFiles/strata_engine.dir/src/core/expert_cache.cpp.o
/home/calvin/workspace/strata-integration-validation/source/src/core/expert_cache.cpp: In function ‘size_t strata::core::device_free_bytes()’:
/home/calvin/workspace/strata-integration-validation/source/src/core/expert_cache.cpp:33:19: warning: ignoring returned value of type ‘hipError_t’, declared with attribute ‘nodiscard’ [-Wunused-result]
   33 |     cudaMemGetInfo(&free_b, &total_b);
In file included from /mnt/sda2/home/calvin/workspace/strata-validation/toolchains/rocm/lib/python3.10/site-packages/_rocm_sdk_core/include/hip/hip_runtime.h:65,
                 from /home/calvin/workspace/strata-integration-validation/source/include/strata/hip_compat/cuda_runtime.h:12,
                 from <command-line>:
/mnt/sda2/home/calvin/workspace/strata-validation/toolchains/rocm/lib/python3.10/site-packages/_rocm_sdk_core/include/hip/hip_runtime_api.h:5303:12: note: in call to ‘hipError_t hipMemGetInfo(size_t*, size_t*)’, declared here
 5303 | hipError_t hipMemGetInfo(size_t* free, size_t* total);
      |            ^~~~~~~~~~~~~
In file included from /mnt/sda2/home/calvin/workspace/strata-validation/toolchains/rocm/lib/python3.10/site-packages/_rocm_sdk_core/include/hip/hip_runtime.h:65,
                 from /home/calvin/workspace/strata-integration-validation/source/include/strata/hip_compat/cuda_runtime.h:12,
                 from <command-line>:
/mnt/sda2/home/calvin/workspace/strata-validation/toolchains/rocm/lib/python3.10/site-packages/_rocm_sdk_core/include/hip/hip_runtime_api.h:419:3: note: ‘hipError_t’ declared here
  419 | } hipError_t;
      |   ^~~~~~~~~~
[5/13] Building CXX object CMakeFiles/strata_engine.dir/src/core/verify.cpp.o
In file included from /home/calvin/workspace/strata-integration-validation/source/src/core/verify.cpp:13:
/home/calvin/workspace/strata-integration-validation/source/include/strata/core/on_device.hpp: In destructor ‘strata::core::OnDevice::~OnDevice()’:
/home/calvin/workspace/strata-integration-validation/source/include/strata/core/on_device.hpp:17:51: warning: ignoring returned value of type ‘hipError_t’, declared with attribute ‘nodiscard’ [-Wunused-result]
   17 |     ~OnDevice() { if (previous >= 0) cudaSetDevice(previous); }
In file included from /mnt/sda2/home/calvin/workspace/strata-validation/toolchains/rocm/lib/python3.10/site-packages/_rocm_sdk_core/include/hip/hip_runtime.h:65,
                 from /home/calvin/workspace/strata-integration-validation/source/include/strata/hip_compat/cuda_runtime.h:12,
                 from <command-line>:
/mnt/sda2/home/calvin/workspace/strata-validation/toolchains/rocm/lib/python3.10/site-packages/_rocm_sdk_core/include/hip/hip_runtime_api.h:2233:12: note: in call to ‘hipError_t hipSetDevice(int)’, declared here
 2233 | hipError_t hipSetDevice(int deviceId);
      |            ^~~~~~~~~~~~
In file included from /mnt/sda2/home/calvin/workspace/strata-validation/toolchains/rocm/lib/python3.10/site-packages/_rocm_sdk_core/include/hip/hip_runtime.h:65,
                 from /home/calvin/workspace/strata-integration-validation/source/include/strata/hip_compat/cuda_runtime.h:12,
                 from <command-line>:
/mnt/sda2/home/calvin/workspace/strata-validation/toolchains/rocm/lib/python3.10/site-packages/_rocm_sdk_core/include/hip/hip_runtime_api.h:419:3: note: ‘hipError_t’ declared here
  419 | } hipError_t;
      |   ^~~~~~~~~~
/home/calvin/workspace/strata-integration-validation/source/src/core/verify.cpp: In member function ‘long long unsigned int* strata::core::{anonymous}::RouteResidentCfg::stats()’:
/home/calvin/workspace/strata-integration-validation/source/src/core/verify.cpp:78:23: warning: ignoring returned value of type ‘hipError_t’, declared with attribute ‘nodiscard’ [-Wunused-result]
   78 |             cudaMalloc((void**) &d_stats, 8 * sizeof(unsigned long long));
In file included from /mnt/sda2/home/calvin/workspace/strata-validation/toolchains/rocm/lib/python3.10/site-packages/_rocm_sdk_core/include/hip/hip_runtime.h:65,
                 from /home/calvin/workspace/strata-integration-validation/source/include/strata/hip_compat/cuda_runtime.h:12,
                 from <command-line>:
/mnt/sda2/home/calvin/workspace/strata-validation/toolchains/rocm/lib/python3.10/site-packages/_rocm_sdk_core/include/hip/hip_runtime_api.h:3756:12: note: in call to ‘hipError_t hipMalloc(void**, size_t)’, declared here
 3756 | hipError_t hipMalloc(void** ptr, size_t size);
      |            ^~~~~~~~~
In file included from /mnt/sda2/home/calvin/workspace/strata-validation/toolchains/rocm/lib/python3.10/site-packages/_rocm_sdk_core/include/hip/hip_runtime.h:65,
                 from /home/calvin/workspace/strata-integration-validation/source/include/strata/hip_compat/cuda_runtime.h:12,
                 from <command-line>:
/mnt/sda2/home/calvin/workspace/strata-validation/toolchains/rocm/lib/python3.10/site-packages/_rocm_sdk_core/include/hip/hip_runtime_api.h:419:3: note: ‘hipError_t’ declared here
  419 | } hipError_t;
      |   ^~~~~~~~~~
/home/calvin/workspace/strata-integration-validation/source/src/core/verify.cpp:79:23: warning: ignoring returned value of type ‘hipError_t’, declared with attribute ‘nodiscard’ [-Wunused-result]
   79 |             cudaMemset(d_stats, 0, 8 * sizeof(unsigned long long));
In file included from /mnt/sda2/home/calvin/workspace/strata-validation/toolchains/rocm/lib/python3.10/site-packages/_rocm_sdk_core/include/hip/hip_runtime.h:65,
                 from /home/calvin/workspace/strata-integration-validation/source/include/strata/hip_compat/cuda_runtime.h:12,
                 from <command-line>:
/mnt/sda2/home/calvin/workspace/strata-validation/toolchains/rocm/lib/python3.10/site-packages/_rocm_sdk_core/include/hip/hip_runtime_api.h:5061:12: note: in call to ‘hipError_t hipMemset(void*, int, size_t)’, declared here
 5061 | hipError_t hipMemset(void* dst, int value, size_t sizeBytes);
      |            ^~~~~~~~~
In file included from /mnt/sda2/home/calvin/workspace/strata-validation/toolchains/rocm/lib/python3.10/site-packages/_rocm_sdk_core/include/hip/hip_runtime.h:65,
                 from /home/calvin/workspace/strata-integration-validation/source/include/strata/hip_compat/cuda_runtime.h:12,
                 from <command-line>:
/mnt/sda2/home/calvin/workspace/strata-validation/toolchains/rocm/lib/python3.10/site-packages/_rocm_sdk_core/include/hip/hip_runtime_api.h:419:3: note: ‘hipError_t’ declared here
  419 | } hipError_t;
      |   ^~~~~~~~~~
/home/calvin/workspace/strata-integration-validation/source/src/core/verify.cpp: In lambda function:
/home/calvin/workspace/strata-integration-validation/source/src/core/verify.cpp:83:38: warning: ignoring returned value of type ‘hipError_t’, declared with attribute ‘nodiscard’ [-Wunused-result]
   83 |                 cudaDeviceSynchronize();
In file included from /mnt/sda2/home/calvin/workspace/strata-validation/toolchains/rocm/lib/python3.10/site-packages/_rocm_sdk_core/include/hip/hip_runtime.h:65,
                 from /home/calvin/workspace/strata-integration-validation/source/include/strata/hip_compat/cuda_runtime.h:12,
                 from <command-line>:
/mnt/sda2/home/calvin/workspace/strata-validation/toolchains/rocm/lib/python3.10/site-packages/_rocm_sdk_core/include/hip/hip_runtime_api.h:2189:12: note: in call to ‘hipError_t hipDeviceSynchronize()’, declared here
 2189 | hipError_t hipDeviceSynchronize(void);
      |            ^~~~~~~~~~~~~~~~~~~~
In file included from /mnt/sda2/home/calvin/workspace/strata-validation/toolchains/rocm/lib/python3.10/site-packages/_rocm_sdk_core/include/hip/hip_runtime.h:65,
                 from /home/calvin/workspace/strata-integration-validation/source/include/strata/hip_compat/cuda_runtime.h:12,
                 from <command-line>:
/mnt/sda2/home/calvin/workspace/strata-validation/toolchains/rocm/lib/python3.10/site-packages/_rocm_sdk_core/include/hip/hip_runtime_api.h:419:3: note: ‘hipError_t’ declared here
  419 | } hipError_t;
      |   ^~~~~~~~~~
/home/calvin/workspace/strata-integration-validation/source/src/core/verify.cpp:84:27: warning: ignoring returned value of type ‘hipError_t’, declared with attribute ‘nodiscard’ [-Wunused-result]
   84 |                 cudaMemcpy(h, c.d_stats, sizeof(h), cudaMemcpyDeviceToHost);
In file included from /mnt/sda2/home/calvin/workspace/strata-validation/toolchains/rocm/lib/python3.10/site-packages/_rocm_sdk_core/include/hip/hip_runtime.h:65,
                 from /home/calvin/workspace/strata-integration-validation/source/include/strata/hip_compat/cuda_runtime.h:12,
                 from <command-line>:
/mnt/sda2/home/calvin/workspace/strata-validation/toolchains/rocm/lib/python3.10/site-packages/_rocm_sdk_core/include/hip/hip_runtime_api.h:4651:12: note: in call to ‘hipError_t hipMemcpy(void*, const void*, size_t, hipMemcpyKind)’, declared here
 4651 | hipError_t hipMemcpy(void* dst, const void* src, size_t sizeBytes, hipMemcpyKind kind);
      |            ^~~~~~~~~
In file included from /mnt/sda2/home/calvin/workspace/strata-validation/toolchains/rocm/lib/python3.10/site-packages/_rocm_sdk_core/include/hip/hip_runtime.h:65,
                 from /home/calvin/workspace/strata-integration-validation/source/include/strata/hip_compat/cuda_runtime.h:12,
                 from <command-line>:
/mnt/sda2/home/calvin/workspace/strata-validation/toolchains/rocm/lib/python3.10/site-packages/_rocm_sdk_core/include/hip/hip_runtime_api.h:419:3: note: ‘hipError_t’ declared here
  419 | } hipError_t;
      |   ^~~~~~~~~~
/home/calvin/workspace/strata-integration-validation/source/src/core/verify.cpp: In destructor ‘strata::core::Verifier::~Verifier()’:
/home/calvin/workspace/strata-integration-validation/source/src/core/verify.cpp:378:35: warning: ignoring returned value of type ‘hipError_t’, declared with attribute ‘nodiscard’ [-Wunused-result]
  378 |     if (cs_) cudaStreamSynchronize(cs_);
In file included from /mnt/sda2/home/calvin/workspace/strata-validation/toolchains/rocm/lib/python3.10/site-packages/_rocm_sdk_core/include/hip/hip_runtime.h:65,
                 from /home/calvin/workspace/strata-integration-validation/source/include/strata/hip_compat/cuda_runtime.h:12,
                 from <command-line>:
/mnt/sda2/home/calvin/workspace/strata-validation/toolchains/rocm/lib/python3.10/site-packages/_rocm_sdk_core/include/hip/hip_runtime_api.h:2923:12: note: in call to ‘hipError_t hipStreamSynchronize(hipStream_t)’, declared here
 2923 | hipError_t hipStreamSynchronize(hipStream_t stream);
      |            ^~~~~~~~~~~~~~~~~~~~
In file included from /mnt/sda2/home/calvin/workspace/strata-validation/toolchains/rocm/lib/python3.10/site-packages/_rocm_sdk_core/include/hip/hip_runtime.h:65,
                 from /home/calvin/workspace/strata-integration-validation/source/include/strata/hip_compat/cuda_runtime.h:12,
                 from <command-line>:
/mnt/sda2/home/calvin/workspace/strata-validation/toolchains/rocm/lib/python3.10/site-packages/_rocm_sdk_core/include/hip/hip_runtime_api.h:419:3: note: ‘hipError_t’ declared here
  419 | } hipError_t;
      |   ^~~~~~~~~~
/home/calvin/workspace/strata-integration-validation/source/src/core/verify.cpp:379:38: warning: ignoring returned value of type ‘hipError_t’, declared with attribute ‘nodiscard’ [-Wunused-result]
  379 |     if (sh_cs_) cudaStreamSynchronize(sh_cs_);
In file included from /mnt/sda2/home/calvin/workspace/strata-validation/toolchains/rocm/lib/python3.10/site-packages/_rocm_sdk_core/include/hip/hip_runtime.h:65,
                 from /home/calvin/workspace/strata-integration-validation/source/include/strata/hip_compat/cuda_runtime.h:12,
                 from <command-line>:
/mnt/sda2/home/calvin/workspace/strata-validation/toolchains/rocm/lib/python3.10/site-packages/_rocm_sdk_core/include/hip/hip_runtime_api.h:2923:12: note: in call to ‘hipError_t hipStreamSynchronize(hipStream_t)’, declared here
 2923 | hipError_t hipStreamSynchronize(hipStream_t stream);
      |            ^~~~~~~~~~~~~~~~~~~~
In file included from /mnt/sda2/home/calvin/workspace/strata-validation/toolchains/rocm/lib/python3.10/site-packages/_rocm_sdk_core/include/hip/hip_runtime.h:65,
                 from /home/calvin/workspace/strata-integration-validation/source/include/strata/hip_compat/cuda_runtime.h:12,
                 from <command-line>:
/mnt/sda2/home/calvin/workspace/strata-validation/toolchains/rocm/lib/python3.10/site-packages/_rocm_sdk_core/include/hip/hip_runtime_api.h:419:3: note: ‘hipError_t’ declared here
  419 | } hipError_t;
      |   ^~~~~~~~~~
/home/calvin/workspace/strata-integration-validation/source/src/core/verify.cpp:381:36: warning: ignoring returned value of type ‘hipError_t’, declared with attribute ‘nodiscard’ [-Wunused-result]
  381 |         if (e) cudaGraphExecDestroy(e);
In file included from /mnt/sda2/home/calvin/workspace/strata-validation/toolchains/rocm/lib/python3.10/site-packages/_rocm_sdk_core/include/hip/hip_runtime.h:65,
                 from /home/calvin/workspace/strata-integration-validation/source/include/strata/hip_compat/cuda_runtime.h:12,
                 from <command-line>:
/mnt/sda2/home/calvin/workspace/strata-validation/toolchains/rocm/lib/python3.10/site-packages/_rocm_sdk_core/include/hip/hip_runtime_api.h:8347:12: note: in call to ‘hipError_t hipGraphExecDestroy(hipGraphExec_t)’, declared here
 8347 | hipError_t hipGraphExecDestroy(hipGraphExec_t graphExec);
      |            ^~~~~~~~~~~~~~~~~~~
In file included from /mnt/sda2/home/calvin/workspace/strata-validation/toolchains/rocm/lib/python3.10/site-packages/_rocm_sdk_core/include/hip/hip_runtime.h:65,
                 from /home/calvin/workspace/strata-integration-validation/source/include/strata/hip_compat/cuda_runtime.h:12,
                 from <command-line>:
/mnt/sda2/home/calvin/workspace/strata-validation/toolchains/rocm/lib/python3.10/site-packages/_rocm_sdk_core/include/hip/hip_runtime_api.h:419:3: note: ‘hipError_t’ declared here
  419 | } hipError_t;
      |   ^~~~~~~~~~
/home/calvin/workspace/strata-integration-validation/source/src/core/verify.cpp:383:36: warning: ignoring returned value of type ‘hipError_t’, declared with attribute ‘nodiscard’ [-Wunused-result]
  383 |         if (e) cudaGraphExecDestroy(e);
In file included from /mnt/sda2/home/calvin/workspace/strata-validation/toolchains/rocm/lib/python3.10/site-packages/_rocm_sdk_core/include/hip/hip_runtime.h:65,
                 from /home/calvin/workspace/strata-integration-validation/source/include/strata/hip_compat/cuda_runtime.h:12,
                 from <command-line>:
/mnt/sda2/home/calvin/workspace/strata-validation/toolchains/rocm/lib/python3.10/site-packages/_rocm_sdk_core/include/hip/hip_runtime_api.h:8347:12: note: in call to ‘hipError_t hipGraphExecDestroy(hipGraphExec_t)’, declared here
 8347 | hipError_t hipGraphExecDestroy(hipGraphExec_t graphExec);
      |            ^~~~~~~~~~~~~~~~~~~
In file included from /mnt/sda2/home/calvin/workspace/strata-validation/toolchains/rocm/lib/python3.10/site-packages/_rocm_sdk_core/include/hip/hip_runtime.h:65,
                 from /home/calvin/workspace/strata-integration-validation/source/include/strata/hip_compat/cuda_runtime.h:12,
                 from <command-line>:
/mnt/sda2/home/calvin/workspace/strata-validation/toolchains/rocm/lib/python3.10/site-packages/_rocm_sdk_core/include/hip/hip_runtime_api.h:419:3: note: ‘hipError_t’ declared here
  419 | } hipError_t;
      |   ^~~~~~~~~~
/home/calvin/workspace/strata-integration-validation/source/src/core/verify.cpp:384:43: warning: ignoring returned value of type ‘hipError_t’, declared with attribute ‘nodiscard’ [-Wunused-result]
  384 |     if (commit_exec_) cudaGraphExecDestroy(commit_exec_);
In file included from /mnt/sda2/home/calvin/workspace/strata-validation/toolchains/rocm/lib/python3.10/site-packages/_rocm_sdk_core/include/hip/hip_runtime.h:65,
                 from /home/calvin/workspace/strata-integration-validation/source/include/strata/hip_compat/cuda_runtime.h:12,
                 from <command-line>:
/mnt/sda2/home/calvin/workspace/strata-validation/toolchains/rocm/lib/python3.10/site-packages/_rocm_sdk_core/include/hip/hip_runtime_api.h:8347:12: note: in call to ‘hipError_t hipGraphExecDestroy(hipGraphExec_t)’, declared here
 8347 | hipError_t hipGraphExecDestroy(hipGraphExec_t graphExec);
      |            ^~~~~~~~~~~~~~~~~~~
In file included from /mnt/sda2/home/calvin/workspace/strata-validation/toolchains/rocm/lib/python3.10/site-packages/_rocm_sdk_core/include/hip/hip_runtime.h:65,
                 from /home/calvin/workspace/strata-integration-validation/source/include/strata/hip_compat/cuda_runtime.h:12,
                 from <command-line>:
/mnt/sda2/home/calvin/workspace/strata-validation/toolchains/rocm/lib/python3.10/site-packages/_rocm_sdk_core/include/hip/hip_runtime_api.h:419:3: note: ‘hipError_t’ declared here
  419 | } hipError_t;
      |   ^~~~~~~~~~
/home/calvin/workspace/strata-integration-validation/source/src/core/verify.cpp:386:44: warning: ignoring returned value of type ‘hipError_t’, declared with attribute ‘nodiscard’ [-Wunused-result]
  386 |         if (kv.second) cudaGraphExecDestroy(kv.second);
In file included from /mnt/sda2/home/calvin/workspace/strata-validation/toolchains/rocm/lib/python3.10/site-packages/_rocm_sdk_core/include/hip/hip_runtime.h:65,
                 from /home/calvin/workspace/strata-integration-validation/source/include/strata/hip_compat/cuda_runtime.h:12,
                 from <command-line>:
/mnt/sda2/home/calvin/workspace/strata-validation/toolchains/rocm/lib/python3.10/site-packages/_rocm_sdk_core/include/hip/hip_runtime_api.h:8347:12: note: in call to ‘hipError_t hipGraphExecDestroy(hipGraphExec_t)’, declared here
 8347 | hipError_t hipGraphExecDestroy(hipGraphExec_t graphExec);
      |            ^~~~~~~~~~~~~~~~~~~
In file included from /mnt/sda2/home/calvin/workspace/strata-validation/toolchains/rocm/lib/python3.10/site-packages/_rocm_sdk_core/include/hip/hip_runtime.h:65,
                 from /home/calvin/workspace/strata-integration-validation/source/include/strata/hip_compat/cuda_runtime.h:12,
                 from <command-line>:
/mnt/sda2/home/calvin/workspace/strata-validation/toolchains/rocm/lib/python3.10/site-packages/_rocm_sdk_core/include/hip/hip_runtime_api.h:419:3: note: ‘hipError_t’ declared here
  419 | } hipError_t;
      |   ^~~~~~~~~~
/home/calvin/workspace/strata-integration-validation/source/src/core/verify.cpp:388:44: warning: ignoring returned value of type ‘hipError_t’, declared with attribute ‘nodiscard’ [-Wunused-result]
  388 |         if (kv.second) cudaGraphExecDestroy(kv.second);
In file included from /mnt/sda2/home/calvin/workspace/strata-validation/toolchains/rocm/lib/python3.10/site-packages/_rocm_sdk_core/include/hip/hip_runtime.h:65,
                 from /home/calvin/workspace/strata-integration-validation/source/include/strata/hip_compat/cuda_runtime.h:12,
                 from <command-line>:
/mnt/sda2/home/calvin/workspace/strata-validation/toolchains/rocm/lib/python3.10/site-packages/_rocm_sdk_core/include/hip/hip_runtime_api.h:8347:12: note: in call to ‘hipError_t hipGraphExecDestroy(hipGraphExec_t)’, declared here
 8347 | hipError_t hipGraphExecDestroy(hipGraphExec_t graphExec);
      |            ^~~~~~~~~~~~~~~~~~~
In file included from /mnt/sda2/home/calvin/workspace/strata-validation/toolchains/rocm/lib/python3.10/site-packages/_rocm_sdk_core/include/hip/hip_runtime.h:65,
                 from /home/calvin/workspace/strata-integration-validation/source/include/strata/hip_compat/cuda_runtime.h:12,
                 from <command-line>:
/mnt/sda2/home/calvin/workspace/strata-validation/toolchains/rocm/lib/python3.10/site-packages/_rocm_sdk_core/include/hip/hip_runtime_api.h:419:3: note: ‘hipError_t’ declared here
  419 | } hipError_t;
      |   ^~~~~~~~~~
/home/calvin/workspace/strata-integration-validation/source/src/core/verify.cpp:389:27: warning: ignoring returned value of type ‘hipError_t’, declared with attribute ‘nodiscard’ [-Wunused-result]
  389 |     if (arena_b_) cudaFree(arena_b_);
In file included from /mnt/sda2/home/calvin/workspace/strata-validation/toolchains/rocm/lib/python3.10/site-packages/_rocm_sdk_core/include/hip/hip_runtime.h:65,
                 from /home/calvin/workspace/strata-integration-validation/source/include/strata/hip_compat/cuda_runtime.h:12,
                 from <command-line>:
/mnt/sda2/home/calvin/workspace/strata-validation/toolchains/rocm/lib/python3.10/site-packages/_rocm_sdk_core/include/hip/hip_runtime_api.h:4592:12: note: in call to ‘hipError_t hipFree(void*)’, declared here
 4592 | hipError_t hipFree(void* ptr);
      |            ^~~~~~~
In file included from /mnt/sda2/home/calvin/workspace/strata-validation/toolchains/rocm/lib/python3.10/site-packages/_rocm_sdk_core/include/hip/hip_runtime.h:65,
                 from /home/calvin/workspace/strata-integration-validation/source/include/strata/hip_compat/cuda_runtime.h:12,
                 from <command-line>:
/mnt/sda2/home/calvin/workspace/strata-validation/toolchains/rocm/lib/python3.10/site-packages/_rocm_sdk_core/include/hip/hip_runtime_api.h:419:3: note: ‘hipError_t’ declared here
  419 | } hipError_t;
      |   ^~~~~~~~~~
/home/calvin/workspace/strata-integration-validation/source/src/core/verify.cpp:390:33: warning: ignoring returned value of type ‘hipError_t’, declared with attribute ‘nodiscard’ [-Wunused-result]
  390 |     if (h_commitb_) cudaFreeHost(h_commitb_);
In file included from /mnt/sda2/home/calvin/workspace/strata-validation/toolchains/rocm/lib/python3.10/site-packages/_rocm_sdk_core/include/hip/hip_runtime.h:65,
                 from /home/calvin/workspace/strata-integration-validation/source/include/strata/hip_compat/cuda_runtime.h:12,
                 from <command-line>:
/mnt/sda2/home/calvin/workspace/strata-validation/toolchains/rocm/lib/python3.10/site-packages/_rocm_sdk_core/include/hip/hip_runtime_api.h:4604:12: note: in call to ‘hipError_t hipFreeHost(void*)’, declared here
 4604 | hipError_t hipFreeHost(void* ptr);
      |            ^~~~~~~~~~~
In file included from /mnt/sda2/home/calvin/workspace/strata-validation/toolchains/rocm/lib/python3.10/site-packages/_rocm_sdk_core/include/hip/hip_runtime.h:65,
                 from /home/calvin/workspace/strata-integration-validation/source/include/strata/hip_compat/cuda_runtime.h:12,
                 from <command-line>:
/mnt/sda2/home/calvin/workspace/strata-validation/toolchains/rocm/lib/python3.10/site-packages/_rocm_sdk_core/include/hip/hip_runtime_api.h:419:3: note: ‘hipError_t’ declared here
  419 | } hipError_t;
      |   ^~~~~~~~~~
/home/calvin/workspace/strata-integration-validation/source/src/core/verify.cpp:391:24: warning: ignoring returned value of type ‘hipError_t’, declared with attribute ‘nodiscard’ [-Wunused-result]
  391 |     if (qcnt_) cudaFree(qcnt_);
In file included from /mnt/sda2/home/calvin/workspace/strata-validation/toolchains/rocm/lib/python3.10/site-packages/_rocm_sdk_core/include/hip/hip_runtime.h:65,
                 from /home/calvin/workspace/strata-integration-validation/source/include/strata/hip_compat/cuda_runtime.h:12,
                 from <command-line>:
/mnt/sda2/home/calvin/workspace/strata-validation/toolchains/rocm/lib/python3.10/site-packages/_rocm_sdk_core/include/hip/hip_runtime_api.h:4592:12: note: in call to ‘hipError_t hipFree(void*)’, declared here
 4592 | hipError_t hipFree(void* ptr);
      |            ^~~~~~~
In file included from /mnt/sda2/home/calvin/workspace/strata-validation/toolchains/rocm/lib/python3.10/site-packages/_rocm_sdk_core/include/hip/hip_runtime.h:65,
                 from /home/calvin/workspace/strata-integration-validation/source/include/strata/hip_compat/cuda_runtime.h:12,
                 from <command-line>:
/mnt/sda2/home/calvin/workspace/strata-validation/toolchains/rocm/lib/python3.10/site-packages/_rocm_sdk_core/include/hip/hip_runtime_api.h:419:3: note: ‘hipError_t’ declared here
  419 | } hipError_t;
      |   ^~~~~~~~~~
/home/calvin/workspace/strata-integration-validation/source/src/core/verify.cpp:392:26: warning: ignoring returned value of type ‘hipError_t’, declared with attribute ‘nodiscard’ [-Wunused-result]
  392 |     if (d_spec_) cudaFree(d_spec_);
In file included from /mnt/sda2/home/calvin/workspace/strata-validation/toolchains/rocm/lib/python3.10/site-packages/_rocm_sdk_core/include/hip/hip_runtime.h:65,
                 from /home/calvin/workspace/strata-integration-validation/source/include/strata/hip_compat/cuda_runtime.h:12,
                 from <command-line>:
/mnt/sda2/home/calvin/workspace/strata-validation/toolchains/rocm/lib/python3.10/site-packages/_rocm_sdk_core/include/hip/hip_runtime_api.h:4592:12: note: in call to ‘hipError_t hipFree(void*)’, declared here
 4592 | hipError_t hipFree(void* ptr);
      |            ^~~~~~~
In file included from /mnt/sda2/home/calvin/workspace/strata-validation/toolchains/rocm/lib/python3.10/site-packages/_rocm_sdk_core/include/hip/hip_runtime.h:65,
                 from /home/calvin/workspace/strata-integration-validation/source/include/strata/hip_compat/cuda_runtime.h:12,
                 from <command-line>:
/mnt/sda2/home/calvin/workspace/strata-validation/toolchains/rocm/lib/python3.10/site-packages/_rocm_sdk_core/include/hip/hip_runtime_api.h:419:3: note: ‘hipError_t’ declared here
  419 | } hipError_t;
      |   ^~~~~~~~~~
/home/calvin/workspace/strata-integration-validation/source/src/core/verify.cpp:393:53: warning: ignoring returned value of type ‘hipError_t’, declared with attribute ‘nodiscard’ [-Wunused-result]
  393 |     if (cs_ && cs_ != ext_stream_) cudaStreamDestroy(cs_);   // set_stream: the stage's stream, shared, not ours
In file included from /mnt/sda2/home/calvin/workspace/strata-validation/toolchains/rocm/lib/python3.10/site-packages/_rocm_sdk_core/include/hip/hip_runtime.h:65,
                 from /home/calvin/workspace/strata-integration-validation/source/include/strata/hip_compat/cuda_runtime.h:12,
                 from <command-line>:
/mnt/sda2/home/calvin/workspace/strata-validation/toolchains/rocm/lib/python3.10/site-packages/_rocm_sdk_core/include/hip/hip_runtime_api.h:2885:12: note: in call to ‘hipError_t hipStreamDestroy(hipStream_t)’, declared here
 2885 | hipError_t hipStreamDestroy(hipStream_t stream);
      |            ^~~~~~~~~~~~~~~~
In file included from /mnt/sda2/home/calvin/workspace/strata-validation/toolchains/rocm/lib/python3.10/site-packages/_rocm_sdk_core/include/hip/hip_runtime.h:65,
                 from /home/calvin/workspace/strata-integration-validation/source/include/strata/hip_compat/cuda_runtime.h:12,
                 from <command-line>:
/mnt/sda2/home/calvin/workspace/strata-validation/toolchains/rocm/lib/python3.10/site-packages/_rocm_sdk_core/include/hip/hip_runtime_api.h:419:3: note: ‘hipError_t’ declared here
  419 | } hipError_t;
      |   ^~~~~~~~~~
/home/calvin/workspace/strata-integration-validation/source/src/core/verify.cpp:394:34: warning: ignoring returned value of type ‘hipError_t’, declared with attribute ‘nodiscard’ [-Wunused-result]
  394 |     if (sh_cs_) cudaStreamDestroy(sh_cs_);
In file included from /mnt/sda2/home/calvin/workspace/strata-validation/toolchains/rocm/lib/python3.10/site-packages/_rocm_sdk_core/include/hip/hip_runtime.h:65,
                 from /home/calvin/workspace/strata-integration-validation/source/include/strata/hip_compat/cuda_runtime.h:12,
                 from <command-line>:
/mnt/sda2/home/calvin/workspace/strata-validation/toolchains/rocm/lib/python3.10/site-packages/_rocm_sdk_core/include/hip/hip_runtime_api.h:2885:12: note: in call to ‘hipError_t hipStreamDestroy(hipStream_t)’, declared here
 2885 | hipError_t hipStreamDestroy(hipStream_t stream);
      |            ^~~~~~~~~~~~~~~~
In file included from /mnt/sda2/home/calvin/workspace/strata-validation/toolchains/rocm/lib/python3.10/site-packages/_rocm_sdk_core/include/hip/hip_runtime.h:65,
                 from /home/calvin/workspace/strata-integration-validation/source/include/strata/hip_compat/cuda_runtime.h:12,
                 from <command-line>:
/mnt/sda2/home/calvin/workspace/strata-validation/toolchains/rocm/lib/python3.10/site-packages/_rocm_sdk_core/include/hip/hip_runtime_api.h:419:3: note: ‘hipError_t’ declared here
  419 | } hipError_t;
      |   ^~~~~~~~~~
/home/calvin/workspace/strata-integration-validation/source/src/core/verify.cpp:395:39: warning: ignoring returned value of type ‘hipError_t’, declared with attribute ‘nodiscard’ [-Wunused-result]
  395 |     if (copy_) { cudaStreamSynchronize(copy_); cudaStreamDestroy(copy_); }
In file included from /mnt/sda2/home/calvin/workspace/strata-validation/toolchains/rocm/lib/python3.10/site-packages/_rocm_sdk_core/include/hip/hip_runtime.h:65,
                 from /home/calvin/workspace/strata-integration-validation/source/include/strata/hip_compat/cuda_runtime.h:12,
                 from <command-line>:
/mnt/sda2/home/calvin/workspace/strata-validation/toolchains/rocm/lib/python3.10/site-packages/_rocm_sdk_core/include/hip/hip_runtime_api.h:2923:12: note: in call to ‘hipError_t hipStreamSynchronize(hipStream_t)’, declared here
 2923 | hipError_t hipStreamSynchronize(hipStream_t stream);
      |            ^~~~~~~~~~~~~~~~~~~~
In file included from /mnt/sda2/home/calvin/workspace/strata-validation/toolchains/rocm/lib/python3.10/site-packages/_rocm_sdk_core/include/hip/hip_runtime.h:65,
                 from /home/calvin/workspace/strata-integration-validation/source/include/strata/hip_compat/cuda_runtime.h:12,
                 from <command-line>:
/mnt/sda2/home/calvin/workspace/strata-validation/toolchains/rocm/lib/python3.10/site-packages/_rocm_sdk_core/include/hip/hip_runtime_api.h:419:3: note: ‘hipError_t’ declared here
  419 | } hipError_t;
      |   ^~~~~~~~~~
/home/calvin/workspace/strata-integration-validation/source/src/core/verify.cpp:395:65: warning: ignoring returned value of type ‘hipError_t’, declared with attribute ‘nodiscard’ [-Wunused-result]
  395 |     if (copy_) { cudaStreamSynchronize(copy_); cudaStreamDestroy(copy_); }
In file included from /mnt/sda2/home/calvin/workspace/strata-validation/toolchains/rocm/lib/python3.10/site-packages/_rocm_sdk_core/include/hip/hip_runtime.h:65,
                 from /home/calvin/workspace/strata-integration-validation/source/include/strata/hip_compat/cuda_runtime.h:12,
                 from <command-line>:
/mnt/sda2/home/calvin/workspace/strata-validation/toolchains/rocm/lib/python3.10/site-packages/_rocm_sdk_core/include/hip/hip_runtime_api.h:2885:12: note: in call to ‘hipError_t hipStreamDestroy(hipStream_t)’, declared here
 2885 | hipError_t hipStreamDestroy(hipStream_t stream);
      |            ^~~~~~~~~~~~~~~~
In file included from /mnt/sda2/home/calvin/workspace/strata-validation/toolchains/rocm/lib/python3.10/site-packages/_rocm_sdk_core/include/hip/hip_runtime.h:65,
                 from /home/calvin/workspace/strata-integration-validation/source/include/strata/hip_compat/cuda_runtime.h:12,
                 from <command-line>:
/mnt/sda2/home/calvin/workspace/strata-validation/toolchains/rocm/lib/python3.10/site-packages/_rocm_sdk_core/include/hip/hip_runtime_api.h:419:3: note: ‘hipError_t’ declared here
  419 | } hipError_t;
      |   ^~~~~~~~~~
/home/calvin/workspace/strata-integration-validation/source/src/core/verify.cpp:396:39: warning: ignoring returned value of type ‘hipError_t’, declared with attribute ‘nodiscard’ [-Wunused-result]
  396 |     if (commit_done_) cudaEventDestroy(commit_done_);
In file included from /mnt/sda2/home/calvin/workspace/strata-validation/toolchains/rocm/lib/python3.10/site-packages/_rocm_sdk_core/include/hip/hip_runtime.h:65,
                 from /home/calvin/workspace/strata-integration-validation/source/include/strata/hip_compat/cuda_runtime.h:12,
                 from <command-line>:
/mnt/sda2/home/calvin/workspace/strata-validation/toolchains/rocm/lib/python3.10/site-packages/_rocm_sdk_core/include/hip/hip_runtime_api.h:3456:12: note: in call to ‘hipError_t hipEventDestroy(hipEvent_t)’, declared here
 3456 | hipError_t hipEventDestroy(hipEvent_t event);
      |            ^~~~~~~~~~~~~~~
In file included from /mnt/sda2/home/calvin/workspace/strata-validation/toolchains/rocm/lib/python3.10/site-packages/_rocm_sdk_core/include/hip/hip_runtime.h:65,
                 from /home/calvin/workspace/strata-integration-validation/source/include/strata/hip_compat/cuda_runtime.h:12,
                 from <command-line>:
/mnt/sda2/home/calvin/workspace/strata-validation/toolchains/rocm/lib/python3.10/site-packages/_rocm_sdk_core/include/hip/hip_runtime_api.h:419:3: note: ‘hipError_t’ declared here
  419 | } hipError_t;
      |   ^~~~~~~~~~
/home/calvin/workspace/strata-integration-validation/source/src/core/verify.cpp:397:35: warning: ignoring returned value of type ‘hipError_t’, declared with attribute ‘nodiscard’ [-Wunused-result]
  397 |     if (ev_done_) cudaEventDestroy(ev_done_);
In file included from /mnt/sda2/home/calvin/workspace/strata-validation/toolchains/rocm/lib/python3.10/site-packages/_rocm_sdk_core/include/hip/hip_runtime.h:65,
                 from /home/calvin/workspace/strata-integration-validation/source/include/strata/hip_compat/cuda_runtime.h:12,
                 from <command-line>:
/mnt/sda2/home/calvin/workspace/strata-validation/toolchains/rocm/lib/python3.10/site-packages/_rocm_sdk_core/include/hip/hip_runtime_api.h:3456:12: note: in call to ‘hipError_t hipEventDestroy(hipEvent_t)’, declared here
 3456 | hipError_t hipEventDestroy(hipEvent_t event);
      |            ^~~~~~~~~~~~~~~
In file included from /mnt/sda2/home/calvin/workspace/strata-validation/toolchains/rocm/lib/python3.10/site-packages/_rocm_sdk_core/include/hip/hip_runtime.h:65,
                 from /home/calvin/workspace/strata-integration-validation/source/include/strata/hip_compat/cuda_runtime.h:12,
                 from <command-line>:
/mnt/sda2/home/calvin/workspace/strata-validation/toolchains/rocm/lib/python3.10/site-packages/_rocm_sdk_core/include/hip/hip_runtime_api.h:419:3: note: ‘hipError_t’ declared here
  419 | } hipError_t;
      |   ^~~~~~~~~~
/home/calvin/workspace/strata-integration-validation/source/src/core/verify.cpp:398:37: warning: ignoring returned value of type ‘hipError_t’, declared with attribute ‘nodiscard’ [-Wunused-result]
  398 |     if (ev_commit_) cudaEventDestroy(ev_commit_);
In file included from /mnt/sda2/home/calvin/workspace/strata-validation/toolchains/rocm/lib/python3.10/site-packages/_rocm_sdk_core/include/hip/hip_runtime.h:65,
                 from /home/calvin/workspace/strata-integration-validation/source/include/strata/hip_compat/cuda_runtime.h:12,
                 from <command-line>:
/mnt/sda2/home/calvin/workspace/strata-validation/toolchains/rocm/lib/python3.10/site-packages/_rocm_sdk_core/include/hip/hip_runtime_api.h:3456:12: note: in call to ‘hipError_t hipEventDestroy(hipEvent_t)’, declared here
 3456 | hipError_t hipEventDestroy(hipEvent_t event);
      |            ^~~~~~~~~~~~~~~
In file included from /mnt/sda2/home/calvin/workspace/strata-validation/toolchains/rocm/lib/python3.10/site-packages/_rocm_sdk_core/include/hip/hip_runtime.h:65,
                 from /home/calvin/workspace/strata-integration-validation/source/include/strata/hip_compat/cuda_runtime.h:12,
                 from <command-line>:
/mnt/sda2/home/calvin/workspace/strata-validation/toolchains/rocm/lib/python3.10/site-packages/_rocm_sdk_core/include/hip/hip_runtime_api.h:419:3: note: ‘hipError_t’ declared here
  419 | } hipError_t;
      |   ^~~~~~~~~~
/home/calvin/workspace/strata-integration-validation/source/src/core/verify.cpp:399:32: warning: ignoring returned value of type ‘hipError_t’, declared with attribute ‘nodiscard’ [-Wunused-result]
  399 |     if (prof_pin_) cudaFreeHost(prof_pin_);
In file included from /mnt/sda2/home/calvin/workspace/strata-validation/toolchains/rocm/lib/python3.10/site-packages/_rocm_sdk_core/include/hip/hip_runtime.h:65,
                 from /home/calvin/workspace/strata-integration-validation/source/include/strata/hip_compat/cuda_runtime.h:12,
                 from <command-line>:
/mnt/sda2/home/calvin/workspace/strata-validation/toolchains/rocm/lib/python3.10/site-packages/_rocm_sdk_core/include/hip/hip_runtime_api.h:4604:12: note: in call to ‘hipError_t hipFreeHost(void*)’, declared here
 4604 | hipError_t hipFreeHost(void* ptr);
      |            ^~~~~~~~~~~
In file included from /mnt/sda2/home/calvin/workspace/strata-validation/toolchains/rocm/lib/python3.10/site-packages/_rocm_sdk_core/include/hip/hip_runtime.h:65,
                 from /home/calvin/workspace/strata-integration-validation/source/include/strata/hip_compat/cuda_runtime.h:12,
                 from <command-line>:
/mnt/sda2/home/calvin/workspace/strata-validation/toolchains/rocm/lib/python3.10/site-packages/_rocm_sdk_core/include/hip/hip_runtime_api.h:419:3: note: ‘hipError_t’ declared here
  419 | } hipError_t;
      |   ^~~~~~~~~~
/home/calvin/workspace/strata-integration-validation/source/src/core/verify.cpp:400:35: warning: ignoring returned value of type ‘hipError_t’, declared with attribute ‘nodiscard’ [-Wunused-result]
  400 |     if (ev_fork_) cudaEventDestroy(ev_fork_);
In file included from /mnt/sda2/home/calvin/workspace/strata-validation/toolchains/rocm/lib/python3.10/site-packages/_rocm_sdk_core/include/hip/hip_runtime.h:65,
                 from /home/calvin/workspace/strata-integration-validation/source/include/strata/hip_compat/cuda_runtime.h:12,
                 from <command-line>:
/mnt/sda2/home/calvin/workspace/strata-validation/toolchains/rocm/lib/python3.10/site-packages/_rocm_sdk_core/include/hip/hip_runtime_api.h:3456:12: note: in call to ‘hipError_t hipEventDestroy(hipEvent_t)’, declared here
 3456 | hipError_t hipEventDestroy(hipEvent_t event);
      |            ^~~~~~~~~~~~~~~
In file included from /mnt/sda2/home/calvin/workspace/strata-validation/toolchains/rocm/lib/python3.10/site-packages/_rocm_sdk_core/include/hip/hip_runtime.h:65,
                 from /home/calvin/workspace/strata-integration-validation/source/include/strata/hip_compat/cuda_runtime.h:12,
                 from <command-line>:
/mnt/sda2/home/calvin/workspace/strata-validation/toolchains/rocm/lib/python3.10/site-packages/_rocm_sdk_core/include/hip/hip_runtime_api.h:419:3: note: ‘hipError_t’ declared here
  419 | } hipError_t;
      |   ^~~~~~~~~~
/home/calvin/workspace/strata-integration-validation/source/src/core/verify.cpp:401:35: warning: ignoring returned value of type ‘hipError_t’, declared with attribute ‘nodiscard’ [-Wunused-result]
  401 |     if (ev_join_) cudaEventDestroy(ev_join_);
In file included from /mnt/sda2/home/calvin/workspace/strata-validation/toolchains/rocm/lib/python3.10/site-packages/_rocm_sdk_core/include/hip/hip_runtime.h:65,
                 from /home/calvin/workspace/strata-integration-validation/source/include/strata/hip_compat/cuda_runtime.h:12,
                 from <command-line>:
/mnt/sda2/home/calvin/workspace/strata-validation/toolchains/rocm/lib/python3.10/site-packages/_rocm_sdk_core/include/hip/hip_runtime_api.h:3456:12: note: in call to ‘hipError_t hipEventDestroy(hipEvent_t)’, declared here
 3456 | hipError_t hipEventDestroy(hipEvent_t event);
      |            ^~~~~~~~~~~~~~~
In file included from /mnt/sda2/home/calvin/workspace/strata-validation/toolchains/rocm/lib/python3.10/site-packages/_rocm_sdk_core/include/hip/hip_runtime.h:65,
                 from /home/calvin/workspace/strata-integration-validation/source/include/strata/hip_compat/cuda_runtime.h:12,
                 from <command-line>:
/mnt/sda2/home/calvin/workspace/strata-validation/toolchains/rocm/lib/python3.10/site-packages/_rocm_sdk_core/include/hip/hip_runtime_api.h:419:3: note: ‘hipError_t’ declared here
  419 | } hipError_t;
      |   ^~~~~~~~~~
/home/calvin/workspace/strata-integration-validation/source/src/core/verify.cpp:403:33: warning: ignoring returned value of type ‘hipError_t’, declared with attribute ‘nodiscard’ [-Wunused-result]
  403 |         if (s) cudaStreamDestroy(s);
In file included from /mnt/sda2/home/calvin/workspace/strata-validation/toolchains/rocm/lib/python3.10/site-packages/_rocm_sdk_core/include/hip/hip_runtime.h:65,
                 from /home/calvin/workspace/strata-integration-validation/source/include/strata/hip_compat/cuda_runtime.h:12,
                 from <command-line>:
/mnt/sda2/home/calvin/workspace/strata-validation/toolchains/rocm/lib/python3.10/site-packages/_rocm_sdk_core/include/hip/hip_runtime_api.h:2885:12: note: in call to ‘hipError_t hipStreamDestroy(hipStream_t)’, declared here
 2885 | hipError_t hipStreamDestroy(hipStream_t stream);
      |            ^~~~~~~~~~~~~~~~
In file included from /mnt/sda2/home/calvin/workspace/strata-validation/toolchains/rocm/lib/python3.10/site-packages/_rocm_sdk_core/include/hip/hip_runtime.h:65,
                 from /home/calvin/workspace/strata-integration-validation/source/include/strata/hip_compat/cuda_runtime.h:12,
                 from <command-line>:
/mnt/sda2/home/calvin/workspace/strata-validation/toolchains/rocm/lib/python3.10/site-packages/_rocm_sdk_core/include/hip/hip_runtime_api.h:419:3: note: ‘hipError_t’ declared here
  419 | } hipError_t;
      |   ^~~~~~~~~~
/home/calvin/workspace/strata-integration-validation/source/src/core/verify.cpp:404:35: warning: ignoring returned value of type ‘hipError_t’, declared with attribute ‘nodiscard’ [-Wunused-result]
  404 |     if (df_fork_) cudaEventDestroy(df_fork_);
In file included from /mnt/sda2/home/calvin/workspace/strata-validation/toolchains/rocm/lib/python3.10/site-packages/_rocm_sdk_core/include/hip/hip_runtime.h:65,
                 from /home/calvin/workspace/strata-integration-validation/source/include/strata/hip_compat/cuda_runtime.h:12,
                 from <command-line>:
/mnt/sda2/home/calvin/workspace/strata-validation/toolchains/rocm/lib/python3.10/site-packages/_rocm_sdk_core/include/hip/hip_runtime_api.h:3456:12: note: in call to ‘hipError_t hipEventDestroy(hipEvent_t)’, declared here
 3456 | hipError_t hipEventDestroy(hipEvent_t event);
      |            ^~~~~~~~~~~~~~~
In file included from /mnt/sda2/home/calvin/workspace/strata-validation/toolchains/rocm/lib/python3.10/site-packages/_rocm_sdk_core/include/hip/hip_runtime.h:65,
                 from /home/calvin/workspace/strata-integration-validation/source/include/strata/hip_compat/cuda_runtime.h:12,
                 from <command-line>:
/mnt/sda2/home/calvin/workspace/strata-validation/toolchains/rocm/lib/python3.10/site-packages/_rocm_sdk_core/include/hip/hip_runtime_api.h:419:3: note: ‘hipError_t’ declared here
  419 | } hipError_t;
      |   ^~~~~~~~~~
/home/calvin/workspace/strata-integration-validation/source/src/core/verify.cpp:406:32: warning: ignoring returned value of type ‘hipError_t’, declared with attribute ‘nodiscard’ [-Wunused-result]
  406 |         if (e) cudaEventDestroy(e);
In file included from /mnt/sda2/home/calvin/workspace/strata-validation/toolchains/rocm/lib/python3.10/site-packages/_rocm_sdk_core/include/hip/hip_runtime.h:65,
                 from /home/calvin/workspace/strata-integration-validation/source/include/strata/hip_compat/cuda_runtime.h:12,
                 from <command-line>:
/mnt/sda2/home/calvin/workspace/strata-validation/toolchains/rocm/lib/python3.10/site-packages/_rocm_sdk_core/include/hip/hip_runtime_api.h:3456:12: note: in call to ‘hipError_t hipEventDestroy(hipEvent_t)’, declared here
 3456 | hipError_t hipEventDestroy(hipEvent_t event);
      |            ^~~~~~~~~~~~~~~
In file included from /mnt/sda2/home/calvin/workspace/strata-validation/toolchains/rocm/lib/python3.10/site-packages/_rocm_sdk_core/include/hip/hip_runtime.h:65,
                 from /home/calvin/workspace/strata-integration-validation/source/include/strata/hip_compat/cuda_runtime.h:12,
                 from <command-line>:
/mnt/sda2/home/calvin/workspace/strata-validation/toolchains/rocm/lib/python3.10/site-packages/_rocm_sdk_core/include/hip/hip_runtime_api.h:419:3: note: ‘hipError_t’ declared here
  419 | } hipError_t;
      |   ^~~~~~~~~~
/home/calvin/workspace/strata-integration-validation/source/src/core/verify.cpp:415:28: warning: ignoring returned value of type ‘hipError_t’, declared with attribute ‘nodiscard’ [-Wunused-result]
  415 |         if (h) cudaFreeHost(h);
In file included from /mnt/sda2/home/calvin/workspace/strata-validation/toolchains/rocm/lib/python3.10/site-packages/_rocm_sdk_core/include/hip/hip_runtime.h:65,
                 from /home/calvin/workspace/strata-integration-validation/source/include/strata/hip_compat/cuda_runtime.h:12,
                 from <command-line>:
/mnt/sda2/home/calvin/workspace/strata-validation/toolchains/rocm/lib/python3.10/site-packages/_rocm_sdk_core/include/hip/hip_runtime_api.h:4604:12: note: in call to ‘hipError_t hipFreeHost(void*)’, declared here
 4604 | hipError_t hipFreeHost(void* ptr);
      |            ^~~~~~~~~~~
In file included from /mnt/sda2/home/calvin/workspace/strata-validation/toolchains/rocm/lib/python3.10/site-packages/_rocm_sdk_core/include/hip/hip_runtime.h:65,
                 from /home/calvin/workspace/strata-integration-validation/source/include/strata/hip_compat/cuda_runtime.h:12,
                 from <command-line>:
/mnt/sda2/home/calvin/workspace/strata-validation/toolchains/rocm/lib/python3.10/site-packages/_rocm_sdk_core/include/hip/hip_runtime_api.h:419:3: note: ‘hipError_t’ declared here
  419 | } hipError_t;
      |   ^~~~~~~~~~
/home/calvin/workspace/strata-integration-validation/source/src/core/verify.cpp: In member function ‘bool strata::core::Verifier::init(const strata::core::WeightTable&, const strata::core::ModelGeometry&, strata::core::SessionState&, const strata::core::VerifyHits&, const strata::core::NativeHead*, int, std::string&)’:
/home/calvin/workspace/strata-integration-validation/source/src/core/verify.cpp:428:18: warning: ignoring returned value of type ‘hipError_t’, declared with attribute ‘nodiscard’ [-Wunused-result]
  428 |     cudaGetDevice(&device_);   // a layer split's stage on another GPU: its streams, graphs and buffers live there
In file included from /mnt/sda2/home/calvin/workspace/strata-validation/toolchains/rocm/lib/python3.10/site-packages/_rocm_sdk_core/include/hip/hip_runtime.h:65,
                 from /home/calvin/workspace/strata-integration-validation/source/include/strata/hip_compat/cuda_runtime.h:12,
                 from <command-line>:
/mnt/sda2/home/calvin/workspace/strata-validation/toolchains/rocm/lib/python3.10/site-packages/_rocm_sdk_core/include/hip/hip_runtime_api.h:2260:12: note: in call to ‘hipError_t hipGetDevice(int*)’, declared here
 2260 | hipError_t hipGetDevice(int* deviceId);
      |            ^~~~~~~~~~~~
In file included from /mnt/sda2/home/calvin/workspace/strata-validation/toolchains/rocm/lib/python3.10/site-packages/_rocm_sdk_core/include/hip/hip_runtime.h:65,
                 from /home/calvin/workspace/strata-integration-validation/source/include/strata/hip_compat/cuda_runtime.h:12,
                 from <command-line>:
/mnt/sda2/home/calvin/workspace/strata-validation/toolchains/rocm/lib/python3.10/site-packages/_rocm_sdk_core/include/hip/hip_runtime_api.h:419:3: note: ‘hipError_t’ declared here
  419 | } hipError_t;
      |   ^~~~~~~~~~
/home/calvin/workspace/strata-integration-validation/source/src/core/verify.cpp:570:15: warning: ignoring returned value of type ‘hipError_t’, declared with attribute ‘nodiscard’ [-Wunused-result]
  570 |     cudaMemset(arena_, 0, count.used);
In file included from /mnt/sda2/home/calvin/workspace/strata-validation/toolchains/rocm/lib/python3.10/site-packages/_rocm_sdk_core/include/hip/hip_runtime.h:65,
                 from /home/calvin/workspace/strata-integration-validation/source/include/strata/hip_compat/cuda_runtime.h:12,
                 from <command-line>:
/mnt/sda2/home/calvin/workspace/strata-validation/toolchains/rocm/lib/python3.10/site-packages/_rocm_sdk_core/include/hip/hip_runtime_api.h:5061:12: note: in call to ‘hipError_t hipMemset(void*, int, size_t)’, declared here
 5061 | hipError_t hipMemset(void* dst, int value, size_t sizeBytes);
      |            ^~~~~~~~~
In file included from /mnt/sda2/home/calvin/workspace/strata-validation/toolchains/rocm/lib/python3.10/site-packages/_rocm_sdk_core/include/hip/hip_runtime.h:65,
                 from /home/calvin/workspace/strata-integration-validation/source/include/strata/hip_compat/cuda_runtime.h:12,
                 from <command-line>:
/mnt/sda2/home/calvin/workspace/strata-validation/toolchains/rocm/lib/python3.10/site-packages/_rocm_sdk_core/include/hip/hip_runtime_api.h:419:3: note: ‘hipError_t’ declared here
  419 | } hipError_t;
      |   ^~~~~~~~~~
/home/calvin/workspace/strata-integration-validation/source/src/core/verify.cpp:591:118: warning: ignoring returned value of type ‘hipError_t’, declared with attribute ‘nodiscard’ [-Wunused-result]
  591 |         if (cudaMalloc((void**) &prof_, np * 8) != cudaSuccess) { prof_on_ = false; prof_ = nullptr; cudaGetLastError(); }
In file included from /mnt/sda2/home/calvin/workspace/strata-validation/toolchains/rocm/lib/python3.10/site-packages/_rocm_sdk_core/include/hip/hip_runtime.h:65,
                 from /home/calvin/workspace/strata-integration-validation/source/include/strata/hip_compat/cuda_runtime.h:12,
                 from <command-line>:
/mnt/sda2/home/calvin/workspace/strata-validation/toolchains/rocm/lib/python3.10/site-packages/_rocm_sdk_core/include/hip/hip_runtime_api.h:2708:12: note: in call to ‘hipError_t hipGetLastError()’, declared here
 2708 | hipError_t hipGetLastError(void);
      |            ^~~~~~~~~~~~~~~
In file included from /mnt/sda2/home/calvin/workspace/strata-validation/toolchains/rocm/lib/python3.10/site-packages/_rocm_sdk_core/include/hip/hip_runtime.h:65,
                 from /home/calvin/workspace/strata-integration-validation/source/include/strata/hip_compat/cuda_runtime.h:12,
                 from <command-line>:
/mnt/sda2/home/calvin/workspace/strata-validation/toolchains/rocm/lib/python3.10/site-packages/_rocm_sdk_core/include/hip/hip_runtime_api.h:419:3: note: ‘hipError_t’ declared here
  419 | } hipError_t;
      |   ^~~~~~~~~~
/home/calvin/workspace/strata-integration-validation/source/src/core/verify.cpp:592:26: warning: ignoring returned value of type ‘hipError_t’, declared with attribute ‘nodiscard’ [-Wunused-result]
  592 |         else { cudaMemset(prof_, 0, np * 8); prof_h_.assign(np, 0); }
In file included from /mnt/sda2/home/calvin/workspace/strata-validation/toolchains/rocm/lib/python3.10/site-packages/_rocm_sdk_core/include/hip/hip_runtime.h:65,
                 from /home/calvin/workspace/strata-integration-validation/source/include/strata/hip_compat/cuda_runtime.h:12,
                 from <command-line>:
/mnt/sda2/home/calvin/workspace/strata-validation/toolchains/rocm/lib/python3.10/site-packages/_rocm_sdk_core/include/hip/hip_runtime_api.h:5061:12: note: in call to ‘hipError_t hipMemset(void*, int, size_t)’, declared here
 5061 | hipError_t hipMemset(void* dst, int value, size_t sizeBytes);
      |            ^~~~~~~~~
In file included from /mnt/sda2/home/calvin/workspace/strata-validation/toolchains/rocm/lib/python3.10/site-packages/_rocm_sdk_core/include/hip/hip_runtime.h:65,
                 from /home/calvin/workspace/strata-integration-validation/source/include/strata/hip_compat/cuda_runtime.h:12,
                 from <command-line>:
/mnt/sda2/home/calvin/workspace/strata-validation/toolchains/rocm/lib/python3.10/site-packages/_rocm_sdk_core/include/hip/hip_runtime_api.h:419:3: note: ‘hipError_t’ declared here
  419 | } hipError_t;
      |   ^~~~~~~~~~
/home/calvin/workspace/strata-integration-validation/source/src/core/verify.cpp:633:41: warning: ignoring returned value of type ‘hipError_t’, declared with attribute ‘nodiscard’ [-Wunused-result]
  633 |             if (!okb) { cudaGetLastError(); df_branch_ = false; }
In file included from /mnt/sda2/home/calvin/workspace/strata-validation/toolchains/rocm/lib/python3.10/site-packages/_rocm_sdk_core/include/hip/hip_runtime.h:65,
                 from /home/calvin/workspace/strata-integration-validation/source/include/strata/hip_compat/cuda_runtime.h:12,
                 from <command-line>:
/mnt/sda2/home/calvin/workspace/strata-validation/toolchains/rocm/lib/python3.10/site-packages/_rocm_sdk_core/include/hip/hip_runtime_api.h:2708:12: note: in call to ‘hipError_t hipGetLastError()’, declared here
 2708 | hipError_t hipGetLastError(void);
      |            ^~~~~~~~~~~~~~~
In file included from /mnt/sda2/home/calvin/workspace/strata-validation/toolchains/rocm/lib/python3.10/site-packages/_rocm_sdk_core/include/hip/hip_runtime.h:65,
                 from /home/calvin/workspace/strata-integration-validation/source/include/strata/hip_compat/cuda_runtime.h:12,
                 from <command-line>:
/mnt/sda2/home/calvin/workspace/strata-validation/toolchains/rocm/lib/python3.10/site-packages/_rocm_sdk_core/include/hip/hip_runtime_api.h:419:3: note: ‘hipError_t’ declared here
  419 | } hipError_t;
      |   ^~~~~~~~~~
/home/calvin/workspace/strata-integration-validation/source/src/core/verify.cpp:669:29: warning: ignoring returned value of type ‘hipError_t’, declared with attribute ‘nodiscard’ [-Wunused-result]
  669 |             cudaGetLastError();
In file included from /mnt/sda2/home/calvin/workspace/strata-validation/toolchains/rocm/lib/python3.10/site-packages/_rocm_sdk_core/include/hip/hip_runtime.h:65,
                 from /home/calvin/workspace/strata-integration-validation/source/include/strata/hip_compat/cuda_runtime.h:12,
                 from <command-line>:
/mnt/sda2/home/calvin/workspace/strata-validation/toolchains/rocm/lib/python3.10/site-packages/_rocm_sdk_core/include/hip/hip_runtime_api.h:2708:12: note: in call to ‘hipError_t hipGetLastError()’, declared here
 2708 | hipError_t hipGetLastError(void);
      |            ^~~~~~~~~~~~~~~
In file included from /mnt/sda2/home/calvin/workspace/strata-validation/toolchains/rocm/lib/python3.10/site-packages/_rocm_sdk_core/include/hip/hip_runtime.h:65,
                 from /home/calvin/workspace/strata-integration-validation/source/include/strata/hip_compat/cuda_runtime.h:12,
                 from <command-line>:
/mnt/sda2/home/calvin/workspace/strata-validation/toolchains/rocm/lib/python3.10/site-packages/_rocm_sdk_core/include/hip/hip_runtime_api.h:419:3: note: ‘hipError_t’ declared here
  419 | } hipError_t;
      |   ^~~~~~~~~~
/home/calvin/workspace/strata-integration-validation/source/src/core/verify.cpp:670:32: warning: ignoring returned value of type ‘hipError_t’, declared with attribute ‘nodiscard’ [-Wunused-result]
  670 |             if (qcnt_) cudaFree(qcnt_);
In file included from /mnt/sda2/home/calvin/workspace/strata-validation/toolchains/rocm/lib/python3.10/site-packages/_rocm_sdk_core/include/hip/hip_runtime.h:65,
                 from /home/calvin/workspace/strata-integration-validation/source/include/strata/hip_compat/cuda_runtime.h:12,
                 from <command-line>:
/mnt/sda2/home/calvin/workspace/strata-validation/toolchains/rocm/lib/python3.10/site-packages/_rocm_sdk_core/include/hip/hip_runtime_api.h:4592:12: note: in call to ‘hipError_t hipFree(void*)’, declared here
 4592 | hipError_t hipFree(void* ptr);
      |            ^~~~~~~
In file included from /mnt/sda2/home/calvin/workspace/strata-validation/toolchains/rocm/lib/python3.10/site-packages/_rocm_sdk_core/include/hip/hip_runtime.h:65,
                 from /home/calvin/workspace/strata-integration-validation/source/include/strata/hip_compat/cuda_runtime.h:12,
                 from <command-line>:
/mnt/sda2/home/calvin/workspace/strata-validation/toolchains/rocm/lib/python3.10/site-packages/_rocm_sdk_core/include/hip/hip_runtime_api.h:419:3: note: ‘hipError_t’ declared here
  419 | } hipError_t;
      |   ^~~~~~~~~~
/home/calvin/workspace/strata-integration-validation/source/src/core/verify.cpp:683:37: warning: ignoring returned value of type ‘hipError_t’, declared with attribute ‘nodiscard’ [-Wunused-result]
  683 |         if (!ok2) { cudaGetLastError(); all_resident_ = false; device_plan_ = false; }
In file included from /mnt/sda2/home/calvin/workspace/strata-validation/toolchains/rocm/lib/python3.10/site-packages/_rocm_sdk_core/include/hip/hip_runtime.h:65,
                 from /home/calvin/workspace/strata-integration-validation/source/include/strata/hip_compat/cuda_runtime.h:12,
                 from <command-line>:
/mnt/sda2/home/calvin/workspace/strata-validation/toolchains/rocm/lib/python3.10/site-packages/_rocm_sdk_core/include/hip/hip_runtime_api.h:2708:12: note: in call to ‘hipError_t hipGetLastError()’, declared here
 2708 | hipError_t hipGetLastError(void);
      |            ^~~~~~~~~~~~~~~
In file included from /mnt/sda2/home/calvin/workspace/strata-validation/toolchains/rocm/lib/python3.10/site-packages/_rocm_sdk_core/include/hip/hip_runtime.h:65,
                 from /home/calvin/workspace/strata-integration-validation/source/include/strata/hip_compat/cuda_runtime.h:12,
                 from <command-line>:
/mnt/sda2/home/calvin/workspace/strata-validation/toolchains/rocm/lib/python3.10/site-packages/_rocm_sdk_core/include/hip/hip_runtime_api.h:419:3: note: ‘hipError_t’ declared here
  419 | } hipError_t;
      |   ^~~~~~~~~~
/home/calvin/workspace/strata-integration-validation/source/src/core/verify.cpp: In lambda function:
/home/calvin/workspace/strata-integration-validation/source/src/core/verify.cpp:749:24: warning: ignoring returned value of type ‘hipError_t’, declared with attribute ‘nodiscard’ [-Wunused-result]
  749 |         cudaEventRecord(df_fork_, cs);
In file included from /mnt/sda2/home/calvin/workspace/strata-validation/toolchains/rocm/lib/python3.10/site-packages/_rocm_sdk_core/include/hip/hip_runtime.h:65,
                 from /home/calvin/workspace/strata-integration-validation/source/include/strata/hip_compat/cuda_runtime.h:12,
                 from <command-line>:
/mnt/sda2/home/calvin/workspace/strata-validation/toolchains/rocm/lib/python3.10/site-packages/_rocm_sdk_core/include/hip/hip_runtime_api.h:3436:12: note: in call to ‘hipError_t hipEventRecord(hipEvent_t, hipStream_t)’, declared here
 3436 | hipError_t hipEventRecord(hipEvent_t event, hipStream_t stream = NULL);
      |            ^~~~~~~~~~~~~~
In file included from /mnt/sda2/home/calvin/workspace/strata-validation/toolchains/rocm/lib/python3.10/site-packages/_rocm_sdk_core/include/hip/hip_runtime.h:65,
                 from /home/calvin/workspace/strata-integration-validation/source/include/strata/hip_compat/cuda_runtime.h:12,
                 from <command-line>:
/mnt/sda2/home/calvin/workspace/strata-validation/toolchains/rocm/lib/python3.10/site-packages/_rocm_sdk_core/include/hip/hip_runtime_api.h:419:3: note: ‘hipError_t’ declared here
  419 | } hipError_t;
      |   ^~~~~~~~~~
/home/calvin/workspace/strata-integration-validation/source/src/core/verify.cpp:750:28: warning: ignoring returned value of type ‘hipError_t’, declared with attribute ‘nodiscard’ [-Wunused-result]
  750 |         cudaStreamWaitEvent(df_side_[i], df_fork_, 0);
In file included from /mnt/sda2/home/calvin/workspace/strata-validation/toolchains/rocm/lib/python3.10/site-packages/_rocm_sdk_core/include/hip/hip_runtime.h:65,
                 from /home/calvin/workspace/strata-integration-validation/source/include/strata/hip_compat/cuda_runtime.h:12,
                 from <command-line>:
/mnt/sda2/home/calvin/workspace/strata-validation/toolchains/rocm/lib/python3.10/site-packages/_rocm_sdk_core/include/hip/hip_runtime_api.h:2950:12: note: in call to ‘hipError_t hipStreamWaitEvent(hipStream_t, hipEvent_t, unsigned int)’, declared here
 2950 | hipError_t hipStreamWaitEvent(hipStream_t stream, hipEvent_t event, unsigned int flags __dparm(0));
      |            ^~~~~~~~~~~~~~~~~~
In file included from /mnt/sda2/home/calvin/workspace/strata-validation/toolchains/rocm/lib/python3.10/site-packages/_rocm_sdk_core/include/hip/hip_runtime.h:65,
                 from /home/calvin/workspace/strata-integration-validation/source/include/strata/hip_compat/cuda_runtime.h:12,
                 from <command-line>:
/mnt/sda2/home/calvin/workspace/strata-validation/toolchains/rocm/lib/python3.10/site-packages/_rocm_sdk_core/include/hip/hip_runtime_api.h:419:3: note: ‘hipError_t’ declared here
  419 | } hipError_t;
      |   ^~~~~~~~~~
/home/calvin/workspace/strata-integration-validation/source/src/core/verify.cpp: In lambda function:
/home/calvin/workspace/strata-integration-validation/source/src/core/verify.cpp:753:24: warning: ignoring returned value of type ‘hipError_t’, declared with attribute ‘nodiscard’ [-Wunused-result]
  753 |         cudaEventRecord(df_join_[i], df_side_[i]);
In file included from /mnt/sda2/home/calvin/workspace/strata-validation/toolchains/rocm/lib/python3.10/site-packages/_rocm_sdk_core/include/hip/hip_runtime.h:65,
                 from /home/calvin/workspace/strata-integration-validation/source/include/strata/hip_compat/cuda_runtime.h:12,
                 from <command-line>:
/mnt/sda2/home/calvin/workspace/strata-validation/toolchains/rocm/lib/python3.10/site-packages/_rocm_sdk_core/include/hip/hip_runtime_api.h:3436:12: note: in call to ‘hipError_t hipEventRecord(hipEvent_t, hipStream_t)’, declared here
 3436 | hipError_t hipEventRecord(hipEvent_t event, hipStream_t stream = NULL);
      |            ^~~~~~~~~~~~~~
In file included from /mnt/sda2/home/calvin/workspace/strata-validation/toolchains/rocm/lib/python3.10/site-packages/_rocm_sdk_core/include/hip/hip_runtime.h:65,
                 from /home/calvin/workspace/strata-integration-validation/source/include/strata/hip_compat/cuda_runtime.h:12,
                 from <command-line>:
/mnt/sda2/home/calvin/workspace/strata-validation/toolchains/rocm/lib/python3.10/site-packages/_rocm_sdk_core/include/hip/hip_runtime_api.h:419:3: note: ‘hipError_t’ declared here
  419 | } hipError_t;
      |   ^~~~~~~~~~
/home/calvin/workspace/strata-integration-validation/source/src/core/verify.cpp:754:28: warning: ignoring returned value of type ‘hipError_t’, declared with attribute ‘nodiscard’ [-Wunused-result]
  754 |         cudaStreamWaitEvent(cs, df_join_[i], 0);
In file included from /mnt/sda2/home/calvin/workspace/strata-validation/toolchains/rocm/lib/python3.10/site-packages/_rocm_sdk_core/include/hip/hip_runtime.h:65,
                 from /home/calvin/workspace/strata-integration-validation/source/include/strata/hip_compat/cuda_runtime.h:12,
                 from <command-line>:
/mnt/sda2/home/calvin/workspace/strata-validation/toolchains/rocm/lib/python3.10/site-packages/_rocm_sdk_core/include/hip/hip_runtime_api.h:2950:12: note: in call to ‘hipError_t hipStreamWaitEvent(hipStream_t, hipEvent_t, unsigned int)’, declared here
 2950 | hipError_t hipStreamWaitEvent(hipStream_t stream, hipEvent_t event, unsigned int flags __dparm(0));
      |            ^~~~~~~~~~~~~~~~~~
In file included from /mnt/sda2/home/calvin/workspace/strata-validation/toolchains/rocm/lib/python3.10/site-packages/_rocm_sdk_core/include/hip/hip_runtime.h:65,
                 from /home/calvin/workspace/strata-integration-validation/source/include/strata/hip_compat/cuda_runtime.h:12,
                 from <command-line>:
/mnt/sda2/home/calvin/workspace/strata-validation/toolchains/rocm/lib/python3.10/site-packages/_rocm_sdk_core/include/hip/hip_runtime_api.h:419:3: note: ‘hipError_t’ declared here
  419 | } hipError_t;
      |   ^~~~~~~~~~
/home/calvin/workspace/strata-integration-validation/source/src/core/verify.cpp: In lambda function:
/home/calvin/workspace/strata-integration-validation/source/src/core/verify.cpp:1291:28: warning: ignoring returned value of type ‘hipError_t’, declared with attribute ‘nodiscard’ [-Wunused-result]
 1291 |             cudaEventRecord(ev_fork_, cs);
In file included from /mnt/sda2/home/calvin/workspace/strata-validation/toolchains/rocm/lib/python3.10/site-packages/_rocm_sdk_core/include/hip/hip_runtime.h:65,
                 from /home/calvin/workspace/strata-integration-validation/source/include/strata/hip_compat/cuda_runtime.h:12,
                 from <command-line>:
/mnt/sda2/home/calvin/workspace/strata-validation/toolchains/rocm/lib/python3.10/site-packages/_rocm_sdk_core/include/hip/hip_runtime_api.h:3436:12: note: in call to ‘hipError_t hipEventRecord(hipEvent_t, hipStream_t)’, declared here
 3436 | hipError_t hipEventRecord(hipEvent_t event, hipStream_t stream = NULL);
      |            ^~~~~~~~~~~~~~
In file included from /mnt/sda2/home/calvin/workspace/strata-validation/toolchains/rocm/lib/python3.10/site-packages/_rocm_sdk_core/include/hip/hip_runtime.h:65,
                 from /home/calvin/workspace/strata-integration-validation/source/include/strata/hip_compat/cuda_runtime.h:12,
                 from <command-line>:
/mnt/sda2/home/calvin/workspace/strata-validation/toolchains/rocm/lib/python3.10/site-packages/_rocm_sdk_core/include/hip/hip_runtime_api.h:419:3: note: ‘hipError_t’ declared here
  419 | } hipError_t;
      |   ^~~~~~~~~~
/home/calvin/workspace/strata-integration-validation/source/src/core/verify.cpp:1292:32: warning: ignoring returned value of type ‘hipError_t’, declared with attribute ‘nodiscard’ [-Wunused-result]
 1292 |             cudaStreamWaitEvent(sh_cs_, ev_fork_, 0);
In file included from /mnt/sda2/home/calvin/workspace/strata-validation/toolchains/rocm/lib/python3.10/site-packages/_rocm_sdk_core/include/hip/hip_runtime.h:65,
                 from /home/calvin/workspace/strata-integration-validation/source/include/strata/hip_compat/cuda_runtime.h:12,
                 from <command-line>:
/mnt/sda2/home/calvin/workspace/strata-validation/toolchains/rocm/lib/python3.10/site-packages/_rocm_sdk_core/include/hip/hip_runtime_api.h:2950:12: note: in call to ‘hipError_t hipStreamWaitEvent(hipStream_t, hipEvent_t, unsigned int)’, declared here
 2950 | hipError_t hipStreamWaitEvent(hipStream_t stream, hipEvent_t event, unsigned int flags __dparm(0));
      |            ^~~~~~~~~~~~~~~~~~
In file included from /mnt/sda2/home/calvin/workspace/strata-validation/toolchains/rocm/lib/python3.10/site-packages/_rocm_sdk_core/include/hip/hip_runtime.h:65,
                 from /home/calvin/workspace/strata-integration-validation/source/include/strata/hip_compat/cuda_runtime.h:12,
                 from <command-line>:
/mnt/sda2/home/calvin/workspace/strata-validation/toolchains/rocm/lib/python3.10/site-packages/_rocm_sdk_core/include/hip/hip_runtime_api.h:419:3: note: ‘hipError_t’ declared here
  419 | } hipError_t;
      |   ^~~~~~~~~~
/home/calvin/workspace/strata-integration-validation/source/src/core/verify.cpp:1362:32: warning: ignoring returned value of type ‘hipError_t’, declared with attribute ‘nodiscard’ [-Wunused-result]
 1362 |                 cudaEventRecord(ev_fork_, cs);
In file included from /mnt/sda2/home/calvin/workspace/strata-validation/toolchains/rocm/lib/python3.10/site-packages/_rocm_sdk_core/include/hip/hip_runtime.h:65,
                 from /home/calvin/workspace/strata-integration-validation/source/include/strata/hip_compat/cuda_runtime.h:12,
                 from <command-line>:
/mnt/sda2/home/calvin/workspace/strata-validation/toolchains/rocm/lib/python3.10/site-packages/_rocm_sdk_core/include/hip/hip_runtime_api.h:3436:12: note: in call to ‘hipError_t hipEventRecord(hipEvent_t, hipStream_t)’, declared here
 3436 | hipError_t hipEventRecord(hipEvent_t event, hipStream_t stream = NULL);
      |            ^~~~~~~~~~~~~~
In file included from /mnt/sda2/home/calvin/workspace/strata-validation/toolchains/rocm/lib/python3.10/site-packages/_rocm_sdk_core/include/hip/hip_runtime.h:65,
                 from /home/calvin/workspace/strata-integration-validation/source/include/strata/hip_compat/cuda_runtime.h:12,
                 from <command-line>:
/mnt/sda2/home/calvin/workspace/strata-validation/toolchains/rocm/lib/python3.10/site-packages/_rocm_sdk_core/include/hip/hip_runtime_api.h:419:3: note: ‘hipError_t’ declared here
  419 | } hipError_t;
      |   ^~~~~~~~~~
/home/calvin/workspace/strata-integration-validation/source/src/core/verify.cpp:1363:36: warning: ignoring returned value of type ‘hipError_t’, declared with attribute ‘nodiscard’ [-Wunused-result]
 1363 |                 cudaStreamWaitEvent(sh_cs_, ev_fork_, 0);
In file included from /mnt/sda2/home/calvin/workspace/strata-validation/toolchains/rocm/lib/python3.10/site-packages/_rocm_sdk_core/include/hip/hip_runtime.h:65,
                 from /home/calvin/workspace/strata-integration-validation/source/include/strata/hip_compat/cuda_runtime.h:12,
                 from <command-line>:
/mnt/sda2/home/calvin/workspace/strata-validation/toolchains/rocm/lib/python3.10/site-packages/_rocm_sdk_core/include/hip/hip_runtime_api.h:2950:12: note: in call to ‘hipError_t hipStreamWaitEvent(hipStream_t, hipEvent_t, unsigned int)’, declared here
 2950 | hipError_t hipStreamWaitEvent(hipStream_t stream, hipEvent_t event, unsigned int flags __dparm(0));
      |            ^~~~~~~~~~~~~~~~~~
In file included from /mnt/sda2/home/calvin/workspace/strata-validation/toolchains/rocm/lib/python3.10/site-packages/_rocm_sdk_core/include/hip/hip_runtime.h:65,
                 from /home/calvin/workspace/strata-integration-validation/source/include/strata/hip_compat/cuda_runtime.h:12,
                 from <command-line>:
/mnt/sda2/home/calvin/workspace/strata-validation/toolchains/rocm/lib/python3.10/site-packages/_rocm_sdk_core/include/hip/hip_runtime_api.h:419:3: note: ‘hipError_t’ declared here
  419 | } hipError_t;
      |   ^~~~~~~~~~
/home/calvin/workspace/strata-integration-validation/source/src/core/verify.cpp:1399:41: warning: ignoring returned value of type ‘hipError_t’, declared with attribute ‘nodiscard’ [-Wunused-result]
 1399 |             if (sh_fork) cudaEventRecord(ev_join_, sh_cs_);
In file included from /mnt/sda2/home/calvin/workspace/strata-validation/toolchains/rocm/lib/python3.10/site-packages/_rocm_sdk_core/include/hip/hip_runtime.h:65,
                 from /home/calvin/workspace/strata-integration-validation/source/include/strata/hip_compat/cuda_runtime.h:12,
                 from <command-line>:
/mnt/sda2/home/calvin/workspace/strata-validation/toolchains/rocm/lib/python3.10/site-packages/_rocm_sdk_core/include/hip/hip_runtime_api.h:3436:12: note: in call to ‘hipError_t hipEventRecord(hipEvent_t, hipStream_t)’, declared here
 3436 | hipError_t hipEventRecord(hipEvent_t event, hipStream_t stream = NULL);
      |            ^~~~~~~~~~~~~~
In file included from /mnt/sda2/home/calvin/workspace/strata-validation/toolchains/rocm/lib/python3.10/site-packages/_rocm_sdk_core/include/hip/hip_runtime.h:65,
                 from /home/calvin/workspace/strata-integration-validation/source/include/strata/hip_compat/cuda_runtime.h:12,
                 from <command-line>:
/mnt/sda2/home/calvin/workspace/strata-validation/toolchains/rocm/lib/python3.10/site-packages/_rocm_sdk_core/include/hip/hip_runtime_api.h:419:3: note: ‘hipError_t’ declared here
  419 | } hipError_t;
      |   ^~~~~~~~~~
/home/calvin/workspace/strata-integration-validation/source/src/core/verify.cpp: In lambda function:
/home/calvin/workspace/strata-integration-validation/source/src/core/verify.cpp:1495:32: warning: ignoring returned value of type ‘hipError_t’, declared with attribute ‘nodiscard’ [-Wunused-result]
 1495 |             cudaStreamWaitEvent(cs, ev_join_, 0);
In file included from /mnt/sda2/home/calvin/workspace/strata-validation/toolchains/rocm/lib/python3.10/site-packages/_rocm_sdk_core/include/hip/hip_runtime.h:65,
                 from /home/calvin/workspace/strata-integration-validation/source/include/strata/hip_compat/cuda_runtime.h:12,
                 from <command-line>:
/mnt/sda2/home/calvin/workspace/strata-validation/toolchains/rocm/lib/python3.10/site-packages/_rocm_sdk_core/include/hip/hip_runtime_api.h:2950:12: note: in call to ‘hipError_t hipStreamWaitEvent(hipStream_t, hipEvent_t, unsigned int)’, declared here
 2950 | hipError_t hipStreamWaitEvent(hipStream_t stream, hipEvent_t event, unsigned int flags __dparm(0));
      |            ^~~~~~~~~~~~~~~~~~
In file included from /mnt/sda2/home/calvin/workspace/strata-validation/toolchains/rocm/lib/python3.10/site-packages/_rocm_sdk_core/include/hip/hip_runtime.h:65,
                 from /home/calvin/workspace/strata-integration-validation/source/include/strata/hip_compat/cuda_runtime.h:12,
                 from <command-line>:
/mnt/sda2/home/calvin/workspace/strata-validation/toolchains/rocm/lib/python3.10/site-packages/_rocm_sdk_core/include/hip/hip_runtime_api.h:419:3: note: ‘hipError_t’ declared here
  419 | } hipError_t;
      |   ^~~~~~~~~~
/home/calvin/workspace/strata-integration-validation/source/src/core/verify.cpp: In member function ‘bool strata::core::Verifier::capture(int, std::string&)’:
/home/calvin/workspace/strata-integration-validation/source/src/core/verify.cpp:1702:36: warning: ignoring returned value of type ‘hipError_t’, declared with attribute ‘nodiscard’ [-Wunused-result]
 1702 |         if (graph) cudaGraphDestroy(graph);
In file included from /mnt/sda2/home/calvin/workspace/strata-validation/toolchains/rocm/lib/python3.10/site-packages/_rocm_sdk_core/include/hip/hip_runtime.h:65,
                 from /home/calvin/workspace/strata-integration-validation/source/include/strata/hip_compat/cuda_runtime.h:12,
                 from <command-line>:
/mnt/sda2/home/calvin/workspace/strata-validation/toolchains/rocm/lib/python3.10/site-packages/_rocm_sdk_core/include/hip/hip_runtime_api.h:8075:12: note: in call to ‘hipError_t hipGraphDestroy(hipGraph_t)’, declared here
 8075 | hipError_t hipGraphDestroy(hipGraph_t graph);
      |            ^~~~~~~~~~~~~~~
In file included from /mnt/sda2/home/calvin/workspace/strata-validation/toolchains/rocm/lib/python3.10/site-packages/_rocm_sdk_core/include/hip/hip_runtime.h:65,
                 from /home/calvin/workspace/strata-integration-validation/source/include/strata/hip_compat/cuda_runtime.h:12,
                 from <command-line>:
/mnt/sda2/home/calvin/workspace/strata-validation/toolchains/rocm/lib/python3.10/site-packages/_rocm_sdk_core/include/hip/hip_runtime_api.h:419:3: note: ‘hipError_t’ declared here
  419 | } hipError_t;
      |   ^~~~~~~~~~
/home/calvin/workspace/strata-integration-validation/source/src/core/verify.cpp:1769:21: warning: ignoring returned value of type ‘hipError_t’, declared with attribute ‘nodiscard’ [-Wunused-result]
 1769 |     cudaGraphDestroy(graph);
In file included from /mnt/sda2/home/calvin/workspace/strata-validation/toolchains/rocm/lib/python3.10/site-packages/_rocm_sdk_core/include/hip/hip_runtime.h:65,
                 from /home/calvin/workspace/strata-integration-validation/source/include/strata/hip_compat/cuda_runtime.h:12,
                 from <command-line>:
/mnt/sda2/home/calvin/workspace/strata-validation/toolchains/rocm/lib/python3.10/site-packages/_rocm_sdk_core/include/hip/hip_runtime_api.h:8075:12: note: in call to ‘hipError_t hipGraphDestroy(hipGraph_t)’, declared here
 8075 | hipError_t hipGraphDestroy(hipGraph_t graph);
      |            ^~~~~~~~~~~~~~~
In file included from /mnt/sda2/home/calvin/workspace/strata-validation/toolchains/rocm/lib/python3.10/site-packages/_rocm_sdk_core/include/hip/hip_runtime.h:65,
                 from /home/calvin/workspace/strata-integration-validation/source/include/strata/hip_compat/cuda_runtime.h:12,
                 from <command-line>:
/mnt/sda2/home/calvin/workspace/strata-validation/toolchains/rocm/lib/python3.10/site-packages/_rocm_sdk_core/include/hip/hip_runtime_api.h:419:3: note: ‘hipError_t’ declared here
  419 | } hipError_t;
      |   ^~~~~~~~~~
/home/calvin/workspace/strata-integration-validation/source/src/core/verify.cpp: In member function ‘bool strata::core::Verifier::capture_commit(std::string&)’:
/home/calvin/workspace/strata-integration-validation/source/src/core/verify.cpp:1838:36: warning: ignoring returned value of type ‘hipError_t’, declared with attribute ‘nodiscard’ [-Wunused-result]
 1838 |         if (graph) cudaGraphDestroy(graph);
In file included from /mnt/sda2/home/calvin/workspace/strata-validation/toolchains/rocm/lib/python3.10/site-packages/_rocm_sdk_core/include/hip/hip_runtime.h:65,
                 from /home/calvin/workspace/strata-integration-validation/source/include/strata/hip_compat/cuda_runtime.h:12,
                 from <command-line>:
/mnt/sda2/home/calvin/workspace/strata-validation/toolchains/rocm/lib/python3.10/site-packages/_rocm_sdk_core/include/hip/hip_runtime_api.h:8075:12: note: in call to ‘hipError_t hipGraphDestroy(hipGraph_t)’, declared here
 8075 | hipError_t hipGraphDestroy(hipGraph_t graph);
      |            ^~~~~~~~~~~~~~~
In file included from /mnt/sda2/home/calvin/workspace/strata-validation/toolchains/rocm/lib/python3.10/site-packages/_rocm_sdk_core/include/hip/hip_runtime.h:65,
                 from /home/calvin/workspace/strata-integration-validation/source/include/strata/hip_compat/cuda_runtime.h:12,
                 from <command-line>:
/mnt/sda2/home/calvin/workspace/strata-validation/toolchains/rocm/lib/python3.10/site-packages/_rocm_sdk_core/include/hip/hip_runtime_api.h:419:3: note: ‘hipError_t’ declared here
  419 | } hipError_t;
      |   ^~~~~~~~~~
/home/calvin/workspace/strata-integration-validation/source/src/core/verify.cpp:1842:36: warning: ignoring returned value of type ‘hipError_t’, declared with attribute ‘nodiscard’ [-Wunused-result]
 1842 |         if (graph) cudaGraphDestroy(graph);
In file included from /mnt/sda2/home/calvin/workspace/strata-validation/toolchains/rocm/lib/python3.10/site-packages/_rocm_sdk_core/include/hip/hip_runtime.h:65,
                 from /home/calvin/workspace/strata-integration-validation/source/include/strata/hip_compat/cuda_runtime.h:12,
                 from <command-line>:
/mnt/sda2/home/calvin/workspace/strata-validation/toolchains/rocm/lib/python3.10/site-packages/_rocm_sdk_core/include/hip/hip_runtime_api.h:8075:12: note: in call to ‘hipError_t hipGraphDestroy(hipGraph_t)’, declared here
 8075 | hipError_t hipGraphDestroy(hipGraph_t graph);
      |            ^~~~~~~~~~~~~~~
In file included from /mnt/sda2/home/calvin/workspace/strata-validation/toolchains/rocm/lib/python3.10/site-packages/_rocm_sdk_core/include/hip/hip_runtime.h:65,
                 from /home/calvin/workspace/strata-integration-validation/source/include/strata/hip_compat/cuda_runtime.h:12,
                 from <command-line>:
/mnt/sda2/home/calvin/workspace/strata-validation/toolchains/rocm/lib/python3.10/site-packages/_rocm_sdk_core/include/hip/hip_runtime_api.h:419:3: note: ‘hipError_t’ declared here
  419 | } hipError_t;
      |   ^~~~~~~~~~
/home/calvin/workspace/strata-integration-validation/source/src/core/verify.cpp:1846:21: warning: ignoring returned value of type ‘hipError_t’, declared with attribute ‘nodiscard’ [-Wunused-result]
 1846 |     cudaGraphDestroy(graph);
In file included from /mnt/sda2/home/calvin/workspace/strata-validation/toolchains/rocm/lib/python3.10/site-packages/_rocm_sdk_core/include/hip/hip_runtime.h:65,
                 from /home/calvin/workspace/strata-integration-validation/source/include/strata/hip_compat/cuda_runtime.h:12,
                 from <command-line>:
/mnt/sda2/home/calvin/workspace/strata-validation/toolchains/rocm/lib/python3.10/site-packages/_rocm_sdk_core/include/hip/hip_runtime_api.h:8075:12: note: in call to ‘hipError_t hipGraphDestroy(hipGraph_t)’, declared here
 8075 | hipError_t hipGraphDestroy(hipGraph_t graph);
      |            ^~~~~~~~~~~~~~~
In file included from /mnt/sda2/home/calvin/workspace/strata-validation/toolchains/rocm/lib/python3.10/site-packages/_rocm_sdk_core/include/hip/hip_runtime.h:65,
                 from /home/calvin/workspace/strata-integration-validation/source/include/strata/hip_compat/cuda_runtime.h:12,
                 from <command-line>:
/mnt/sda2/home/calvin/workspace/strata-validation/toolchains/rocm/lib/python3.10/site-packages/_rocm_sdk_core/include/hip/hip_runtime_api.h:419:3: note: ‘hipError_t’ declared here
  419 | } hipError_t;
      |   ^~~~~~~~~~
/home/calvin/workspace/strata-integration-validation/source/src/core/verify.cpp: In member function ‘void strata::core::Verifier::collect_profile()’:
/home/calvin/workspace/strata-integration-validation/source/src/core/verify.cpp:1877:15: warning: ignoring returned value of type ‘hipError_t’, declared with attribute ‘nodiscard’ [-Wunused-result]
 1877 |     cudaMemcpy(prof_h_.data(), prof_, prof_h_.size() * 8, cudaMemcpyDeviceToHost);
In file included from /mnt/sda2/home/calvin/workspace/strata-validation/toolchains/rocm/lib/python3.10/site-packages/_rocm_sdk_core/include/hip/hip_runtime.h:65,
                 from /home/calvin/workspace/strata-integration-validation/source/include/strata/hip_compat/cuda_runtime.h:12,
                 from <command-line>:
/mnt/sda2/home/calvin/workspace/strata-validation/toolchains/rocm/lib/python3.10/site-packages/_rocm_sdk_core/include/hip/hip_runtime_api.h:4651:12: note: in call to ‘hipError_t hipMemcpy(void*, const void*, size_t, hipMemcpyKind)’, declared here
 4651 | hipError_t hipMemcpy(void* dst, const void* src, size_t sizeBytes, hipMemcpyKind kind);
      |            ^~~~~~~~~
In file included from /mnt/sda2/home/calvin/workspace/strata-validation/toolchains/rocm/lib/python3.10/site-packages/_rocm_sdk_core/include/hip/hip_runtime.h:65,
                 from /home/calvin/workspace/strata-integration-validation/source/include/strata/hip_compat/cuda_runtime.h:12,
                 from <command-line>:
/mnt/sda2/home/calvin/workspace/strata-validation/toolchains/rocm/lib/python3.10/site-packages/_rocm_sdk_core/include/hip/hip_runtime_api.h:419:3: note: ‘hipError_t’ declared here
  419 | } hipError_t;
      |   ^~~~~~~~~~
/home/calvin/workspace/strata-integration-validation/source/src/core/verify.cpp: In member function ‘bool strata::core::Verifier::run(int, const int32_t*, int64_t, strata::core::PoolMultiFn, void*, int32_t*, std::string&)’:
/home/calvin/workspace/strata-integration-validation/source/src/core/verify.cpp:2073:30: warning: ignoring returned value of type ‘hipError_t’, declared with attribute ‘nodiscard’ [-Wunused-result]
 2073 |         cudaStreamSynchronize(copy_);   // no host function of this window may raise flag B in the next one
In file included from /mnt/sda2/home/calvin/workspace/strata-validation/toolchains/rocm/lib/python3.10/site-packages/_rocm_sdk_core/include/hip/hip_runtime.h:65,
                 from /home/calvin/workspace/strata-integration-validation/source/include/strata/hip_compat/cuda_runtime.h:12,
                 from <command-line>:
/mnt/sda2/home/calvin/workspace/strata-validation/toolchains/rocm/lib/python3.10/site-packages/_rocm_sdk_core/include/hip/hip_runtime_api.h:2923:12: note: in call to ‘hipError_t hipStreamSynchronize(hipStream_t)’, declared here
 2923 | hipError_t hipStreamSynchronize(hipStream_t stream);
      |            ^~~~~~~~~~~~~~~~~~~~
In file included from /mnt/sda2/home/calvin/workspace/strata-validation/toolchains/rocm/lib/python3.10/site-packages/_rocm_sdk_core/include/hip/hip_runtime.h:65,
                 from /home/calvin/workspace/strata-integration-validation/source/include/strata/hip_compat/cuda_runtime.h:12,
                 from <command-line>:
/mnt/sda2/home/calvin/workspace/strata-validation/toolchains/rocm/lib/python3.10/site-packages/_rocm_sdk_core/include/hip/hip_runtime_api.h:419:3: note: ‘hipError_t’ declared here
  419 | } hipError_t;
      |   ^~~~~~~~~~
/home/calvin/workspace/strata-integration-validation/source/src/core/verify.cpp:2123:23: warning: ignoring returned value of type ‘hipError_t’, declared with attribute ‘nodiscard’ [-Wunused-result]
 2123 |             cudaMemcpy(h.data(), head_logits_, h.size() * 4, cudaMemcpyDeviceToHost);
In file included from /mnt/sda2/home/calvin/workspace/strata-validation/toolchains/rocm/lib/python3.10/site-packages/_rocm_sdk_core/include/hip/hip_runtime.h:65,
                 from /home/calvin/workspace/strata-integration-validation/source/include/strata/hip_compat/cuda_runtime.h:12,
                 from <command-line>:
/mnt/sda2/home/calvin/workspace/strata-validation/toolchains/rocm/lib/python3.10/site-packages/_rocm_sdk_core/include/hip/hip_runtime_api.h:4651:12: note: in call to ‘hipError_t hipMemcpy(void*, const void*, size_t, hipMemcpyKind)’, declared here
 4651 | hipError_t hipMemcpy(void* dst, const void* src, size_t sizeBytes, hipMemcpyKind kind);
      |            ^~~~~~~~~
In file included from /mnt/sda2/home/calvin/workspace/strata-validation/toolchains/rocm/lib/python3.10/site-packages/_rocm_sdk_core/include/hip/hip_runtime.h:65,
                 from /home/calvin/workspace/strata-integration-validation/source/include/strata/hip_compat/cuda_runtime.h:12,
                 from <command-line>:
/mnt/sda2/home/calvin/workspace/strata-validation/toolchains/rocm/lib/python3.10/site-packages/_rocm_sdk_core/include/hip/hip_runtime_api.h:419:3: note: ‘hipError_t’ declared here
  419 | } hipError_t;
      |   ^~~~~~~~~~
/home/calvin/workspace/strata-integration-validation/source/src/core/verify.cpp: In static member function ‘static void strata::core::Verifier::fetch_dma(void*, const uint8_t* const*, int, size_t)’:
/home/calvin/workspace/strata-integration-validation/source/src/core/verify.cpp:2192:52: warning: ignoring returned value of type ‘hipError_t’, declared with attribute ‘nodiscard’ [-Wunused-result]
 2192 |         for (int i = 0; i < n; ++i) cudaMemcpyAsync(stage + (size_t) i * bytes, src[i], bytes, cudaMemcpyHostToDevice, v->copy_);
In file included from /mnt/sda2/home/calvin/workspace/strata-validation/toolchains/rocm/lib/python3.10/site-packages/_rocm_sdk_core/include/hip/hip_runtime.h:65,
                 from /home/calvin/workspace/strata-integration-validation/source/include/strata/hip_compat/cuda_runtime.h:12,
                 from <command-line>:
/mnt/sda2/home/calvin/workspace/strata-validation/toolchains/rocm/lib/python3.10/site-packages/_rocm_sdk_core/include/hip/hip_runtime_api.h:5050:12: note: in call to ‘hipError_t hipMemcpyAsync(void*, const void*, size_t, hipMemcpyKind, hipStream_t)’, declared here
 5050 | hipError_t hipMemcpyAsync(void* dst, const void* src, size_t sizeBytes, hipMemcpyKind kind,
      |            ^~~~~~~~~~~~~~
In file included from /mnt/sda2/home/calvin/workspace/strata-validation/toolchains/rocm/lib/python3.10/site-packages/_rocm_sdk_core/include/hip/hip_runtime.h:65,
                 from /home/calvin/workspace/strata-integration-validation/source/include/strata/hip_compat/cuda_runtime.h:12,
                 from <command-line>:
/mnt/sda2/home/calvin/workspace/strata-validation/toolchains/rocm/lib/python3.10/site-packages/_rocm_sdk_core/include/hip/hip_runtime_api.h:419:3: note: ‘hipError_t’ declared here
  419 | } hipError_t;
      |   ^~~~~~~~~~
/home/calvin/workspace/strata-integration-validation/source/src/core/verify.cpp:2205:23: warning: ignoring returned value of type ‘hipError_t’, declared with attribute ‘nodiscard’ [-Wunused-result]
 2205 |     cudaLaunchHostFunc(v->copy_, [](void* p) { FlagSet* s = (FlagSet*) p; raise_flag(s->flag, s->value); }, &fs);
In file included from /mnt/sda2/home/calvin/workspace/strata-validation/toolchains/rocm/lib/python3.10/site-packages/_rocm_sdk_core/include/hip/hip_runtime.h:65,
                 from /home/calvin/workspace/strata-integration-validation/source/include/strata/hip_compat/cuda_runtime.h:12,
                 from <command-line>:
/mnt/sda2/home/calvin/workspace/strata-validation/toolchains/rocm/lib/python3.10/site-packages/_rocm_sdk_core/include/hip/hip_runtime_api.h:7132:12: note: in call to ‘hipError_t hipLaunchHostFunc(hipStream_t, hipHostFn_t, void*)’, declared here
 7132 | hipError_t hipLaunchHostFunc(hipStream_t stream, hipHostFn_t fn, void* userData);
      |            ^~~~~~~~~~~~~~~~~
In file included from /mnt/sda2/home/calvin/workspace/strata-validation/toolchains/rocm/lib/python3.10/site-packages/_rocm_sdk_core/include/hip/hip_runtime.h:65,
                 from /home/calvin/workspace/strata-integration-validation/source/include/strata/hip_compat/cuda_runtime.h:12,
                 from <command-line>:
/mnt/sda2/home/calvin/workspace/strata-validation/toolchains/rocm/lib/python3.10/site-packages/_rocm_sdk_core/include/hip/hip_runtime_api.h:419:3: note: ‘hipError_t’ declared here
  419 | } hipError_t;
      |   ^~~~~~~~~~
/home/calvin/workspace/strata-integration-validation/source/src/core/verify.cpp: In member function ‘bool strata::core::Verifier::capture_batch(const int*, int, int, std::string&)’:
/home/calvin/workspace/strata-integration-validation/source/src/core/verify.cpp:2376:36: warning: ignoring returned value of type ‘hipError_t’, declared with attribute ‘nodiscard’ [-Wunused-result]
 2376 |         if (graph) cudaGraphDestroy(graph);
In file included from /mnt/sda2/home/calvin/workspace/strata-validation/toolchains/rocm/lib/python3.10/site-packages/_rocm_sdk_core/include/hip/hip_runtime.h:65,
                 from /home/calvin/workspace/strata-integration-validation/source/include/strata/hip_compat/cuda_runtime.h:12,
                 from <command-line>:
/mnt/sda2/home/calvin/workspace/strata-validation/toolchains/rocm/lib/python3.10/site-packages/_rocm_sdk_core/include/hip/hip_runtime_api.h:8075:12: note: in call to ‘hipError_t hipGraphDestroy(hipGraph_t)’, declared here
 8075 | hipError_t hipGraphDestroy(hipGraph_t graph);
      |            ^~~~~~~~~~~~~~~
In file included from /mnt/sda2/home/calvin/workspace/strata-validation/toolchains/rocm/lib/python3.10/site-packages/_rocm_sdk_core/include/hip/hip_runtime.h:65,
                 from /home/calvin/workspace/strata-integration-validation/source/include/strata/hip_compat/cuda_runtime.h:12,
                 from <command-line>:
/mnt/sda2/home/calvin/workspace/strata-validation/toolchains/rocm/lib/python3.10/site-packages/_rocm_sdk_core/include/hip/hip_runtime_api.h:419:3: note: ‘hipError_t’ declared here
  419 | } hipError_t;
      |   ^~~~~~~~~~
/home/calvin/workspace/strata-integration-validation/source/src/core/verify.cpp:2381:21: warning: ignoring returned value of type ‘hipError_t’, declared with attribute ‘nodiscard’ [-Wunused-result]
 2381 |     cudaGraphDestroy(graph);
In file included from /mnt/sda2/home/calvin/workspace/strata-validation/toolchains/rocm/lib/python3.10/site-packages/_rocm_sdk_core/include/hip/hip_runtime.h:65,
                 from /home/calvin/workspace/strata-integration-validation/source/include/strata/hip_compat/cuda_runtime.h:12,
                 from <command-line>:
/mnt/sda2/home/calvin/workspace/strata-validation/toolchains/rocm/lib/python3.10/site-packages/_rocm_sdk_core/include/hip/hip_runtime_api.h:8075:12: note: in call to ‘hipError_t hipGraphDestroy(hipGraph_t)’, declared here
 8075 | hipError_t hipGraphDestroy(hipGraph_t graph);
      |            ^~~~~~~~~~~~~~~
In file included from /mnt/sda2/home/calvin/workspace/strata-validation/toolchains/rocm/lib/python3.10/site-packages/_rocm_sdk_core/include/hip/hip_runtime.h:65,
                 from /home/calvin/workspace/strata-integration-validation/source/include/strata/hip_compat/cuda_runtime.h:12,
                 from <command-line>:
/mnt/sda2/home/calvin/workspace/strata-validation/toolchains/rocm/lib/python3.10/site-packages/_rocm_sdk_core/include/hip/hip_runtime_api.h:419:3: note: ‘hipError_t’ declared here
  419 | } hipError_t;
      |   ^~~~~~~~~~
/home/calvin/workspace/strata-integration-validation/source/src/core/verify.cpp:2383:20: warning: ignoring returned value of type ‘hipError_t’, declared with attribute ‘nodiscard’ [-Wunused-result]
 2383 |     cudaGraphUpload(ex, cs_);
In file included from /mnt/sda2/home/calvin/workspace/strata-validation/toolchains/rocm/lib/python3.10/site-packages/_rocm_sdk_core/include/hip/hip_runtime.h:65,
                 from /home/calvin/workspace/strata-integration-validation/source/include/strata/hip_compat/cuda_runtime.h:12,
                 from <command-line>:
/mnt/sda2/home/calvin/workspace/strata-validation/toolchains/rocm/lib/python3.10/site-packages/_rocm_sdk_core/include/hip/hip_runtime_api.h:8288:12: note: in call to ‘hipError_t hipGraphUpload(hipGraphExec_t, hipStream_t)’, declared here
 8288 | hipError_t hipGraphUpload(hipGraphExec_t graphExec, hipStream_t stream);
      |            ^~~~~~~~~~~~~~
In file included from /mnt/sda2/home/calvin/workspace/strata-validation/toolchains/rocm/lib/python3.10/site-packages/_rocm_sdk_core/include/hip/hip_runtime.h:65,
                 from /home/calvin/workspace/strata-integration-validation/source/include/strata/hip_compat/cuda_runtime.h:12,
                 from <command-line>:
/mnt/sda2/home/calvin/workspace/strata-validation/toolchains/rocm/lib/python3.10/site-packages/_rocm_sdk_core/include/hip/hip_runtime_api.h:419:3: note: ‘hipError_t’ declared here
  419 | } hipError_t;
      |   ^~~~~~~~~~
/home/calvin/workspace/strata-integration-validation/source/src/core/verify.cpp:2384:26: warning: ignoring returned value of type ‘hipError_t’, declared with attribute ‘nodiscard’ [-Wunused-result]
 2384 |     cudaStreamSynchronize(cs_);
In file included from /mnt/sda2/home/calvin/workspace/strata-validation/toolchains/rocm/lib/python3.10/site-packages/_rocm_sdk_core/include/hip/hip_runtime.h:65,
                 from /home/calvin/workspace/strata-integration-validation/source/include/strata/hip_compat/cuda_runtime.h:12,
                 from <command-line>:
/mnt/sda2/home/calvin/workspace/strata-validation/toolchains/rocm/lib/python3.10/site-packages/_rocm_sdk_core/include/hip/hip_runtime_api.h:2923:12: note: in call to ‘hipError_t hipStreamSynchronize(hipStream_t)’, declared here
 2923 | hipError_t hipStreamSynchronize(hipStream_t stream);
      |            ^~~~~~~~~~~~~~~~~~~~
In file included from /mnt/sda2/home/calvin/workspace/strata-validation/toolchains/rocm/lib/python3.10/site-packages/_rocm_sdk_core/include/hip/hip_runtime.h:65,
                 from /home/calvin/workspace/strata-integration-validation/source/include/strata/hip_compat/cuda_runtime.h:12,
                 from <command-line>:
/mnt/sda2/home/calvin/workspace/strata-validation/toolchains/rocm/lib/python3.10/site-packages/_rocm_sdk_core/include/hip/hip_runtime_api.h:419:3: note: ‘hipError_t’ declared here
  419 | } hipError_t;
      |   ^~~~~~~~~~
/home/calvin/workspace/strata-integration-validation/source/src/core/verify.cpp: In member function ‘bool strata::core::Verifier::capture_commit_batch(const int*, int, int, std::string&)’:
/home/calvin/workspace/strata-integration-validation/source/src/core/verify.cpp:2470:36: warning: ignoring returned value of type ‘hipError_t’, declared with attribute ‘nodiscard’ [-Wunused-result]
 2470 |         if (graph) cudaGraphDestroy(graph);
In file included from /mnt/sda2/home/calvin/workspace/strata-validation/toolchains/rocm/lib/python3.10/site-packages/_rocm_sdk_core/include/hip/hip_runtime.h:65,
                 from /home/calvin/workspace/strata-integration-validation/source/include/strata/hip_compat/cuda_runtime.h:12,
                 from <command-line>:
/mnt/sda2/home/calvin/workspace/strata-validation/toolchains/rocm/lib/python3.10/site-packages/_rocm_sdk_core/include/hip/hip_runtime_api.h:8075:12: note: in call to ‘hipError_t hipGraphDestroy(hipGraph_t)’, declared here
 8075 | hipError_t hipGraphDestroy(hipGraph_t graph);
      |            ^~~~~~~~~~~~~~~
In file included from /mnt/sda2/home/calvin/workspace/strata-validation/toolchains/rocm/lib/python3.10/site-packages/_rocm_sdk_core/include/hip/hip_runtime.h:65,
                 from /home/calvin/workspace/strata-integration-validation/source/include/strata/hip_compat/cuda_runtime.h:12,
                 from <command-line>:
/mnt/sda2/home/calvin/workspace/strata-validation/toolchains/rocm/lib/python3.10/site-packages/_rocm_sdk_core/include/hip/hip_runtime_api.h:419:3: note: ‘hipError_t’ declared here
  419 | } hipError_t;
      |   ^~~~~~~~~~
/home/calvin/workspace/strata-integration-validation/source/src/core/verify.cpp:2474:36: warning: ignoring returned value of type ‘hipError_t’, declared with attribute ‘nodiscard’ [-Wunused-result]
 2474 |         if (graph) cudaGraphDestroy(graph);
In file included from /mnt/sda2/home/calvin/workspace/strata-validation/toolchains/rocm/lib/python3.10/site-packages/_rocm_sdk_core/include/hip/hip_runtime.h:65,
                 from /home/calvin/workspace/strata-integration-validation/source/include/strata/hip_compat/cuda_runtime.h:12,
                 from <command-line>:
/mnt/sda2/home/calvin/workspace/strata-validation/toolchains/rocm/lib/python3.10/site-packages/_rocm_sdk_core/include/hip/hip_runtime_api.h:8075:12: note: in call to ‘hipError_t hipGraphDestroy(hipGraph_t)’, declared here
 8075 | hipError_t hipGraphDestroy(hipGraph_t graph);
      |            ^~~~~~~~~~~~~~~
In file included from /mnt/sda2/home/calvin/workspace/strata-validation/toolchains/rocm/lib/python3.10/site-packages/_rocm_sdk_core/include/hip/hip_runtime.h:65,
                 from /home/calvin/workspace/strata-integration-validation/source/include/strata/hip_compat/cuda_runtime.h:12,
                 from <command-line>:
/mnt/sda2/home/calvin/workspace/strata-validation/toolchains/rocm/lib/python3.10/site-packages/_rocm_sdk_core/include/hip/hip_runtime_api.h:419:3: note: ‘hipError_t’ declared here
  419 | } hipError_t;
      |   ^~~~~~~~~~
/home/calvin/workspace/strata-integration-validation/source/src/core/verify.cpp:2479:21: warning: ignoring returned value of type ‘hipError_t’, declared with attribute ‘nodiscard’ [-Wunused-result]
 2479 |     cudaGraphDestroy(graph);
In file included from /mnt/sda2/home/calvin/workspace/strata-validation/toolchains/rocm/lib/python3.10/site-packages/_rocm_sdk_core/include/hip/hip_runtime.h:65,
                 from /home/calvin/workspace/strata-integration-validation/source/include/strata/hip_compat/cuda_runtime.h:12,
                 from <command-line>:
/mnt/sda2/home/calvin/workspace/strata-validation/toolchains/rocm/lib/python3.10/site-packages/_rocm_sdk_core/include/hip/hip_runtime_api.h:8075:12: note: in call to ‘hipError_t hipGraphDestroy(hipGraph_t)’, declared here
 8075 | hipError_t hipGraphDestroy(hipGraph_t graph);
      |            ^~~~~~~~~~~~~~~
In file included from /mnt/sda2/home/calvin/workspace/strata-validation/toolchains/rocm/lib/python3.10/site-packages/_rocm_sdk_core/include/hip/hip_runtime.h:65,
                 from /home/calvin/workspace/strata-integration-validation/source/include/strata/hip_compat/cuda_runtime.h:12,
                 from <command-line>:
/mnt/sda2/home/calvin/workspace/strata-validation/toolchains/rocm/lib/python3.10/site-packages/_rocm_sdk_core/include/hip/hip_runtime_api.h:419:3: note: ‘hipError_t’ declared here
  419 | } hipError_t;
      |   ^~~~~~~~~~
/home/calvin/workspace/strata-integration-validation/source/src/core/verify.cpp: In member function ‘bool strata::core::Verifier::evict_batch_graph(const std::vector<int>&, bool&, std::string&)’:
/home/calvin/workspace/strata-integration-validation/source/src/core/verify.cpp:2499:42: warning: ignoring returned value of type ‘hipError_t’, declared with attribute ‘nodiscard’ [-Wunused-result]
 2499 |     if (old->second) cudaGraphExecDestroy(old->second);
In file included from /mnt/sda2/home/calvin/workspace/strata-validation/toolchains/rocm/lib/python3.10/site-packages/_rocm_sdk_core/include/hip/hip_runtime.h:65,
                 from /home/calvin/workspace/strata-integration-validation/source/include/strata/hip_compat/cuda_runtime.h:12,
                 from <command-line>:
/mnt/sda2/home/calvin/workspace/strata-validation/toolchains/rocm/lib/python3.10/site-packages/_rocm_sdk_core/include/hip/hip_runtime_api.h:8347:12: note: in call to ‘hipError_t hipGraphExecDestroy(hipGraphExec_t)’, declared here
 8347 | hipError_t hipGraphExecDestroy(hipGraphExec_t graphExec);
      |            ^~~~~~~~~~~~~~~~~~~
In file included from /mnt/sda2/home/calvin/workspace/strata-validation/toolchains/rocm/lib/python3.10/site-packages/_rocm_sdk_core/include/hip/hip_runtime.h:65,
                 from /home/calvin/workspace/strata-integration-validation/source/include/strata/hip_compat/cuda_runtime.h:12,
                 from <command-line>:
/mnt/sda2/home/calvin/workspace/strata-validation/toolchains/rocm/lib/python3.10/site-packages/_rocm_sdk_core/include/hip/hip_runtime_api.h:419:3: note: ‘hipError_t’ declared here
  419 | } hipError_t;
      |   ^~~~~~~~~~
/home/calvin/workspace/strata-integration-validation/source/src/core/verify.cpp:2504:53: warning: ignoring returned value of type ‘hipError_t’, declared with attribute ‘nodiscard’ [-Wunused-result]
 2504 |         if (commit_old->second) cudaGraphExecDestroy(commit_old->second);
In file included from /mnt/sda2/home/calvin/workspace/strata-validation/toolchains/rocm/lib/python3.10/site-packages/_rocm_sdk_core/include/hip/hip_runtime.h:65,
                 from /home/calvin/workspace/strata-integration-validation/source/include/strata/hip_compat/cuda_runtime.h:12,
                 from <command-line>:
/mnt/sda2/home/calvin/workspace/strata-validation/toolchains/rocm/lib/python3.10/site-packages/_rocm_sdk_core/include/hip/hip_runtime_api.h:8347:12: note: in call to ‘hipError_t hipGraphExecDestroy(hipGraphExec_t)’, declared here
 8347 | hipError_t hipGraphExecDestroy(hipGraphExec_t graphExec);
      |            ^~~~~~~~~~~~~~~~~~~
In file included from /mnt/sda2/home/calvin/workspace/strata-validation/toolchains/rocm/lib/python3.10/site-packages/_rocm_sdk_core/include/hip/hip_runtime.h:65,
                 from /home/calvin/workspace/strata-integration-validation/source/include/strata/hip_compat/cuda_runtime.h:12,
                 from <command-line>:
/mnt/sda2/home/calvin/workspace/strata-validation/toolchains/rocm/lib/python3.10/site-packages/_rocm_sdk_core/include/hip/hip_runtime_api.h:419:3: note: ‘hipError_t’ declared here
  419 | } hipError_t;
      |   ^~~~~~~~~~
/home/calvin/workspace/strata-integration-validation/source/src/core/verify.cpp: In member function ‘bool strata::core::Verifier::run_slot_rows(const int*, int, const int32_t*, const int64_t*, strata::core::PoolMultiFn, void*, int32_t*, std::string&)’:
/home/calvin/workspace/strata-integration-validation/source/src/core/verify.cpp:2668:30: warning: ignoring returned value of type ‘hipError_t’, declared with attribute ‘nodiscard’ [-Wunused-result]
 2668 |         cudaStreamSynchronize(copy_);
In file included from /mnt/sda2/home/calvin/workspace/strata-validation/toolchains/rocm/lib/python3.10/site-packages/_rocm_sdk_core/include/hip/hip_runtime.h:65,
                 from /home/calvin/workspace/strata-integration-validation/source/include/strata/hip_compat/cuda_runtime.h:12,
                 from <command-line>:
/mnt/sda2/home/calvin/workspace/strata-validation/toolchains/rocm/lib/python3.10/site-packages/_rocm_sdk_core/include/hip/hip_runtime_api.h:2923:12: note: in call to ‘hipError_t hipStreamSynchronize(hipStream_t)’, declared here
 2923 | hipError_t hipStreamSynchronize(hipStream_t stream);
      |            ^~~~~~~~~~~~~~~~~~~~
In file included from /mnt/sda2/home/calvin/workspace/strata-validation/toolchains/rocm/lib/python3.10/site-packages/_rocm_sdk_core/include/hip/hip_runtime.h:65,
                 from /home/calvin/workspace/strata-integration-validation/source/include/strata/hip_compat/cuda_runtime.h:12,
                 from <command-line>:
/mnt/sda2/home/calvin/workspace/strata-validation/toolchains/rocm/lib/python3.10/site-packages/_rocm_sdk_core/include/hip/hip_runtime_api.h:419:3: note: ‘hipError_t’ declared here
  419 | } hipError_t;
      |   ^~~~~~~~~~
/home/calvin/workspace/strata-integration-validation/source/src/core/verify.cpp:2729:26: warning: ignoring returned value of type ‘hipError_t’, declared with attribute ‘nodiscard’ [-Wunused-result]
 2729 |     cudaStreamSynchronize(copy_);
In file included from /mnt/sda2/home/calvin/workspace/strata-validation/toolchains/rocm/lib/python3.10/site-packages/_rocm_sdk_core/include/hip/hip_runtime.h:65,
                 from /home/calvin/workspace/strata-integration-validation/source/include/strata/hip_compat/cuda_runtime.h:12,
                 from <command-line>:
/mnt/sda2/home/calvin/workspace/strata-validation/toolchains/rocm/lib/python3.10/site-packages/_rocm_sdk_core/include/hip/hip_runtime_api.h:2923:12: note: in call to ‘hipError_t hipStreamSynchronize(hipStream_t)’, declared here
 2923 | hipError_t hipStreamSynchronize(hipStream_t stream);
      |            ^~~~~~~~~~~~~~~~~~~~
In file included from /mnt/sda2/home/calvin/workspace/strata-validation/toolchains/rocm/lib/python3.10/site-packages/_rocm_sdk_core/include/hip/hip_runtime.h:65,
                 from /home/calvin/workspace/strata-integration-validation/source/include/strata/hip_compat/cuda_runtime.h:12,
                 from <command-line>:
/mnt/sda2/home/calvin/workspace/strata-validation/toolchains/rocm/lib/python3.10/site-packages/_rocm_sdk_core/include/hip/hip_runtime_api.h:419:3: note: ‘hipError_t’ declared here
  419 | } hipError_t;
      |   ^~~~~~~~~~
/home/calvin/workspace/strata-integration-validation/source/src/core/verify.cpp: In member function ‘bool strata::core::Verifier::capture_all(std::string&)’:
/home/calvin/workspace/strata-integration-validation/source/src/core/verify.cpp:2946:25: warning: ignoring returned value of type ‘hipError_t’, declared with attribute ‘nodiscard’ [-Wunused-result]
 2946 |         cudaGetLastError();
In file included from /mnt/sda2/home/calvin/workspace/strata-validation/toolchains/rocm/lib/python3.10/site-packages/_rocm_sdk_core/include/hip/hip_runtime.h:65,
                 from /home/calvin/workspace/strata-integration-validation/source/include/strata/hip_compat/cuda_runtime.h:12,
                 from <command-line>:
/mnt/sda2/home/calvin/workspace/strata-validation/toolchains/rocm/lib/python3.10/site-packages/_rocm_sdk_core/include/hip/hip_runtime_api.h:2708:12: note: in call to ‘hipError_t hipGetLastError()’, declared here
 2708 | hipError_t hipGetLastError(void);
      |            ^~~~~~~~~~~~~~~
In file included from /mnt/sda2/home/calvin/workspace/strata-validation/toolchains/rocm/lib/python3.10/site-packages/_rocm_sdk_core/include/hip/hip_runtime.h:65,
                 from /home/calvin/workspace/strata-integration-validation/source/include/strata/hip_compat/cuda_runtime.h:12,
                 from <command-line>:
/mnt/sda2/home/calvin/workspace/strata-validation/toolchains/rocm/lib/python3.10/site-packages/_rocm_sdk_core/include/hip/hip_runtime_api.h:419:3: note: ‘hipError_t’ declared here
  419 | } hipError_t;
      |   ^~~~~~~~~~
/home/calvin/workspace/strata-integration-validation/source/src/core/verify.cpp: In member function ‘bool strata::core::Verifier::pl_launch(int, const int32_t*, int64_t, std::string&)’:
/home/calvin/workspace/strata-integration-validation/source/src/core/verify.cpp:3016:34: warning: ignoring returned value of type ‘hipError_t’, declared with attribute ‘nodiscard’ [-Wunused-result]
 3016 |     if (fl_prof_) cudaMemcpyAsync(prof_pin_, prof_, prof_h_.size() * 8, cudaMemcpyDeviceToHost, cs_);
In file included from /mnt/sda2/home/calvin/workspace/strata-validation/toolchains/rocm/lib/python3.10/site-packages/_rocm_sdk_core/include/hip/hip_runtime.h:65,
                 from /home/calvin/workspace/strata-integration-validation/source/include/strata/hip_compat/cuda_runtime.h:12,
                 from <command-line>:
/mnt/sda2/home/calvin/workspace/strata-validation/toolchains/rocm/lib/python3.10/site-packages/_rocm_sdk_core/include/hip/hip_runtime_api.h:5050:12: note: in call to ‘hipError_t hipMemcpyAsync(void*, const void*, size_t, hipMemcpyKind, hipStream_t)’, declared here
 5050 | hipError_t hipMemcpyAsync(void* dst, const void* src, size_t sizeBytes, hipMemcpyKind kind,
      |            ^~~~~~~~~~~~~~
In file included from /mnt/sda2/home/calvin/workspace/strata-validation/toolchains/rocm/lib/python3.10/site-packages/_rocm_sdk_core/include/hip/hip_runtime.h:65,
                 from /home/calvin/workspace/strata-integration-validation/source/include/strata/hip_compat/cuda_runtime.h:12,
                 from <command-line>:
/mnt/sda2/home/calvin/workspace/strata-validation/toolchains/rocm/lib/python3.10/site-packages/_rocm_sdk_core/include/hip/hip_runtime_api.h:419:3: note: ‘hipError_t’ declared here
  419 | } hipError_t;
      |   ^~~~~~~~~~
[6/13] Building CXX object CMakeFiles/strata_engine.dir/src/core/mtp.cpp.o
In file included from /home/calvin/workspace/strata-integration-validation/source/src/core/mtp.cpp:7:
/home/calvin/workspace/strata-integration-validation/source/include/strata/core/on_device.hpp: In destructor ‘strata::core::OnDevice::~OnDevice()’:
/home/calvin/workspace/strata-integration-validation/source/include/strata/core/on_device.hpp:17:51: warning: ignoring returned value of type ‘hipError_t’, declared with attribute ‘nodiscard’ [-Wunused-result]
   17 |     ~OnDevice() { if (previous >= 0) cudaSetDevice(previous); }
In file included from /mnt/sda2/home/calvin/workspace/strata-validation/toolchains/rocm/lib/python3.10/site-packages/_rocm_sdk_core/include/hip/hip_runtime.h:65,
                 from /home/calvin/workspace/strata-integration-validation/source/include/strata/hip_compat/cuda_runtime.h:12,
                 from <command-line>:
/mnt/sda2/home/calvin/workspace/strata-validation/toolchains/rocm/lib/python3.10/site-packages/_rocm_sdk_core/include/hip/hip_runtime_api.h:2233:12: note: in call to ‘hipError_t hipSetDevice(int)’, declared here
 2233 | hipError_t hipSetDevice(int deviceId);
      |            ^~~~~~~~~~~~
In file included from /mnt/sda2/home/calvin/workspace/strata-validation/toolchains/rocm/lib/python3.10/site-packages/_rocm_sdk_core/include/hip/hip_runtime.h:65,
                 from /home/calvin/workspace/strata-integration-validation/source/include/strata/hip_compat/cuda_runtime.h:12,
                 from <command-line>:
/mnt/sda2/home/calvin/workspace/strata-validation/toolchains/rocm/lib/python3.10/site-packages/_rocm_sdk_core/include/hip/hip_runtime_api.h:419:3: note: ‘hipError_t’ declared here
  419 | } hipError_t;
      |   ^~~~~~~~~~
/home/calvin/workspace/strata-integration-validation/source/src/core/mtp.cpp: In destructor ‘strata::core::MtpDrafter::~MtpDrafter()’:
/home/calvin/workspace/strata-integration-validation/source/src/core/mtp.cpp:128:35: warning: ignoring returned value of type ‘hipError_t’, declared with attribute ‘nodiscard’ [-Wunused-result]
  128 |     if (cs_) cudaStreamSynchronize(cs_);
In file included from /mnt/sda2/home/calvin/workspace/strata-validation/toolchains/rocm/lib/python3.10/site-packages/_rocm_sdk_core/include/hip/hip_runtime.h:65,
                 from /home/calvin/workspace/strata-integration-validation/source/include/strata/hip_compat/cuda_runtime.h:12,
                 from <command-line>:
/mnt/sda2/home/calvin/workspace/strata-validation/toolchains/rocm/lib/python3.10/site-packages/_rocm_sdk_core/include/hip/hip_runtime_api.h:2923:12: note: in call to ‘hipError_t hipStreamSynchronize(hipStream_t)’, declared here
 2923 | hipError_t hipStreamSynchronize(hipStream_t stream);
      |            ^~~~~~~~~~~~~~~~~~~~
In file included from /mnt/sda2/home/calvin/workspace/strata-validation/toolchains/rocm/lib/python3.10/site-packages/_rocm_sdk_core/include/hip/hip_runtime.h:65,
                 from /home/calvin/workspace/strata-integration-validation/source/include/strata/hip_compat/cuda_runtime.h:12,
                 from <command-line>:
/mnt/sda2/home/calvin/workspace/strata-validation/toolchains/rocm/lib/python3.10/site-packages/_rocm_sdk_core/include/hip/hip_runtime_api.h:419:3: note: ‘hipError_t’ declared here
  419 | } hipError_t;
      |   ^~~~~~~~~~
/home/calvin/workspace/strata-integration-validation/source/src/core/mtp.cpp:129:62: warning: ignoring returned value of type ‘hipError_t’, declared with attribute ‘nodiscard’ [-Wunused-result]
  129 |     for (auto& e : prefill_exec_) if (e) cudaGraphExecDestroy(e);
In file included from /mnt/sda2/home/calvin/workspace/strata-validation/toolchains/rocm/lib/python3.10/site-packages/_rocm_sdk_core/include/hip/hip_runtime.h:65,
                 from /home/calvin/workspace/strata-integration-validation/source/include/strata/hip_compat/cuda_runtime.h:12,
                 from <command-line>:
/mnt/sda2/home/calvin/workspace/strata-validation/toolchains/rocm/lib/python3.10/site-packages/_rocm_sdk_core/include/hip/hip_runtime_api.h:8347:12: note: in call to ‘hipError_t hipGraphExecDestroy(hipGraphExec_t)’, declared here
 8347 | hipError_t hipGraphExecDestroy(hipGraphExec_t graphExec);
      |            ^~~~~~~~~~~~~~~~~~~
In file included from /mnt/sda2/home/calvin/workspace/strata-validation/toolchains/rocm/lib/python3.10/site-packages/_rocm_sdk_core/include/hip/hip_runtime.h:65,
                 from /home/calvin/workspace/strata-integration-validation/source/include/strata/hip_compat/cuda_runtime.h:12,
                 from <command-line>:
/mnt/sda2/home/calvin/workspace/strata-validation/toolchains/rocm/lib/python3.10/site-packages/_rocm_sdk_core/include/hip/hip_runtime_api.h:419:3: note: ‘hipError_t’ declared here
  419 | } hipError_t;
      |   ^~~~~~~~~~
/home/calvin/workspace/strata-integration-validation/source/src/core/mtp.cpp:130:66: warning: ignoring returned value of type ‘hipError_t’, declared with attribute ‘nodiscard’ [-Wunused-result]
  130 |     for (auto& e : prefill_dev_exec_) if (e) cudaGraphExecDestroy(e);
In file included from /mnt/sda2/home/calvin/workspace/strata-validation/toolchains/rocm/lib/python3.10/site-packages/_rocm_sdk_core/include/hip/hip_runtime.h:65,
                 from /home/calvin/workspace/strata-integration-validation/source/include/strata/hip_compat/cuda_runtime.h:12,
                 from <command-line>:
/mnt/sda2/home/calvin/workspace/strata-validation/toolchains/rocm/lib/python3.10/site-packages/_rocm_sdk_core/include/hip/hip_runtime_api.h:8347:12: note: in call to ‘hipError_t hipGraphExecDestroy(hipGraphExec_t)’, declared here
 8347 | hipError_t hipGraphExecDestroy(hipGraphExec_t graphExec);
      |            ^~~~~~~~~~~~~~~~~~~
In file included from /mnt/sda2/home/calvin/workspace/strata-validation/toolchains/rocm/lib/python3.10/site-packages/_rocm_sdk_core/include/hip/hip_runtime.h:65,
                 from /home/calvin/workspace/strata-integration-validation/source/include/strata/hip_compat/cuda_runtime.h:12,
                 from <command-line>:
/mnt/sda2/home/calvin/workspace/strata-validation/toolchains/rocm/lib/python3.10/site-packages/_rocm_sdk_core/include/hip/hip_runtime_api.h:419:3: note: ‘hipError_t’ declared here
  419 | } hipError_t;
      |   ^~~~~~~~~~
/home/calvin/workspace/strata-integration-validation/source/src/core/mtp.cpp:131:26: warning: ignoring returned value of type ‘hipError_t’, declared with attribute ‘nodiscard’ [-Wunused-result]
  131 |     if (pf_dev_) cudaFree(pf_dev_);
In file included from /mnt/sda2/home/calvin/workspace/strata-validation/toolchains/rocm/lib/python3.10/site-packages/_rocm_sdk_core/include/hip/hip_runtime.h:65,
                 from /home/calvin/workspace/strata-integration-validation/source/include/strata/hip_compat/cuda_runtime.h:12,
                 from <command-line>:
/mnt/sda2/home/calvin/workspace/strata-validation/toolchains/rocm/lib/python3.10/site-packages/_rocm_sdk_core/include/hip/hip_runtime_api.h:4592:12: note: in call to ‘hipError_t hipFree(void*)’, declared here
 4592 | hipError_t hipFree(void* ptr);
      |            ^~~~~~~
In file included from /mnt/sda2/home/calvin/workspace/strata-validation/toolchains/rocm/lib/python3.10/site-packages/_rocm_sdk_core/include/hip/hip_runtime.h:65,
                 from /home/calvin/workspace/strata-integration-validation/source/include/strata/hip_compat/cuda_runtime.h:12,
                 from <command-line>:
/mnt/sda2/home/calvin/workspace/strata-validation/toolchains/rocm/lib/python3.10/site-packages/_rocm_sdk_core/include/hip/hip_runtime_api.h:419:3: note: ‘hipError_t’ declared here
  419 | } hipError_t;
      |   ^~~~~~~~~~
/home/calvin/workspace/strata-integration-validation/source/src/core/mtp.cpp:132:26: warning: ignoring returned value of type ‘hipError_t’, declared with attribute ‘nodiscard’ [-Wunused-result]
  132 |     if (dense4_) cudaFree(dense4_);
In file included from /mnt/sda2/home/calvin/workspace/strata-validation/toolchains/rocm/lib/python3.10/site-packages/_rocm_sdk_core/include/hip/hip_runtime.h:65,
                 from /home/calvin/workspace/strata-integration-validation/source/include/strata/hip_compat/cuda_runtime.h:12,
                 from <command-line>:
/mnt/sda2/home/calvin/workspace/strata-validation/toolchains/rocm/lib/python3.10/site-packages/_rocm_sdk_core/include/hip/hip_runtime_api.h:4592:12: note: in call to ‘hipError_t hipFree(void*)’, declared here
 4592 | hipError_t hipFree(void* ptr);
      |            ^~~~~~~
In file included from /mnt/sda2/home/calvin/workspace/strata-validation/toolchains/rocm/lib/python3.10/site-packages/_rocm_sdk_core/include/hip/hip_runtime.h:65,
                 from /home/calvin/workspace/strata-integration-validation/source/include/strata/hip_compat/cuda_runtime.h:12,
                 from <command-line>:
/mnt/sda2/home/calvin/workspace/strata-validation/toolchains/rocm/lib/python3.10/site-packages/_rocm_sdk_core/include/hip/hip_runtime_api.h:419:3: note: ‘hipError_t’ declared here
  419 | } hipError_t;
      |   ^~~~~~~~~~
/home/calvin/workspace/strata-integration-validation/source/src/core/mtp.cpp:133:60: warning: ignoring returned value of type ‘hipError_t’, declared with attribute ‘nodiscard’ [-Wunused-result]
  133 |     for (auto& e : round_exec_) if (e) cudaGraphExecDestroy(e);
In file included from /mnt/sda2/home/calvin/workspace/strata-validation/toolchains/rocm/lib/python3.10/site-packages/_rocm_sdk_core/include/hip/hip_runtime.h:65,
                 from /home/calvin/workspace/strata-integration-validation/source/include/strata/hip_compat/cuda_runtime.h:12,
                 from <command-line>:
/mnt/sda2/home/calvin/workspace/strata-validation/toolchains/rocm/lib/python3.10/site-packages/_rocm_sdk_core/include/hip/hip_runtime_api.h:8347:12: note: in call to ‘hipError_t hipGraphExecDestroy(hipGraphExec_t)’, declared here
 8347 | hipError_t hipGraphExecDestroy(hipGraphExec_t graphExec);
      |            ^~~~~~~~~~~~~~~~~~~
In file included from /mnt/sda2/home/calvin/workspace/strata-validation/toolchains/rocm/lib/python3.10/site-packages/_rocm_sdk_core/include/hip/hip_runtime.h:65,
                 from /home/calvin/workspace/strata-integration-validation/source/include/strata/hip_compat/cuda_runtime.h:12,
                 from <command-line>:
/mnt/sda2/home/calvin/workspace/strata-validation/toolchains/rocm/lib/python3.10/site-packages/_rocm_sdk_core/include/hip/hip_runtime_api.h:419:3: note: ‘hipError_t’ declared here
  419 | } hipError_t;
      |   ^~~~~~~~~~
/home/calvin/workspace/strata-integration-validation/source/src/core/mtp.cpp:134:59: warning: ignoring returned value of type ‘hipError_t’, declared with attribute ‘nodiscard’ [-Wunused-result]
  134 |     for (auto& e : step_exec_) if (e) cudaGraphExecDestroy(e);
In file included from /mnt/sda2/home/calvin/workspace/strata-validation/toolchains/rocm/lib/python3.10/site-packages/_rocm_sdk_core/include/hip/hip_runtime.h:65,
                 from /home/calvin/workspace/strata-integration-validation/source/include/strata/hip_compat/cuda_runtime.h:12,
                 from <command-line>:
/mnt/sda2/home/calvin/workspace/strata-validation/toolchains/rocm/lib/python3.10/site-packages/_rocm_sdk_core/include/hip/hip_runtime_api.h:8347:12: note: in call to ‘hipError_t hipGraphExecDestroy(hipGraphExec_t)’, declared here
 8347 | hipError_t hipGraphExecDestroy(hipGraphExec_t graphExec);
      |            ^~~~~~~~~~~~~~~~~~~
In file included from /mnt/sda2/home/calvin/workspace/strata-validation/toolchains/rocm/lib/python3.10/site-packages/_rocm_sdk_core/include/hip/hip_runtime.h:65,
                 from /home/calvin/workspace/strata-integration-validation/source/include/strata/hip_compat/cuda_runtime.h:12,
                 from <command-line>:
/mnt/sda2/home/calvin/workspace/strata-validation/toolchains/rocm/lib/python3.10/site-packages/_rocm_sdk_core/include/hip/hip_runtime_api.h:419:3: note: ‘hipError_t’ declared here
  419 | } hipError_t;
      |   ^~~~~~~~~~
/home/calvin/workspace/strata-integration-validation/source/src/core/mtp.cpp:135:62: warning: ignoring returned value of type ‘hipError_t’, declared with attribute ‘nodiscard’ [-Wunused-result]
  135 |     for (auto& e : round_exec_c_) if (e) cudaGraphExecDestroy(e);
In file included from /mnt/sda2/home/calvin/workspace/strata-validation/toolchains/rocm/lib/python3.10/site-packages/_rocm_sdk_core/include/hip/hip_runtime.h:65,
                 from /home/calvin/workspace/strata-integration-validation/source/include/strata/hip_compat/cuda_runtime.h:12,
                 from <command-line>:
/mnt/sda2/home/calvin/workspace/strata-validation/toolchains/rocm/lib/python3.10/site-packages/_rocm_sdk_core/include/hip/hip_runtime_api.h:8347:12: note: in call to ‘hipError_t hipGraphExecDestroy(hipGraphExec_t)’, declared here
 8347 | hipError_t hipGraphExecDestroy(hipGraphExec_t graphExec);
      |            ^~~~~~~~~~~~~~~~~~~
In file included from /mnt/sda2/home/calvin/workspace/strata-validation/toolchains/rocm/lib/python3.10/site-packages/_rocm_sdk_core/include/hip/hip_runtime.h:65,
                 from /home/calvin/workspace/strata-integration-validation/source/include/strata/hip_compat/cuda_runtime.h:12,
                 from <command-line>:
/mnt/sda2/home/calvin/workspace/strata-validation/toolchains/rocm/lib/python3.10/site-packages/_rocm_sdk_core/include/hip/hip_runtime_api.h:419:3: note: ‘hipError_t’ declared here
  419 | } hipError_t;
      |   ^~~~~~~~~~
/home/calvin/workspace/strata-integration-validation/source/src/core/mtp.cpp:136:61: warning: ignoring returned value of type ‘hipError_t’, declared with attribute ‘nodiscard’ [-Wunused-result]
  136 |     for (auto& e : step_exec_c_) if (e) cudaGraphExecDestroy(e);
In file included from /mnt/sda2/home/calvin/workspace/strata-validation/toolchains/rocm/lib/python3.10/site-packages/_rocm_sdk_core/include/hip/hip_runtime.h:65,
                 from /home/calvin/workspace/strata-integration-validation/source/include/strata/hip_compat/cuda_runtime.h:12,
                 from <command-line>:
/mnt/sda2/home/calvin/workspace/strata-validation/toolchains/rocm/lib/python3.10/site-packages/_rocm_sdk_core/include/hip/hip_runtime_api.h:8347:12: note: in call to ‘hipError_t hipGraphExecDestroy(hipGraphExec_t)’, declared here
 8347 | hipError_t hipGraphExecDestroy(hipGraphExec_t graphExec);
      |            ^~~~~~~~~~~~~~~~~~~
In file included from /mnt/sda2/home/calvin/workspace/strata-validation/toolchains/rocm/lib/python3.10/site-packages/_rocm_sdk_core/include/hip/hip_runtime.h:65,
                 from /home/calvin/workspace/strata-integration-validation/source/include/strata/hip_compat/cuda_runtime.h:12,
                 from <command-line>:
/mnt/sda2/home/calvin/workspace/strata-validation/toolchains/rocm/lib/python3.10/site-packages/_rocm_sdk_core/include/hip/hip_runtime_api.h:419:3: note: ‘hipError_t’ declared here
  419 | } hipError_t;
      |   ^~~~~~~~~~
/home/calvin/workspace/strata-integration-validation/source/src/core/mtp.cpp:137:27: warning: ignoring returned value of type ‘hipError_t’, declared with attribute ‘nodiscard’ [-Wunused-result]
  137 |     if (cparams_) cudaFree(cparams_);
In file included from /mnt/sda2/home/calvin/workspace/strata-validation/toolchains/rocm/lib/python3.10/site-packages/_rocm_sdk_core/include/hip/hip_runtime.h:65,
                 from /home/calvin/workspace/strata-integration-validation/source/include/strata/hip_compat/cuda_runtime.h:12,
                 from <command-line>:
/mnt/sda2/home/calvin/workspace/strata-validation/toolchains/rocm/lib/python3.10/site-packages/_rocm_sdk_core/include/hip/hip_runtime_api.h:4592:12: note: in call to ‘hipError_t hipFree(void*)’, declared here
 4592 | hipError_t hipFree(void* ptr);
      |            ^~~~~~~
In file included from /mnt/sda2/home/calvin/workspace/strata-validation/toolchains/rocm/lib/python3.10/site-packages/_rocm_sdk_core/include/hip/hip_runtime.h:65,
                 from /home/calvin/workspace/strata-integration-validation/source/include/strata/hip_compat/cuda_runtime.h:12,
                 from <command-line>:
/mnt/sda2/home/calvin/workspace/strata-validation/toolchains/rocm/lib/python3.10/site-packages/_rocm_sdk_core/include/hip/hip_runtime_api.h:419:3: note: ‘hipError_t’ declared here
  419 | } hipError_t;
      |   ^~~~~~~~~~
/home/calvin/workspace/strata-integration-validation/source/src/core/mtp.cpp:138:25: warning: ignoring returned value of type ‘hipError_t’, declared with attribute ‘nodiscard’ [-Wunused-result]
  138 |     if (cring_) cudaFree(cring_);
In file included from /mnt/sda2/home/calvin/workspace/strata-validation/toolchains/rocm/lib/python3.10/site-packages/_rocm_sdk_core/include/hip/hip_runtime.h:65,
                 from /home/calvin/workspace/strata-integration-validation/source/include/strata/hip_compat/cuda_runtime.h:12,
                 from <command-line>:
/mnt/sda2/home/calvin/workspace/strata-validation/toolchains/rocm/lib/python3.10/site-packages/_rocm_sdk_core/include/hip/hip_runtime_api.h:4592:12: note: in call to ‘hipError_t hipFree(void*)’, declared here
 4592 | hipError_t hipFree(void* ptr);
      |            ^~~~~~~
In file included from /mnt/sda2/home/calvin/workspace/strata-validation/toolchains/rocm/lib/python3.10/site-packages/_rocm_sdk_core/include/hip/hip_runtime.h:65,
                 from /home/calvin/workspace/strata-integration-validation/source/include/strata/hip_compat/cuda_runtime.h:12,
                 from <command-line>:
/mnt/sda2/home/calvin/workspace/strata-validation/toolchains/rocm/lib/python3.10/site-packages/_rocm_sdk_core/include/hip/hip_runtime_api.h:419:3: note: ‘hipError_t’ declared here
  419 | } hipError_t;
      |   ^~~~~~~~~~
/home/calvin/workspace/strata-integration-validation/source/src/core/mtp.cpp:139:24: warning: ignoring returned value of type ‘hipError_t’, declared with attribute ‘nodiscard’ [-Wunused-result]
  139 |     if (dinv_) cudaFree(dinv_);
In file included from /mnt/sda2/home/calvin/workspace/strata-validation/toolchains/rocm/lib/python3.10/site-packages/_rocm_sdk_core/include/hip/hip_runtime.h:65,
                 from /home/calvin/workspace/strata-integration-validation/source/include/strata/hip_compat/cuda_runtime.h:12,
                 from <command-line>:
/mnt/sda2/home/calvin/workspace/strata-validation/toolchains/rocm/lib/python3.10/site-packages/_rocm_sdk_core/include/hip/hip_runtime_api.h:4592:12: note: in call to ‘hipError_t hipFree(void*)’, declared here
 4592 | hipError_t hipFree(void* ptr);
      |            ^~~~~~~
In file included from /mnt/sda2/home/calvin/workspace/strata-validation/toolchains/rocm/lib/python3.10/site-packages/_rocm_sdk_core/include/hip/hip_runtime.h:65,
                 from /home/calvin/workspace/strata-integration-validation/source/include/strata/hip_compat/cuda_runtime.h:12,
                 from <command-line>:
/mnt/sda2/home/calvin/workspace/strata-validation/toolchains/rocm/lib/python3.10/site-packages/_rocm_sdk_core/include/hip/hip_runtime_api.h:419:3: note: ‘hipError_t’ declared here
  419 | } hipError_t;
      |   ^~~~~~~~~~
/home/calvin/workspace/strata-integration-validation/source/src/core/mtp.cpp:140:28: warning: ignoring returned value of type ‘hipError_t’, declared with attribute ‘nodiscard’ [-Wunused-result]
  140 |     if (cscratch_) cudaFree(cscratch_);
In file included from /mnt/sda2/home/calvin/workspace/strata-validation/toolchains/rocm/lib/python3.10/site-packages/_rocm_sdk_core/include/hip/hip_runtime.h:65,
                 from /home/calvin/workspace/strata-integration-validation/source/include/strata/hip_compat/cuda_runtime.h:12,
                 from <command-line>:
/mnt/sda2/home/calvin/workspace/strata-validation/toolchains/rocm/lib/python3.10/site-packages/_rocm_sdk_core/include/hip/hip_runtime_api.h:4592:12: note: in call to ‘hipError_t hipFree(void*)’, declared here
 4592 | hipError_t hipFree(void* ptr);
      |            ^~~~~~~
In file included from /mnt/sda2/home/calvin/workspace/strata-validation/toolchains/rocm/lib/python3.10/site-packages/_rocm_sdk_core/include/hip/hip_runtime.h:65,
                 from /home/calvin/workspace/strata-integration-validation/source/include/strata/hip_compat/cuda_runtime.h:12,
                 from <command-line>:
/mnt/sda2/home/calvin/workspace/strata-validation/toolchains/rocm/lib/python3.10/site-packages/_rocm_sdk_core/include/hip/hip_runtime_api.h:419:3: note: ‘hipError_t’ declared here
  419 | } hipError_t;
      |   ^~~~~~~~~~
/home/calvin/workspace/strata-integration-validation/source/src/core/mtp.cpp:141:33: warning: ignoring returned value of type ‘hipError_t’, declared with attribute ‘nodiscard’ [-Wunused-result]
  141 |     if (h_cparams_) cudaFreeHost(h_cparams_);
In file included from /mnt/sda2/home/calvin/workspace/strata-validation/toolchains/rocm/lib/python3.10/site-packages/_rocm_sdk_core/include/hip/hip_runtime.h:65,
                 from /home/calvin/workspace/strata-integration-validation/source/include/strata/hip_compat/cuda_runtime.h:12,
                 from <command-line>:
/mnt/sda2/home/calvin/workspace/strata-validation/toolchains/rocm/lib/python3.10/site-packages/_rocm_sdk_core/include/hip/hip_runtime_api.h:4604:12: note: in call to ‘hipError_t hipFreeHost(void*)’, declared here
 4604 | hipError_t hipFreeHost(void* ptr);
      |            ^~~~~~~~~~~
In file included from /mnt/sda2/home/calvin/workspace/strata-validation/toolchains/rocm/lib/python3.10/site-packages/_rocm_sdk_core/include/hip/hip_runtime.h:65,
                 from /home/calvin/workspace/strata-integration-validation/source/include/strata/hip_compat/cuda_runtime.h:12,
                 from <command-line>:
/mnt/sda2/home/calvin/workspace/strata-validation/toolchains/rocm/lib/python3.10/site-packages/_rocm_sdk_core/include/hip/hip_runtime_api.h:419:3: note: ‘hipError_t’ declared here
  419 | } hipError_t;
      |   ^~~~~~~~~~
/home/calvin/workspace/strata-integration-validation/source/src/core/mtp.cpp:142:31: warning: ignoring returned value of type ‘hipError_t’, declared with attribute ‘nodiscard’ [-Wunused-result]
  142 |     if (h_chist_) cudaFreeHost(h_chist_);
In file included from /mnt/sda2/home/calvin/workspace/strata-validation/toolchains/rocm/lib/python3.10/site-packages/_rocm_sdk_core/include/hip/hip_runtime.h:65,
                 from /home/calvin/workspace/strata-integration-validation/source/include/strata/hip_compat/cuda_runtime.h:12,
                 from <command-line>:
/mnt/sda2/home/calvin/workspace/strata-validation/toolchains/rocm/lib/python3.10/site-packages/_rocm_sdk_core/include/hip/hip_runtime_api.h:4604:12: note: in call to ‘hipError_t hipFreeHost(void*)’, declared here
 4604 | hipError_t hipFreeHost(void* ptr);
      |            ^~~~~~~~~~~
In file included from /mnt/sda2/home/calvin/workspace/strata-validation/toolchains/rocm/lib/python3.10/site-packages/_rocm_sdk_core/include/hip/hip_runtime.h:65,
                 from /home/calvin/workspace/strata-integration-validation/source/include/strata/hip_compat/cuda_runtime.h:12,
                 from <command-line>:
/mnt/sda2/home/calvin/workspace/strata-validation/toolchains/rocm/lib/python3.10/site-packages/_rocm_sdk_core/include/hip/hip_runtime_api.h:419:3: note: ‘hipError_t’ declared here
  419 | } hipError_t;
      |   ^~~~~~~~~~
/home/calvin/workspace/strata-integration-validation/source/src/core/mtp.cpp:143:27: warning: ignoring returned value of type ‘hipError_t’, declared with attribute ‘nodiscard’ [-Wunused-result]
  143 |     if (h_q_) cudaFreeHost(h_q_);
In file included from /mnt/sda2/home/calvin/workspace/strata-validation/toolchains/rocm/lib/python3.10/site-packages/_rocm_sdk_core/include/hip/hip_runtime.h:65,
                 from /home/calvin/workspace/strata-integration-validation/source/include/strata/hip_compat/cuda_runtime.h:12,
                 from <command-line>:
/mnt/sda2/home/calvin/workspace/strata-validation/toolchains/rocm/lib/python3.10/site-packages/_rocm_sdk_core/include/hip/hip_runtime_api.h:4604:12: note: in call to ‘hipError_t hipFreeHost(void*)’, declared here
 4604 | hipError_t hipFreeHost(void* ptr);
      |            ^~~~~~~~~~~
In file included from /mnt/sda2/home/calvin/workspace/strata-validation/toolchains/rocm/lib/python3.10/site-packages/_rocm_sdk_core/include/hip/hip_runtime.h:65,
                 from /home/calvin/workspace/strata-integration-validation/source/include/strata/hip_compat/cuda_runtime.h:12,
                 from <command-line>:
/mnt/sda2/home/calvin/workspace/strata-validation/toolchains/rocm/lib/python3.10/site-packages/_rocm_sdk_core/include/hip/hip_runtime_api.h:419:3: note: ‘hipError_t’ declared here
  419 | } hipError_t;
      |   ^~~~~~~~~~
/home/calvin/workspace/strata-integration-validation/source/src/core/mtp.cpp:144:31: warning: ignoring returned value of type ‘hipError_t’, declared with attribute ‘nodiscard’ [-Wunused-result]
  144 |     if (cs_) cudaStreamDestroy(cs_);
In file included from /mnt/sda2/home/calvin/workspace/strata-validation/toolchains/rocm/lib/python3.10/site-packages/_rocm_sdk_core/include/hip/hip_runtime.h:65,
                 from /home/calvin/workspace/strata-integration-validation/source/include/strata/hip_compat/cuda_runtime.h:12,
                 from <command-line>:
/mnt/sda2/home/calvin/workspace/strata-validation/toolchains/rocm/lib/python3.10/site-packages/_rocm_sdk_core/include/hip/hip_runtime_api.h:2885:12: note: in call to ‘hipError_t hipStreamDestroy(hipStream_t)’, declared here
 2885 | hipError_t hipStreamDestroy(hipStream_t stream);
      |            ^~~~~~~~~~~~~~~~
In file included from /mnt/sda2/home/calvin/workspace/strata-validation/toolchains/rocm/lib/python3.10/site-packages/_rocm_sdk_core/include/hip/hip_runtime.h:65,
                 from /home/calvin/workspace/strata-integration-validation/source/include/strata/hip_compat/cuda_runtime.h:12,
                 from <command-line>:
/mnt/sda2/home/calvin/workspace/strata-validation/toolchains/rocm/lib/python3.10/site-packages/_rocm_sdk_core/include/hip/hip_runtime_api.h:419:3: note: ‘hipError_t’ declared here
  419 | } hipError_t;
      |   ^~~~~~~~~~
/home/calvin/workspace/strata-integration-validation/source/src/core/mtp.cpp:145:33: warning: ignoring returned value of type ‘hipError_t’, declared with attribute ‘nodiscard’ [-Wunused-result]
  145 |     if (side_) cudaStreamDestroy(side_);
In file included from /mnt/sda2/home/calvin/workspace/strata-validation/toolchains/rocm/lib/python3.10/site-packages/_rocm_sdk_core/include/hip/hip_runtime.h:65,
                 from /home/calvin/workspace/strata-integration-validation/source/include/strata/hip_compat/cuda_runtime.h:12,
                 from <command-line>:
/mnt/sda2/home/calvin/workspace/strata-validation/toolchains/rocm/lib/python3.10/site-packages/_rocm_sdk_core/include/hip/hip_runtime_api.h:2885:12: note: in call to ‘hipError_t hipStreamDestroy(hipStream_t)’, declared here
 2885 | hipError_t hipStreamDestroy(hipStream_t stream);
      |            ^~~~~~~~~~~~~~~~
In file included from /mnt/sda2/home/calvin/workspace/strata-validation/toolchains/rocm/lib/python3.10/site-packages/_rocm_sdk_core/include/hip/hip_runtime.h:65,
                 from /home/calvin/workspace/strata-integration-validation/source/include/strata/hip_compat/cuda_runtime.h:12,
                 from <command-line>:
/mnt/sda2/home/calvin/workspace/strata-validation/toolchains/rocm/lib/python3.10/site-packages/_rocm_sdk_core/include/hip/hip_runtime_api.h:419:3: note: ‘hipError_t’ declared here
  419 | } hipError_t;
      |   ^~~~~~~~~~
/home/calvin/workspace/strata-integration-validation/source/src/core/mtp.cpp:146:35: warning: ignoring returned value of type ‘hipError_t’, declared with attribute ‘nodiscard’ [-Wunused-result]
  146 |     if (sh_fork_) cudaEventDestroy(sh_fork_);
In file included from /mnt/sda2/home/calvin/workspace/strata-validation/toolchains/rocm/lib/python3.10/site-packages/_rocm_sdk_core/include/hip/hip_runtime.h:65,
                 from /home/calvin/workspace/strata-integration-validation/source/include/strata/hip_compat/cuda_runtime.h:12,
                 from <command-line>:
/mnt/sda2/home/calvin/workspace/strata-validation/toolchains/rocm/lib/python3.10/site-packages/_rocm_sdk_core/include/hip/hip_runtime_api.h:3456:12: note: in call to ‘hipError_t hipEventDestroy(hipEvent_t)’, declared here
 3456 | hipError_t hipEventDestroy(hipEvent_t event);
      |            ^~~~~~~~~~~~~~~
In file included from /mnt/sda2/home/calvin/workspace/strata-validation/toolchains/rocm/lib/python3.10/site-packages/_rocm_sdk_core/include/hip/hip_runtime.h:65,
                 from /home/calvin/workspace/strata-integration-validation/source/include/strata/hip_compat/cuda_runtime.h:12,
                 from <command-line>:
/mnt/sda2/home/calvin/workspace/strata-validation/toolchains/rocm/lib/python3.10/site-packages/_rocm_sdk_core/include/hip/hip_runtime_api.h:419:3: note: ‘hipError_t’ declared here
  419 | } hipError_t;
      |   ^~~~~~~~~~
/home/calvin/workspace/strata-integration-validation/source/src/core/mtp.cpp:147:35: warning: ignoring returned value of type ‘hipError_t’, declared with attribute ‘nodiscard’ [-Wunused-result]
  147 |     if (sh_join_) cudaEventDestroy(sh_join_);
In file included from /mnt/sda2/home/calvin/workspace/strata-validation/toolchains/rocm/lib/python3.10/site-packages/_rocm_sdk_core/include/hip/hip_runtime.h:65,
                 from /home/calvin/workspace/strata-integration-validation/source/include/strata/hip_compat/cuda_runtime.h:12,
                 from <command-line>:
/mnt/sda2/home/calvin/workspace/strata-validation/toolchains/rocm/lib/python3.10/site-packages/_rocm_sdk_core/include/hip/hip_runtime_api.h:3456:12: note: in call to ‘hipError_t hipEventDestroy(hipEvent_t)’, declared here
 3456 | hipError_t hipEventDestroy(hipEvent_t event);
      |            ^~~~~~~~~~~~~~~
In file included from /mnt/sda2/home/calvin/workspace/strata-validation/toolchains/rocm/lib/python3.10/site-packages/_rocm_sdk_core/include/hip/hip_runtime.h:65,
                 from /home/calvin/workspace/strata-integration-validation/source/include/strata/hip_compat/cuda_runtime.h:12,
                 from <command-line>:
/mnt/sda2/home/calvin/workspace/strata-validation/toolchains/rocm/lib/python3.10/site-packages/_rocm_sdk_core/include/hip/hip_runtime_api.h:419:3: note: ‘hipError_t’ declared here
  419 | } hipError_t;
      |   ^~~~~~~~~~
/home/calvin/workspace/strata-integration-validation/source/src/core/mtp.cpp:148:42: warning: ignoring returned value of type ‘hipError_t’, declared with attribute ‘nodiscard’ [-Wunused-result]
  148 |     if (owns_weights_ && dense_) cudaFree(dense_);
In file included from /mnt/sda2/home/calvin/workspace/strata-validation/toolchains/rocm/lib/python3.10/site-packages/_rocm_sdk_core/include/hip/hip_runtime.h:65,
                 from /home/calvin/workspace/strata-integration-validation/source/include/strata/hip_compat/cuda_runtime.h:12,
                 from <command-line>:
/mnt/sda2/home/calvin/workspace/strata-validation/toolchains/rocm/lib/python3.10/site-packages/_rocm_sdk_core/include/hip/hip_runtime_api.h:4592:12: note: in call to ‘hipError_t hipFree(void*)’, declared here
 4592 | hipError_t hipFree(void* ptr);
      |            ^~~~~~~
In file included from /mnt/sda2/home/calvin/workspace/strata-validation/toolchains/rocm/lib/python3.10/site-packages/_rocm_sdk_core/include/hip/hip_runtime.h:65,
                 from /home/calvin/workspace/strata-integration-validation/source/include/strata/hip_compat/cuda_runtime.h:12,
                 from <command-line>:
/mnt/sda2/home/calvin/workspace/strata-validation/toolchains/rocm/lib/python3.10/site-packages/_rocm_sdk_core/include/hip/hip_runtime_api.h:419:3: note: ‘hipError_t’ declared here
  419 | } hipError_t;
      |   ^~~~~~~~~~
/home/calvin/workspace/strata-integration-validation/source/src/core/mtp.cpp:149:44: warning: ignoring returned value of type ‘hipError_t’, declared with attribute ‘nodiscard’ [-Wunused-result]
  149 |     if (owns_weights_ && experts_) cudaFree(experts_);
In file included from /mnt/sda2/home/calvin/workspace/strata-validation/toolchains/rocm/lib/python3.10/site-packages/_rocm_sdk_core/include/hip/hip_runtime.h:65,
                 from /home/calvin/workspace/strata-integration-validation/source/include/strata/hip_compat/cuda_runtime.h:12,
                 from <command-line>:
/mnt/sda2/home/calvin/workspace/strata-validation/toolchains/rocm/lib/python3.10/site-packages/_rocm_sdk_core/include/hip/hip_runtime_api.h:4592:12: note: in call to ‘hipError_t hipFree(void*)’, declared here
 4592 | hipError_t hipFree(void* ptr);
      |            ^~~~~~~
In file included from /mnt/sda2/home/calvin/workspace/strata-validation/toolchains/rocm/lib/python3.10/site-packages/_rocm_sdk_core/include/hip/hip_runtime.h:65,
                 from /home/calvin/workspace/strata-integration-validation/source/include/strata/hip_compat/cuda_runtime.h:12,
                 from <command-line>:
/mnt/sda2/home/calvin/workspace/strata-validation/toolchains/rocm/lib/python3.10/site-packages/_rocm_sdk_core/include/hip/hip_runtime_api.h:419:3: note: ‘hipError_t’ declared here
  419 | } hipError_t;
      |   ^~~~~~~~~~
/home/calvin/workspace/strata-integration-validation/source/src/core/mtp.cpp:158:31: warning: ignoring returned value of type ‘hipError_t’, declared with attribute ‘nodiscard’ [-Wunused-result]
  158 |     if (head_logits_) cudaFree(head_logits_);
In file included from /mnt/sda2/home/calvin/workspace/strata-validation/toolchains/rocm/lib/python3.10/site-packages/_rocm_sdk_core/include/hip/hip_runtime.h:65,
                 from /home/calvin/workspace/strata-integration-validation/source/include/strata/hip_compat/cuda_runtime.h:12,
                 from <command-line>:
/mnt/sda2/home/calvin/workspace/strata-validation/toolchains/rocm/lib/python3.10/site-packages/_rocm_sdk_core/include/hip/hip_runtime_api.h:4592:12: note: in call to ‘hipError_t hipFree(void*)’, declared here
 4592 | hipError_t hipFree(void* ptr);
      |            ^~~~~~~
In file included from /mnt/sda2/home/calvin/workspace/strata-validation/toolchains/rocm/lib/python3.10/site-packages/_rocm_sdk_core/include/hip/hip_runtime.h:65,
                 from /home/calvin/workspace/strata-integration-validation/source/include/strata/hip_compat/cuda_runtime.h:12,
                 from <command-line>:
/mnt/sda2/home/calvin/workspace/strata-validation/toolchains/rocm/lib/python3.10/site-packages/_rocm_sdk_core/include/hip/hip_runtime_api.h:419:3: note: ‘hipError_t’ declared here
  419 | } hipError_t;
      |   ^~~~~~~~~~
/home/calvin/workspace/strata-integration-validation/source/src/core/mtp.cpp:159:92: warning: ignoring returned value of type ‘hipError_t’, declared with attribute ‘nodiscard’ [-Wunused-result]
  159 |     if (owns_draft_head_ && dhead_) { strata::kernels::native_q6_k_unpack(dhead_); cudaFree(dhead_); }
In file included from /mnt/sda2/home/calvin/workspace/strata-validation/toolchains/rocm/lib/python3.10/site-packages/_rocm_sdk_core/include/hip/hip_runtime.h:65,
                 from /home/calvin/workspace/strata-integration-validation/source/include/strata/hip_compat/cuda_runtime.h:12,
                 from <command-line>:
/mnt/sda2/home/calvin/workspace/strata-validation/toolchains/rocm/lib/python3.10/site-packages/_rocm_sdk_core/include/hip/hip_runtime_api.h:4592:12: note: in call to ‘hipError_t hipFree(void*)’, declared here
 4592 | hipError_t hipFree(void* ptr);
      |            ^~~~~~~
In file included from /mnt/sda2/home/calvin/workspace/strata-validation/toolchains/rocm/lib/python3.10/site-packages/_rocm_sdk_core/include/hip/hip_runtime.h:65,
                 from /home/calvin/workspace/strata-integration-validation/source/include/strata/hip_compat/cuda_runtime.h:12,
                 from <command-line>:
/mnt/sda2/home/calvin/workspace/strata-validation/toolchains/rocm/lib/python3.10/site-packages/_rocm_sdk_core/include/hip/hip_runtime_api.h:419:3: note: ‘hipError_t’ declared here
  419 | } hipError_t;
      |   ^~~~~~~~~~
/home/calvin/workspace/strata-integration-validation/source/src/core/mtp.cpp:160:46: warning: ignoring returned value of type ‘hipError_t’, declared with attribute ‘nodiscard’ [-Wunused-result]
  160 |     if (owns_draft_head_ && dvocab_) cudaFree(dvocab_);
In file included from /mnt/sda2/home/calvin/workspace/strata-validation/toolchains/rocm/lib/python3.10/site-packages/_rocm_sdk_core/include/hip/hip_runtime.h:65,
                 from /home/calvin/workspace/strata-integration-validation/source/include/strata/hip_compat/cuda_runtime.h:12,
                 from <command-line>:
/mnt/sda2/home/calvin/workspace/strata-validation/toolchains/rocm/lib/python3.10/site-packages/_rocm_sdk_core/include/hip/hip_runtime_api.h:4592:12: note: in call to ‘hipError_t hipFree(void*)’, declared here
 4592 | hipError_t hipFree(void* ptr);
      |            ^~~~~~~
In file included from /mnt/sda2/home/calvin/workspace/strata-validation/toolchains/rocm/lib/python3.10/site-packages/_rocm_sdk_core/include/hip/hip_runtime.h:65,
                 from /home/calvin/workspace/strata-integration-validation/source/include/strata/hip_compat/cuda_runtime.h:12,
                 from <command-line>:
/mnt/sda2/home/calvin/workspace/strata-validation/toolchains/rocm/lib/python3.10/site-packages/_rocm_sdk_core/include/hip/hip_runtime_api.h:419:3: note: ‘hipError_t’ declared here
  419 | } hipError_t;
      |   ^~~~~~~~~~
/home/calvin/workspace/strata-integration-validation/source/src/core/mtp.cpp:161:36: warning: ignoring returned value of type ‘hipError_t’, declared with attribute ‘nodiscard’ [-Wunused-result]
  161 |     if (ev_chain_) cudaEventDestroy(ev_chain_);
In file included from /mnt/sda2/home/calvin/workspace/strata-validation/toolchains/rocm/lib/python3.10/site-packages/_rocm_sdk_core/include/hip/hip_runtime.h:65,
                 from /home/calvin/workspace/strata-integration-validation/source/include/strata/hip_compat/cuda_runtime.h:12,
                 from <command-line>:
/mnt/sda2/home/calvin/workspace/strata-validation/toolchains/rocm/lib/python3.10/site-packages/_rocm_sdk_core/include/hip/hip_runtime_api.h:3456:12: note: in call to ‘hipError_t hipEventDestroy(hipEvent_t)’, declared here
 3456 | hipError_t hipEventDestroy(hipEvent_t event);
      |            ^~~~~~~~~~~~~~~
In file included from /mnt/sda2/home/calvin/workspace/strata-validation/toolchains/rocm/lib/python3.10/site-packages/_rocm_sdk_core/include/hip/hip_runtime.h:65,
                 from /home/calvin/workspace/strata-integration-validation/source/include/strata/hip_compat/cuda_runtime.h:12,
                 from <command-line>:
/mnt/sda2/home/calvin/workspace/strata-validation/toolchains/rocm/lib/python3.10/site-packages/_rocm_sdk_core/include/hip/hip_runtime_api.h:419:3: note: ‘hipError_t’ declared here
  419 | } hipError_t;
      |   ^~~~~~~~~~
/home/calvin/workspace/strata-integration-validation/source/src/core/mtp.cpp:162:59: warning: ignoring returned value of type ‘hipError_t’, declared with attribute ‘nodiscard’ [-Wunused-result]
  162 |     for (cudaEvent_t e : ev_step_) if (e) cudaEventDestroy(e);
In file included from /mnt/sda2/home/calvin/workspace/strata-validation/toolchains/rocm/lib/python3.10/site-packages/_rocm_sdk_core/include/hip/hip_runtime.h:65,
                 from /home/calvin/workspace/strata-integration-validation/source/include/strata/hip_compat/cuda_runtime.h:12,
                 from <command-line>:
/mnt/sda2/home/calvin/workspace/strata-validation/toolchains/rocm/lib/python3.10/site-packages/_rocm_sdk_core/include/hip/hip_runtime_api.h:3456:12: note: in call to ‘hipError_t hipEventDestroy(hipEvent_t)’, declared here
 3456 | hipError_t hipEventDestroy(hipEvent_t event);
      |            ^~~~~~~~~~~~~~~
In file included from /mnt/sda2/home/calvin/workspace/strata-validation/toolchains/rocm/lib/python3.10/site-packages/_rocm_sdk_core/include/hip/hip_runtime.h:65,
                 from /home/calvin/workspace/strata-integration-validation/source/include/strata/hip_compat/cuda_runtime.h:12,
                 from <command-line>:
/mnt/sda2/home/calvin/workspace/strata-validation/toolchains/rocm/lib/python3.10/site-packages/_rocm_sdk_core/include/hip/hip_runtime_api.h:419:3: note: ‘hipError_t’ declared here
  419 | } hipError_t;
      |   ^~~~~~~~~~
/home/calvin/workspace/strata-integration-validation/source/src/core/mtp.cpp:164:46: warning: ignoring returned value of type ‘hipError_t’, declared with attribute ‘nodiscard’ [-Wunused-result]
  164 |     for (void* h : hosts) if (h) cudaFreeHost(h);
In file included from /mnt/sda2/home/calvin/workspace/strata-validation/toolchains/rocm/lib/python3.10/site-packages/_rocm_sdk_core/include/hip/hip_runtime.h:65,
                 from /home/calvin/workspace/strata-integration-validation/source/include/strata/hip_compat/cuda_runtime.h:12,
                 from <command-line>:
/mnt/sda2/home/calvin/workspace/strata-validation/toolchains/rocm/lib/python3.10/site-packages/_rocm_sdk_core/include/hip/hip_runtime_api.h:4604:12: note: in call to ‘hipError_t hipFreeHost(void*)’, declared here
 4604 | hipError_t hipFreeHost(void* ptr);
      |            ^~~~~~~~~~~
In file included from /mnt/sda2/home/calvin/workspace/strata-validation/toolchains/rocm/lib/python3.10/site-packages/_rocm_sdk_core/include/hip/hip_runtime.h:65,
                 from /home/calvin/workspace/strata-integration-validation/source/include/strata/hip_compat/cuda_runtime.h:12,
                 from <command-line>:
/mnt/sda2/home/calvin/workspace/strata-validation/toolchains/rocm/lib/python3.10/site-packages/_rocm_sdk_core/include/hip/hip_runtime_api.h:419:3: note: ‘hipError_t’ declared here
  419 | } hipError_t;
      |   ^~~~~~~~~~
/home/calvin/workspace/strata-integration-validation/source/src/core/mtp.cpp: In member function ‘bool strata::core::MtpDrafter::make_q4_dense(const std::vector<unsigned char>&, std::string&)’:
/home/calvin/workspace/strata-integration-validation/source/src/core/mtp.cpp:211:15: warning: ignoring returned value of type ‘hipError_t’, declared with attribute ‘nodiscard’ [-Wunused-result]
  211 |     cudaMemcpy(dense4_, host.data(), (size_t) total, cudaMemcpyHostToDevice);
In file included from /mnt/sda2/home/calvin/workspace/strata-validation/toolchains/rocm/lib/python3.10/site-packages/_rocm_sdk_core/include/hip/hip_runtime.h:65,
                 from /home/calvin/workspace/strata-integration-validation/source/include/strata/hip_compat/cuda_runtime.h:12,
                 from <command-line>:
/mnt/sda2/home/calvin/workspace/strata-validation/toolchains/rocm/lib/python3.10/site-packages/_rocm_sdk_core/include/hip/hip_runtime_api.h:4651:12: note: in call to ‘hipError_t hipMemcpy(void*, const void*, size_t, hipMemcpyKind)’, declared here
 4651 | hipError_t hipMemcpy(void* dst, const void* src, size_t sizeBytes, hipMemcpyKind kind);
      |            ^~~~~~~~~
In file included from /mnt/sda2/home/calvin/workspace/strata-validation/toolchains/rocm/lib/python3.10/site-packages/_rocm_sdk_core/include/hip/hip_runtime.h:65,
                 from /home/calvin/workspace/strata-integration-validation/source/include/strata/hip_compat/cuda_runtime.h:12,
                 from <command-line>:
/mnt/sda2/home/calvin/workspace/strata-validation/toolchains/rocm/lib/python3.10/site-packages/_rocm_sdk_core/include/hip/hip_runtime_api.h:419:3: note: ‘hipError_t’ declared here
  419 | } hipError_t;
      |   ^~~~~~~~~~
/home/calvin/workspace/strata-integration-validation/source/src/core/mtp.cpp: In member function ‘bool strata::core::MtpDrafter::load(const string&, const strata::core::ModelGeometry&, strata::core::SessionState&, int, std::string&, int64_t, const strata::core::MtpDrafter*)’:
/home/calvin/workspace/strata-integration-validation/source/src/core/mtp.cpp:250:18: warning: ignoring returned value of type ‘hipError_t’, declared with attribute ‘nodiscard’ [-Wunused-result]
  250 |     cudaGetDevice(&device_);   // a layer split's last stage on another GPU: the drafter lives there
In file included from /mnt/sda2/home/calvin/workspace/strata-validation/toolchains/rocm/lib/python3.10/site-packages/_rocm_sdk_core/include/hip/hip_runtime.h:65,
                 from /home/calvin/workspace/strata-integration-validation/source/include/strata/hip_compat/cuda_runtime.h:12,
                 from <command-line>:
/mnt/sda2/home/calvin/workspace/strata-validation/toolchains/rocm/lib/python3.10/site-packages/_rocm_sdk_core/include/hip/hip_runtime_api.h:2260:12: note: in call to ‘hipError_t hipGetDevice(int*)’, declared here
 2260 | hipError_t hipGetDevice(int* deviceId);
      |            ^~~~~~~~~~~~
In file included from /mnt/sda2/home/calvin/workspace/strata-validation/toolchains/rocm/lib/python3.10/site-packages/_rocm_sdk_core/include/hip/hip_runtime.h:65,
                 from /home/calvin/workspace/strata-integration-validation/source/include/strata/hip_compat/cuda_runtime.h:12,
                 from <command-line>:
/mnt/sda2/home/calvin/workspace/strata-validation/toolchains/rocm/lib/python3.10/site-packages/_rocm_sdk_core/include/hip/hip_runtime_api.h:419:3: note: ‘hipError_t’ declared here
  419 | } hipError_t;
      |   ^~~~~~~~~~
/home/calvin/workspace/strata-integration-validation/source/src/core/mtp.cpp:296:19: warning: ignoring returned value of type ‘hipError_t’, declared with attribute ‘nodiscard’ [-Wunused-result]
  296 |         cudaMemcpy(dense_, blob.data(), blob.size(), cudaMemcpyHostToDevice);
In file included from /mnt/sda2/home/calvin/workspace/strata-validation/toolchains/rocm/lib/python3.10/site-packages/_rocm_sdk_core/include/hip/hip_runtime.h:65,
                 from /home/calvin/workspace/strata-integration-validation/source/include/strata/hip_compat/cuda_runtime.h:12,
                 from <command-line>:
/mnt/sda2/home/calvin/workspace/strata-validation/toolchains/rocm/lib/python3.10/site-packages/_rocm_sdk_core/include/hip/hip_runtime_api.h:4651:12: note: in call to ‘hipError_t hipMemcpy(void*, const void*, size_t, hipMemcpyKind)’, declared here
 4651 | hipError_t hipMemcpy(void* dst, const void* src, size_t sizeBytes, hipMemcpyKind kind);
      |            ^~~~~~~~~
In file included from /mnt/sda2/home/calvin/workspace/strata-validation/toolchains/rocm/lib/python3.10/site-packages/_rocm_sdk_core/include/hip/hip_runtime.h:65,
                 from /home/calvin/workspace/strata-integration-validation/source/include/strata/hip_compat/cuda_runtime.h:12,
                 from <command-line>:
/mnt/sda2/home/calvin/workspace/strata-validation/toolchains/rocm/lib/python3.10/site-packages/_rocm_sdk_core/include/hip/hip_runtime_api.h:419:3: note: ‘hipError_t’ declared here
  419 | } hipError_t;
      |   ^~~~~~~~~~
/home/calvin/workspace/strata-integration-validation/source/src/core/mtp.cpp:319:23: warning: ignoring returned value of type ‘hipError_t’, declared with attribute ‘nodiscard’ [-Wunused-result]
  319 |             cudaMemcpy(experts_ + off, chunk.data(), n, cudaMemcpyHostToDevice);
In file included from /mnt/sda2/home/calvin/workspace/strata-validation/toolchains/rocm/lib/python3.10/site-packages/_rocm_sdk_core/include/hip/hip_runtime.h:65,
                 from /home/calvin/workspace/strata-integration-validation/source/include/strata/hip_compat/cuda_runtime.h:12,
                 from <command-line>:
/mnt/sda2/home/calvin/workspace/strata-validation/toolchains/rocm/lib/python3.10/site-packages/_rocm_sdk_core/include/hip/hip_runtime_api.h:4651:12: note: in call to ‘hipError_t hipMemcpy(void*, const void*, size_t, hipMemcpyKind)’, declared here
 4651 | hipError_t hipMemcpy(void* dst, const void* src, size_t sizeBytes, hipMemcpyKind kind);
      |            ^~~~~~~~~
In file included from /mnt/sda2/home/calvin/workspace/strata-validation/toolchains/rocm/lib/python3.10/site-packages/_rocm_sdk_core/include/hip/hip_runtime.h:65,
                 from /home/calvin/workspace/strata-integration-validation/source/include/strata/hip_compat/cuda_runtime.h:12,
                 from <command-line>:
/mnt/sda2/home/calvin/workspace/strata-validation/toolchains/rocm/lib/python3.10/site-packages/_rocm_sdk_core/include/hip/hip_runtime_api.h:419:3: note: ‘hipError_t’ declared here
  419 | } hipError_t;
      |   ^~~~~~~~~~
/home/calvin/workspace/strata-integration-validation/source/src/core/mtp.cpp:348:25: warning: ignoring returned value of type ‘hipError_t’, declared with attribute ‘nodiscard’ [-Wunused-result]
  348 |         cudaGetLastError();
In file included from /mnt/sda2/home/calvin/workspace/strata-validation/toolchains/rocm/lib/python3.10/site-packages/_rocm_sdk_core/include/hip/hip_runtime.h:65,
                 from /home/calvin/workspace/strata-integration-validation/source/include/strata/hip_compat/cuda_runtime.h:12,
                 from <command-line>:
/mnt/sda2/home/calvin/workspace/strata-validation/toolchains/rocm/lib/python3.10/site-packages/_rocm_sdk_core/include/hip/hip_runtime_api.h:2708:12: note: in call to ‘hipError_t hipGetLastError()’, declared here
 2708 | hipError_t hipGetLastError(void);
      |            ^~~~~~~~~~~~~~~
In file included from /mnt/sda2/home/calvin/workspace/strata-validation/toolchains/rocm/lib/python3.10/site-packages/_rocm_sdk_core/include/hip/hip_runtime.h:65,
                 from /home/calvin/workspace/strata-integration-validation/source/include/strata/hip_compat/cuda_runtime.h:12,
                 from <command-line>:
/mnt/sda2/home/calvin/workspace/strata-validation/toolchains/rocm/lib/python3.10/site-packages/_rocm_sdk_core/include/hip/hip_runtime_api.h:419:3: note: ‘hipError_t’ declared here
  419 | } hipError_t;
      |   ^~~~~~~~~~
/home/calvin/workspace/strata-integration-validation/source/src/core/mtp.cpp:361:26: warning: ignoring returned value of type ‘hipError_t’, declared with attribute ‘nodiscard’ [-Wunused-result]
  361 |     cudaDeviceSynchronize();
In file included from /mnt/sda2/home/calvin/workspace/strata-validation/toolchains/rocm/lib/python3.10/site-packages/_rocm_sdk_core/include/hip/hip_runtime.h:65,
                 from /home/calvin/workspace/strata-integration-validation/source/include/strata/hip_compat/cuda_runtime.h:12,
                 from <command-line>:
/mnt/sda2/home/calvin/workspace/strata-validation/toolchains/rocm/lib/python3.10/site-packages/_rocm_sdk_core/include/hip/hip_runtime_api.h:2189:12: note: in call to ‘hipError_t hipDeviceSynchronize()’, declared here
 2189 | hipError_t hipDeviceSynchronize(void);
      |            ^~~~~~~~~~~~~~~~~~~~
In file included from /mnt/sda2/home/calvin/workspace/strata-validation/toolchains/rocm/lib/python3.10/site-packages/_rocm_sdk_core/include/hip/hip_runtime.h:65,
                 from /home/calvin/workspace/strata-integration-validation/source/include/strata/hip_compat/cuda_runtime.h:12,
                 from <command-line>:
/mnt/sda2/home/calvin/workspace/strata-validation/toolchains/rocm/lib/python3.10/site-packages/_rocm_sdk_core/include/hip/hip_runtime_api.h:419:3: note: ‘hipError_t’ declared here
  419 | } hipError_t;
      |   ^~~~~~~~~~
/home/calvin/workspace/strata-integration-validation/source/src/core/mtp.cpp:414:15: warning: ignoring returned value of type ‘hipError_t’, declared with attribute ‘nodiscard’ [-Wunused-result]
  414 |     cudaMemset(arena_, 0, count.used);
In file included from /mnt/sda2/home/calvin/workspace/strata-validation/toolchains/rocm/lib/python3.10/site-packages/_rocm_sdk_core/include/hip/hip_runtime.h:65,
                 from /home/calvin/workspace/strata-integration-validation/source/include/strata/hip_compat/cuda_runtime.h:12,
                 from <command-line>:
/mnt/sda2/home/calvin/workspace/strata-validation/toolchains/rocm/lib/python3.10/site-packages/_rocm_sdk_core/include/hip/hip_runtime_api.h:5061:12: note: in call to ‘hipError_t hipMemset(void*, int, size_t)’, declared here
 5061 | hipError_t hipMemset(void* dst, int value, size_t sizeBytes);
      |            ^~~~~~~~~
In file included from /mnt/sda2/home/calvin/workspace/strata-validation/toolchains/rocm/lib/python3.10/site-packages/_rocm_sdk_core/include/hip/hip_runtime.h:65,
                 from /home/calvin/workspace/strata-integration-validation/source/include/strata/hip_compat/cuda_runtime.h:12,
                 from <command-line>:
/mnt/sda2/home/calvin/workspace/strata-validation/toolchains/rocm/lib/python3.10/site-packages/_rocm_sdk_core/include/hip/hip_runtime_api.h:419:3: note: ‘hipError_t’ declared here
  419 | } hipError_t;
      |   ^~~~~~~~~~
/home/calvin/workspace/strata-integration-validation/source/src/core/mtp.cpp:423:19: warning: ignoring returned value of type ‘hipError_t’, declared with attribute ‘nodiscard’ [-Wunused-result]
  423 |         cudaMemcpy(ident_, id.data(), id.size() * 4, cudaMemcpyHostToDevice);
In file included from /mnt/sda2/home/calvin/workspace/strata-validation/toolchains/rocm/lib/python3.10/site-packages/_rocm_sdk_core/include/hip/hip_runtime.h:65,
                 from /home/calvin/workspace/strata-integration-validation/source/include/strata/hip_compat/cuda_runtime.h:12,
                 from <command-line>:
/mnt/sda2/home/calvin/workspace/strata-validation/toolchains/rocm/lib/python3.10/site-packages/_rocm_sdk_core/include/hip/hip_runtime_api.h:4651:12: note: in call to ‘hipError_t hipMemcpy(void*, const void*, size_t, hipMemcpyKind)’, declared here
 4651 | hipError_t hipMemcpy(void* dst, const void* src, size_t sizeBytes, hipMemcpyKind kind);
      |            ^~~~~~~~~
In file included from /mnt/sda2/home/calvin/workspace/strata-validation/toolchains/rocm/lib/python3.10/site-packages/_rocm_sdk_core/include/hip/hip_runtime.h:65,
                 from /home/calvin/workspace/strata-integration-validation/source/include/strata/hip_compat/cuda_runtime.h:12,
                 from <command-line>:
/mnt/sda2/home/calvin/workspace/strata-validation/toolchains/rocm/lib/python3.10/site-packages/_rocm_sdk_core/include/hip/hip_runtime_api.h:419:3: note: ‘hipError_t’ declared here
  419 | } hipError_t;
      |   ^~~~~~~~~~
/home/calvin/workspace/strata-integration-validation/source/src/core/mtp.cpp: In member function ‘bool strata::core::MtpDrafter::setup_coupled(std::string&)’:
/home/calvin/workspace/strata-integration-validation/source/src/core/mtp.cpp:531:15: warning: ignoring returned value of type ‘hipError_t’, declared with attribute ‘nodiscard’ [-Wunused-result]
  531 |     cudaMemset(cring_, 0xff, ring);   // -1: no token
In file included from /mnt/sda2/home/calvin/workspace/strata-validation/toolchains/rocm/lib/python3.10/site-packages/_rocm_sdk_core/include/hip/hip_runtime.h:65,
                 from /home/calvin/workspace/strata-integration-validation/source/include/strata/hip_compat/cuda_runtime.h:12,
                 from <command-line>:
/mnt/sda2/home/calvin/workspace/strata-validation/toolchains/rocm/lib/python3.10/site-packages/_rocm_sdk_core/include/hip/hip_runtime_api.h:5061:12: note: in call to ‘hipError_t hipMemset(void*, int, size_t)’, declared here
 5061 | hipError_t hipMemset(void* dst, int value, size_t sizeBytes);
      |            ^~~~~~~~~
In file included from /mnt/sda2/home/calvin/workspace/strata-validation/toolchains/rocm/lib/python3.10/site-packages/_rocm_sdk_core/include/hip/hip_runtime.h:65,
                 from /home/calvin/workspace/strata-integration-validation/source/include/strata/hip_compat/cuda_runtime.h:12,
                 from <command-line>:
/mnt/sda2/home/calvin/workspace/strata-validation/toolchains/rocm/lib/python3.10/site-packages/_rocm_sdk_core/include/hip/hip_runtime_api.h:419:3: note: ‘hipError_t’ declared here
  419 | } hipError_t;
      |   ^~~~~~~~~~
/home/calvin/workspace/strata-integration-validation/source/src/core/mtp.cpp:536:19: warning: ignoring returned value of type ‘hipError_t’, declared with attribute ‘nodiscard’ [-Wunused-result]
  536 |         cudaMemcpy(sub.data(), dvocab_, sub.size() * sizeof(int32_t), cudaMemcpyDeviceToHost);
In file included from /mnt/sda2/home/calvin/workspace/strata-validation/toolchains/rocm/lib/python3.10/site-packages/_rocm_sdk_core/include/hip/hip_runtime.h:65,
                 from /home/calvin/workspace/strata-integration-validation/source/include/strata/hip_compat/cuda_runtime.h:12,
                 from <command-line>:
/mnt/sda2/home/calvin/workspace/strata-validation/toolchains/rocm/lib/python3.10/site-packages/_rocm_sdk_core/include/hip/hip_runtime_api.h:4651:12: note: in call to ‘hipError_t hipMemcpy(void*, const void*, size_t, hipMemcpyKind)’, declared here
 4651 | hipError_t hipMemcpy(void* dst, const void* src, size_t sizeBytes, hipMemcpyKind kind);
      |            ^~~~~~~~~
In file included from /mnt/sda2/home/calvin/workspace/strata-validation/toolchains/rocm/lib/python3.10/site-packages/_rocm_sdk_core/include/hip/hip_runtime.h:65,
                 from /home/calvin/workspace/strata-integration-validation/source/include/strata/hip_compat/cuda_runtime.h:12,
                 from <command-line>:
/mnt/sda2/home/calvin/workspace/strata-validation/toolchains/rocm/lib/python3.10/site-packages/_rocm_sdk_core/include/hip/hip_runtime_api.h:419:3: note: ‘hipError_t’ declared here
  419 | } hipError_t;
      |   ^~~~~~~~~~
/home/calvin/workspace/strata-integration-validation/source/src/core/mtp.cpp:543:19: warning: ignoring returned value of type ‘hipError_t’, declared with attribute ‘nodiscard’ [-Wunused-result]
  543 |         cudaMemcpy(dinv_, inv.data(), inv.size() * sizeof(int32_t), cudaMemcpyHostToDevice);
In file included from /mnt/sda2/home/calvin/workspace/strata-validation/toolchains/rocm/lib/python3.10/site-packages/_rocm_sdk_core/include/hip/hip_runtime.h:65,
                 from /home/calvin/workspace/strata-integration-validation/source/include/strata/hip_compat/cuda_runtime.h:12,
                 from <command-line>:
/mnt/sda2/home/calvin/workspace/strata-validation/toolchains/rocm/lib/python3.10/site-packages/_rocm_sdk_core/include/hip/hip_runtime_api.h:4651:12: note: in call to ‘hipError_t hipMemcpy(void*, const void*, size_t, hipMemcpyKind)’, declared here
 4651 | hipError_t hipMemcpy(void* dst, const void* src, size_t sizeBytes, hipMemcpyKind kind);
      |            ^~~~~~~~~
In file included from /mnt/sda2/home/calvin/workspace/strata-validation/toolchains/rocm/lib/python3.10/site-packages/_rocm_sdk_core/include/hip/hip_runtime.h:65,
                 from /home/calvin/workspace/strata-integration-validation/source/include/strata/hip_compat/cuda_runtime.h:12,
                 from <command-line>:
/mnt/sda2/home/calvin/workspace/strata-validation/toolchains/rocm/lib/python3.10/site-packages/_rocm_sdk_core/include/hip/hip_runtime_api.h:419:3: note: ‘hipError_t’ declared here
  419 | } hipError_t;
      |   ^~~~~~~~~~
/home/calvin/workspace/strata-integration-validation/source/src/core/mtp.cpp: In member function ‘bool strata::core::MtpDrafter::bind(const strata::core::WeightTable&, const strata::core::NativeHead*, const float*, std::string&, const strata::core::MtpDrafter*)’:
/home/calvin/workspace/strata-integration-validation/source/src/core/mtp.cpp:652:23: warning: ignoring returned value of type ‘hipError_t’, declared with attribute ‘nodiscard’ [-Wunused-result]
  652 |             cudaMemcpy(dvocab_, raw.data(), raw.size(), cudaMemcpyHostToDevice);
In file included from /mnt/sda2/home/calvin/workspace/strata-validation/toolchains/rocm/lib/python3.10/site-packages/_rocm_sdk_core/include/hip/hip_runtime.h:65,
                 from /home/calvin/workspace/strata-integration-validation/source/include/strata/hip_compat/cuda_runtime.h:12,
                 from <command-line>:
/mnt/sda2/home/calvin/workspace/strata-validation/toolchains/rocm/lib/python3.10/site-packages/_rocm_sdk_core/include/hip/hip_runtime_api.h:4651:12: note: in call to ‘hipError_t hipMemcpy(void*, const void*, size_t, hipMemcpyKind)’, declared here
 4651 | hipError_t hipMemcpy(void* dst, const void* src, size_t sizeBytes, hipMemcpyKind kind);
      |            ^~~~~~~~~
In file included from /mnt/sda2/home/calvin/workspace/strata-validation/toolchains/rocm/lib/python3.10/site-packages/_rocm_sdk_core/include/hip/hip_runtime.h:65,
                 from /home/calvin/workspace/strata-integration-validation/source/include/strata/hip_compat/cuda_runtime.h:12,
                 from <command-line>:
/mnt/sda2/home/calvin/workspace/strata-validation/toolchains/rocm/lib/python3.10/site-packages/_rocm_sdk_core/include/hip/hip_runtime_api.h:419:3: note: ‘hipError_t’ declared here
  419 | } hipError_t;
      |   ^~~~~~~~~~
/home/calvin/workspace/strata-integration-validation/source/src/core/mtp.cpp:656:34: warning: ignoring returned value of type ‘hipError_t’, declared with attribute ‘nodiscard’ [-Wunused-result]
  656 |             cudaDeviceSynchronize();
In file included from /mnt/sda2/home/calvin/workspace/strata-validation/toolchains/rocm/lib/python3.10/site-packages/_rocm_sdk_core/include/hip/hip_runtime.h:65,
                 from /home/calvin/workspace/strata-integration-validation/source/include/strata/hip_compat/cuda_runtime.h:12,
                 from <command-line>:
/mnt/sda2/home/calvin/workspace/strata-validation/toolchains/rocm/lib/python3.10/site-packages/_rocm_sdk_core/include/hip/hip_runtime_api.h:2189:12: note: in call to ‘hipError_t hipDeviceSynchronize()’, declared here
 2189 | hipError_t hipDeviceSynchronize(void);
      |            ^~~~~~~~~~~~~~~~~~~~
In file included from /mnt/sda2/home/calvin/workspace/strata-validation/toolchains/rocm/lib/python3.10/site-packages/_rocm_sdk_core/include/hip/hip_runtime.h:65,
                 from /home/calvin/workspace/strata-integration-validation/source/include/strata/hip_compat/cuda_runtime.h:12,
                 from <command-line>:
/mnt/sda2/home/calvin/workspace/strata-validation/toolchains/rocm/lib/python3.10/site-packages/_rocm_sdk_core/include/hip/hip_runtime_api.h:419:3: note: ‘hipError_t’ declared here
  419 | } hipError_t;
      |   ^~~~~~~~~~
/home/calvin/workspace/strata-integration-validation/source/src/core/mtp.cpp: In function ‘bool strata::core::{anonymous}::finish_capture(hipStream_t, bool, hipGraphExec*&, const char*, std::string&)’:
/home/calvin/workspace/strata-integration-validation/source/src/core/mtp.cpp:1016:36: warning: ignoring returned value of type ‘hipError_t’, declared with attribute ‘nodiscard’ [-Wunused-result]
 1016 |         if (graph) cudaGraphDestroy(graph);
In file included from /mnt/sda2/home/calvin/workspace/strata-validation/toolchains/rocm/lib/python3.10/site-packages/_rocm_sdk_core/include/hip/hip_runtime.h:65,
                 from /home/calvin/workspace/strata-integration-validation/source/include/strata/hip_compat/cuda_runtime.h:12,
                 from <command-line>:
/mnt/sda2/home/calvin/workspace/strata-validation/toolchains/rocm/lib/python3.10/site-packages/_rocm_sdk_core/include/hip/hip_runtime_api.h:8075:12: note: in call to ‘hipError_t hipGraphDestroy(hipGraph_t)’, declared here
 8075 | hipError_t hipGraphDestroy(hipGraph_t graph);
      |            ^~~~~~~~~~~~~~~
In file included from /mnt/sda2/home/calvin/workspace/strata-validation/toolchains/rocm/lib/python3.10/site-packages/_rocm_sdk_core/include/hip/hip_runtime.h:65,
                 from /home/calvin/workspace/strata-integration-validation/source/include/strata/hip_compat/cuda_runtime.h:12,
                 from <command-line>:
/mnt/sda2/home/calvin/workspace/strata-validation/toolchains/rocm/lib/python3.10/site-packages/_rocm_sdk_core/include/hip/hip_runtime_api.h:419:3: note: ‘hipError_t’ declared here
  419 | } hipError_t;
      |   ^~~~~~~~~~
/home/calvin/workspace/strata-integration-validation/source/src/core/mtp.cpp:1020:36: warning: ignoring returned value of type ‘hipError_t’, declared with attribute ‘nodiscard’ [-Wunused-result]
 1020 |         if (graph) cudaGraphDestroy(graph);
In file included from /mnt/sda2/home/calvin/workspace/strata-validation/toolchains/rocm/lib/python3.10/site-packages/_rocm_sdk_core/include/hip/hip_runtime.h:65,
                 from /home/calvin/workspace/strata-integration-validation/source/include/strata/hip_compat/cuda_runtime.h:12,
                 from <command-line>:
/mnt/sda2/home/calvin/workspace/strata-validation/toolchains/rocm/lib/python3.10/site-packages/_rocm_sdk_core/include/hip/hip_runtime_api.h:8075:12: note: in call to ‘hipError_t hipGraphDestroy(hipGraph_t)’, declared here
 8075 | hipError_t hipGraphDestroy(hipGraph_t graph);
      |            ^~~~~~~~~~~~~~~
In file included from /mnt/sda2/home/calvin/workspace/strata-validation/toolchains/rocm/lib/python3.10/site-packages/_rocm_sdk_core/include/hip/hip_runtime.h:65,
                 from /home/calvin/workspace/strata-integration-validation/source/include/strata/hip_compat/cuda_runtime.h:12,
                 from <command-line>:
/mnt/sda2/home/calvin/workspace/strata-validation/toolchains/rocm/lib/python3.10/site-packages/_rocm_sdk_core/include/hip/hip_runtime_api.h:419:3: note: ‘hipError_t’ declared here
  419 | } hipError_t;
      |   ^~~~~~~~~~
/home/calvin/workspace/strata-integration-validation/source/src/core/mtp.cpp:1024:21: warning: ignoring returned value of type ‘hipError_t’, declared with attribute ‘nodiscard’ [-Wunused-result]
 1024 |     cudaGraphDestroy(graph);
In file included from /mnt/sda2/home/calvin/workspace/strata-validation/toolchains/rocm/lib/python3.10/site-packages/_rocm_sdk_core/include/hip/hip_runtime.h:65,
                 from /home/calvin/workspace/strata-integration-validation/source/include/strata/hip_compat/cuda_runtime.h:12,
                 from <command-line>:
/mnt/sda2/home/calvin/workspace/strata-validation/toolchains/rocm/lib/python3.10/site-packages/_rocm_sdk_core/include/hip/hip_runtime_api.h:8075:12: note: in call to ‘hipError_t hipGraphDestroy(hipGraph_t)’, declared here
 8075 | hipError_t hipGraphDestroy(hipGraph_t graph);
      |            ^~~~~~~~~~~~~~~
In file included from /mnt/sda2/home/calvin/workspace/strata-validation/toolchains/rocm/lib/python3.10/site-packages/_rocm_sdk_core/include/hip/hip_runtime.h:65,
                 from /home/calvin/workspace/strata-integration-validation/source/include/strata/hip_compat/cuda_runtime.h:12,
                 from <command-line>:
/mnt/sda2/home/calvin/workspace/strata-validation/toolchains/rocm/lib/python3.10/site-packages/_rocm_sdk_core/include/hip/hip_runtime_api.h:419:3: note: ‘hipError_t’ declared here
  419 | } hipError_t;
      |   ^~~~~~~~~~
/home/calvin/workspace/strata-integration-validation/source/src/core/mtp.cpp:1026:20: warning: ignoring returned value of type ‘hipError_t’, declared with attribute ‘nodiscard’ [-Wunused-result]
 1026 |     cudaGraphUpload(exec, cs);
In file included from /mnt/sda2/home/calvin/workspace/strata-validation/toolchains/rocm/lib/python3.10/site-packages/_rocm_sdk_core/include/hip/hip_runtime.h:65,
                 from /home/calvin/workspace/strata-integration-validation/source/include/strata/hip_compat/cuda_runtime.h:12,
                 from <command-line>:
/mnt/sda2/home/calvin/workspace/strata-validation/toolchains/rocm/lib/python3.10/site-packages/_rocm_sdk_core/include/hip/hip_runtime_api.h:8288:12: note: in call to ‘hipError_t hipGraphUpload(hipGraphExec_t, hipStream_t)’, declared here
 8288 | hipError_t hipGraphUpload(hipGraphExec_t graphExec, hipStream_t stream);
      |            ^~~~~~~~~~~~~~
In file included from /mnt/sda2/home/calvin/workspace/strata-validation/toolchains/rocm/lib/python3.10/site-packages/_rocm_sdk_core/include/hip/hip_runtime.h:65,
                 from /home/calvin/workspace/strata-integration-validation/source/include/strata/hip_compat/cuda_runtime.h:12,
                 from <command-line>:
/mnt/sda2/home/calvin/workspace/strata-validation/toolchains/rocm/lib/python3.10/site-packages/_rocm_sdk_core/include/hip/hip_runtime_api.h:419:3: note: ‘hipError_t’ declared here
  419 | } hipError_t;
      |   ^~~~~~~~~~
/home/calvin/workspace/strata-integration-validation/source/src/core/mtp.cpp:1027:26: warning: ignoring returned value of type ‘hipError_t’, declared with attribute ‘nodiscard’ [-Wunused-result]
 1027 |     cudaStreamSynchronize(cs);
In file included from /mnt/sda2/home/calvin/workspace/strata-validation/toolchains/rocm/lib/python3.10/site-packages/_rocm_sdk_core/include/hip/hip_runtime.h:65,
                 from /home/calvin/workspace/strata-integration-validation/source/include/strata/hip_compat/cuda_runtime.h:12,
                 from <command-line>:
/mnt/sda2/home/calvin/workspace/strata-validation/toolchains/rocm/lib/python3.10/site-packages/_rocm_sdk_core/include/hip/hip_runtime_api.h:2923:12: note: in call to ‘hipError_t hipStreamSynchronize(hipStream_t)’, declared here
 2923 | hipError_t hipStreamSynchronize(hipStream_t stream);
      |            ^~~~~~~~~~~~~~~~~~~~
In file included from /mnt/sda2/home/calvin/workspace/strata-validation/toolchains/rocm/lib/python3.10/site-packages/_rocm_sdk_core/include/hip/hip_runtime.h:65,
                 from /home/calvin/workspace/strata-integration-validation/source/include/strata/hip_compat/cuda_runtime.h:12,
                 from <command-line>:
/mnt/sda2/home/calvin/workspace/strata-validation/toolchains/rocm/lib/python3.10/site-packages/_rocm_sdk_core/include/hip/hip_runtime_api.h:419:3: note: ‘hipError_t’ declared here
  419 | } hipError_t;
      |   ^~~~~~~~~~
/home/calvin/workspace/strata-integration-validation/source/src/core/mtp.cpp: In member function ‘void strata::core::MtpDrafter::kv_restore(int64_t)’:
/home/calvin/workspace/strata-integration-validation/source/src/core/mtp.cpp:1127:26: warning: ignoring returned value of type ‘hipError_t’, declared with attribute ‘nodiscard’ [-Wunused-result]
 1127 |     cudaStreamSynchronize(cs_);
In file included from /mnt/sda2/home/calvin/workspace/strata-validation/toolchains/rocm/lib/python3.10/site-packages/_rocm_sdk_core/include/hip/hip_runtime.h:65,
                 from /home/calvin/workspace/strata-integration-validation/source/include/strata/hip_compat/cuda_runtime.h:12,
                 from <command-line>:
/mnt/sda2/home/calvin/workspace/strata-validation/toolchains/rocm/lib/python3.10/site-packages/_rocm_sdk_core/include/hip/hip_runtime_api.h:2923:12: note: in call to ‘hipError_t hipStreamSynchronize(hipStream_t)’, declared here
 2923 | hipError_t hipStreamSynchronize(hipStream_t stream);
      |            ^~~~~~~~~~~~~~~~~~~~
In file included from /mnt/sda2/home/calvin/workspace/strata-validation/toolchains/rocm/lib/python3.10/site-packages/_rocm_sdk_core/include/hip/hip_runtime.h:65,
                 from /home/calvin/workspace/strata-integration-validation/source/include/strata/hip_compat/cuda_runtime.h:12,
                 from <command-line>:
/mnt/sda2/home/calvin/workspace/strata-validation/toolchains/rocm/lib/python3.10/site-packages/_rocm_sdk_core/include/hip/hip_runtime_api.h:419:3: note: ‘hipError_t’ declared here
  419 | } hipError_t;
      |   ^~~~~~~~~~
/home/calvin/workspace/strata-integration-validation/source/src/core/mtp.cpp: In member function ‘bool strata::core::MtpDrafter::prepare_prefill(std::string&)’:
/home/calvin/workspace/strata-integration-validation/source/src/core/mtp.cpp:1134:30: warning: ignoring returned value of type ‘hipError_t’, declared with attribute ‘nodiscard’ [-Wunused-result]
 1134 |         if (pf_dev_) cudaFree(pf_dev_);
In file included from /mnt/sda2/home/calvin/workspace/strata-validation/toolchains/rocm/lib/python3.10/site-packages/_rocm_sdk_core/include/hip/hip_runtime.h:65,
                 from /home/calvin/workspace/strata-integration-validation/source/include/strata/hip_compat/cuda_runtime.h:12,
                 from <command-line>:
/mnt/sda2/home/calvin/workspace/strata-validation/toolchains/rocm/lib/python3.10/site-packages/_rocm_sdk_core/include/hip/hip_runtime_api.h:4592:12: note: in call to ‘hipError_t hipFree(void*)’, declared here
 4592 | hipError_t hipFree(void* ptr);
      |            ^~~~~~~
In file included from /mnt/sda2/home/calvin/workspace/strata-validation/toolchains/rocm/lib/python3.10/site-packages/_rocm_sdk_core/include/hip/hip_runtime.h:65,
                 from /home/calvin/workspace/strata-integration-validation/source/include/strata/hip_compat/cuda_runtime.h:12,
                 from <command-line>:
/mnt/sda2/home/calvin/workspace/strata-validation/toolchains/rocm/lib/python3.10/site-packages/_rocm_sdk_core/include/hip/hip_runtime_api.h:419:3: note: ‘hipError_t’ declared here
  419 | } hipError_t;
      |   ^~~~~~~~~~
/home/calvin/workspace/strata-integration-validation/source/src/core/mtp.cpp: In member function ‘bool strata::core::MtpDrafter::prefill(const float*, const int32_t*, int64_t, int64_t, std::string&, bool)’:
/home/calvin/workspace/strata-integration-validation/source/src/core/mtp.cpp:1176:34: warning: ignoring returned value of type ‘hipError_t’, declared with attribute ‘nodiscard’ [-Wunused-result]
 1176 |             if (pf_dev_) cudaFree(pf_dev_);
In file included from /mnt/sda2/home/calvin/workspace/strata-validation/toolchains/rocm/lib/python3.10/site-packages/_rocm_sdk_core/include/hip/hip_runtime.h:65,
                 from /home/calvin/workspace/strata-integration-validation/source/include/strata/hip_compat/cuda_runtime.h:12,
                 from <command-line>:
/mnt/sda2/home/calvin/workspace/strata-validation/toolchains/rocm/lib/python3.10/site-packages/_rocm_sdk_core/include/hip/hip_runtime_api.h:4592:12: note: in call to ‘hipError_t hipFree(void*)’, declared here
 4592 | hipError_t hipFree(void* ptr);
      |            ^~~~~~~
In file included from /mnt/sda2/home/calvin/workspace/strata-validation/toolchains/rocm/lib/python3.10/site-packages/_rocm_sdk_core/include/hip/hip_runtime.h:65,
                 from /home/calvin/workspace/strata-integration-validation/source/include/strata/hip_compat/cuda_runtime.h:12,
                 from <command-line>:
/mnt/sda2/home/calvin/workspace/strata-validation/toolchains/rocm/lib/python3.10/site-packages/_rocm_sdk_core/include/hip/hip_runtime_api.h:419:3: note: ‘hipError_t’ declared here
  419 | } hipError_t;
      |   ^~~~~~~~~~
[7/13] Building CXX object CMakeFiles/strata_engine.dir/src/core/peer_experts.cpp.o
/home/calvin/workspace/strata-integration-validation/source/src/core/peer_experts.cpp: In constructor ‘strata::core::{anonymous}::On::On(int)’:
/home/calvin/workspace/strata-integration-validation/source/src/core/peer_experts.cpp:40:41: warning: ignoring returned value of type ‘hipError_t’, declared with attribute ‘nodiscard’ [-Wunused-result]
   40 |     explicit On(int dev) { cudaGetDevice(&prev); if (prev != dev) cudaSetDevice(dev); }
In file included from /mnt/sda2/home/calvin/workspace/strata-validation/toolchains/rocm/lib/python3.10/site-packages/_rocm_sdk_core/include/hip/hip_runtime.h:65,
                 from /home/calvin/workspace/strata-integration-validation/source/include/strata/hip_compat/cuda_runtime.h:12,
                 from <command-line>:
/mnt/sda2/home/calvin/workspace/strata-validation/toolchains/rocm/lib/python3.10/site-packages/_rocm_sdk_core/include/hip/hip_runtime_api.h:2260:12: note: in call to ‘hipError_t hipGetDevice(int*)’, declared here
 2260 | hipError_t hipGetDevice(int* deviceId);
      |            ^~~~~~~~~~~~
In file included from /mnt/sda2/home/calvin/workspace/strata-validation/toolchains/rocm/lib/python3.10/site-packages/_rocm_sdk_core/include/hip/hip_runtime.h:65,
                 from /home/calvin/workspace/strata-integration-validation/source/include/strata/hip_compat/cuda_runtime.h:12,
                 from <command-line>:
/mnt/sda2/home/calvin/workspace/strata-validation/toolchains/rocm/lib/python3.10/site-packages/_rocm_sdk_core/include/hip/hip_runtime_api.h:419:3: note: ‘hipError_t’ declared here
  419 | } hipError_t;
      |   ^~~~~~~~~~
/home/calvin/workspace/strata-integration-validation/source/src/core/peer_experts.cpp:40:80: warning: ignoring returned value of type ‘hipError_t’, declared with attribute ‘nodiscard’ [-Wunused-result]
   40 |     explicit On(int dev) { cudaGetDevice(&prev); if (prev != dev) cudaSetDevice(dev); }
In file included from /mnt/sda2/home/calvin/workspace/strata-validation/toolchains/rocm/lib/python3.10/site-packages/_rocm_sdk_core/include/hip/hip_runtime.h:65,
                 from /home/calvin/workspace/strata-integration-validation/source/include/strata/hip_compat/cuda_runtime.h:12,
                 from <command-line>:
/mnt/sda2/home/calvin/workspace/strata-validation/toolchains/rocm/lib/python3.10/site-packages/_rocm_sdk_core/include/hip/hip_runtime_api.h:2233:12: note: in call to ‘hipError_t hipSetDevice(int)’, declared here
 2233 | hipError_t hipSetDevice(int deviceId);
      |            ^~~~~~~~~~~~
In file included from /mnt/sda2/home/calvin/workspace/strata-validation/toolchains/rocm/lib/python3.10/site-packages/_rocm_sdk_core/include/hip/hip_runtime.h:65,
                 from /home/calvin/workspace/strata-integration-validation/source/include/strata/hip_compat/cuda_runtime.h:12,
                 from <command-line>:
/mnt/sda2/home/calvin/workspace/strata-validation/toolchains/rocm/lib/python3.10/site-packages/_rocm_sdk_core/include/hip/hip_runtime_api.h:419:3: note: ‘hipError_t’ declared here
  419 | } hipError_t;
      |   ^~~~~~~~~~
/home/calvin/workspace/strata-integration-validation/source/src/core/peer_experts.cpp: In destructor ‘strata::core::{anonymous}::On::~On()’:
/home/calvin/workspace/strata-integration-validation/source/src/core/peer_experts.cpp:41:39: warning: ignoring returned value of type ‘hipError_t’, declared with attribute ‘nodiscard’ [-Wunused-result]
   41 |     ~On() { int cur = 0; cudaGetDevice(&cur); if (cur != prev) cudaSetDevice(prev); }
In file included from /mnt/sda2/home/calvin/workspace/strata-validation/toolchains/rocm/lib/python3.10/site-packages/_rocm_sdk_core/include/hip/hip_runtime.h:65,
                 from /home/calvin/workspace/strata-integration-validation/source/include/strata/hip_compat/cuda_runtime.h:12,
                 from <command-line>:
/mnt/sda2/home/calvin/workspace/strata-validation/toolchains/rocm/lib/python3.10/site-packages/_rocm_sdk_core/include/hip/hip_runtime_api.h:2260:12: note: in call to ‘hipError_t hipGetDevice(int*)’, declared here
 2260 | hipError_t hipGetDevice(int* deviceId);
      |            ^~~~~~~~~~~~
In file included from /mnt/sda2/home/calvin/workspace/strata-validation/toolchains/rocm/lib/python3.10/site-packages/_rocm_sdk_core/include/hip/hip_runtime.h:65,
                 from /home/calvin/workspace/strata-integration-validation/source/include/strata/hip_compat/cuda_runtime.h:12,
                 from <command-line>:
/mnt/sda2/home/calvin/workspace/strata-validation/toolchains/rocm/lib/python3.10/site-packages/_rocm_sdk_core/include/hip/hip_runtime_api.h:419:3: note: ‘hipError_t’ declared here
  419 | } hipError_t;
      |   ^~~~~~~~~~
/home/calvin/workspace/strata-integration-validation/source/src/core/peer_experts.cpp:41:77: warning: ignoring returned value of type ‘hipError_t’, declared with attribute ‘nodiscard’ [-Wunused-result]
   41 |     ~On() { int cur = 0; cudaGetDevice(&cur); if (cur != prev) cudaSetDevice(prev); }
In file included from /mnt/sda2/home/calvin/workspace/strata-validation/toolchains/rocm/lib/python3.10/site-packages/_rocm_sdk_core/include/hip/hip_runtime.h:65,
                 from /home/calvin/workspace/strata-integration-validation/source/include/strata/hip_compat/cuda_runtime.h:12,
                 from <command-line>:
/mnt/sda2/home/calvin/workspace/strata-validation/toolchains/rocm/lib/python3.10/site-packages/_rocm_sdk_core/include/hip/hip_runtime_api.h:2233:12: note: in call to ‘hipError_t hipSetDevice(int)’, declared here
 2233 | hipError_t hipSetDevice(int deviceId);
      |            ^~~~~~~~~~~~
In file included from /mnt/sda2/home/calvin/workspace/strata-validation/toolchains/rocm/lib/python3.10/site-packages/_rocm_sdk_core/include/hip/hip_runtime.h:65,
                 from /home/calvin/workspace/strata-integration-validation/source/include/strata/hip_compat/cuda_runtime.h:12,
                 from <command-line>:
/mnt/sda2/home/calvin/workspace/strata-validation/toolchains/rocm/lib/python3.10/site-packages/_rocm_sdk_core/include/hip/hip_runtime_api.h:419:3: note: ‘hipError_t’ declared here
  419 | } hipError_t;
      |   ^~~~~~~~~~
/home/calvin/workspace/strata-integration-validation/source/src/core/peer_experts.cpp: In member function ‘void strata::core::PeerExperts::close()’:
/home/calvin/workspace/strata-integration-validation/source/src/core/peer_experts.cpp:58:43: warning: ignoring returned value of type ‘hipError_t’, declared with attribute ‘nodiscard’ [-Wunused-result]
   58 |         if (stream_) cudaStreamSynchronize(stream_);
In file included from /mnt/sda2/home/calvin/workspace/strata-validation/toolchains/rocm/lib/python3.10/site-packages/_rocm_sdk_core/include/hip/hip_runtime.h:65,
                 from /home/calvin/workspace/strata-integration-validation/source/include/strata/hip_compat/cuda_runtime.h:12,
                 from <command-line>:
/mnt/sda2/home/calvin/workspace/strata-validation/toolchains/rocm/lib/python3.10/site-packages/_rocm_sdk_core/include/hip/hip_runtime_api.h:2923:12: note: in call to ‘hipError_t hipStreamSynchronize(hipStream_t)’, declared here
 2923 | hipError_t hipStreamSynchronize(hipStream_t stream);
      |            ^~~~~~~~~~~~~~~~~~~~
In file included from /mnt/sda2/home/calvin/workspace/strata-validation/toolchains/rocm/lib/python3.10/site-packages/_rocm_sdk_core/include/hip/hip_runtime.h:65,
                 from /home/calvin/workspace/strata-integration-validation/source/include/strata/hip_compat/cuda_runtime.h:12,
                 from <command-line>:
/mnt/sda2/home/calvin/workspace/strata-validation/toolchains/rocm/lib/python3.10/site-packages/_rocm_sdk_core/include/hip/hip_runtime_api.h:419:3: note: ‘hipError_t’ declared here
  419 | } hipError_t;
      |   ^~~~~~~~~~
/home/calvin/workspace/strata-integration-validation/source/src/core/peer_experts.cpp:59:43: warning: ignoring returned value of type ‘hipError_t’, declared with attribute ‘nodiscard’ [-Wunused-result]
   59 |         if (refill_) cudaStreamSynchronize(refill_);
In file included from /mnt/sda2/home/calvin/workspace/strata-validation/toolchains/rocm/lib/python3.10/site-packages/_rocm_sdk_core/include/hip/hip_runtime.h:65,
                 from /home/calvin/workspace/strata-integration-validation/source/include/strata/hip_compat/cuda_runtime.h:12,
                 from <command-line>:
/mnt/sda2/home/calvin/workspace/strata-validation/toolchains/rocm/lib/python3.10/site-packages/_rocm_sdk_core/include/hip/hip_runtime_api.h:2923:12: note: in call to ‘hipError_t hipStreamSynchronize(hipStream_t)’, declared here
 2923 | hipError_t hipStreamSynchronize(hipStream_t stream);
      |            ^~~~~~~~~~~~~~~~~~~~
In file included from /mnt/sda2/home/calvin/workspace/strata-validation/toolchains/rocm/lib/python3.10/site-packages/_rocm_sdk_core/include/hip/hip_runtime.h:65,
                 from /home/calvin/workspace/strata-integration-validation/source/include/strata/hip_compat/cuda_runtime.h:12,
                 from <command-line>:
/mnt/sda2/home/calvin/workspace/strata-validation/toolchains/rocm/lib/python3.10/site-packages/_rocm_sdk_core/include/hip/hip_runtime_api.h:419:3: note: ‘hipError_t’ declared here
  419 | } hipError_t;
      |   ^~~~~~~~~~
/home/calvin/workspace/strata-integration-validation/source/src/core/peer_experts.cpp:61:27: warning: ignoring returned value of type ‘hipError_t’, declared with attribute ‘nodiscard’ [-Wunused-result]
   61 |         if (d_x_) cudaFree(d_x_);
In file included from /mnt/sda2/home/calvin/workspace/strata-validation/toolchains/rocm/lib/python3.10/site-packages/_rocm_sdk_core/include/hip/hip_runtime.h:65,
                 from /home/calvin/workspace/strata-integration-validation/source/include/strata/hip_compat/cuda_runtime.h:12,
                 from <command-line>:
/mnt/sda2/home/calvin/workspace/strata-validation/toolchains/rocm/lib/python3.10/site-packages/_rocm_sdk_core/include/hip/hip_runtime_api.h:4592:12: note: in call to ‘hipError_t hipFree(void*)’, declared here
 4592 | hipError_t hipFree(void* ptr);
      |            ^~~~~~~
In file included from /mnt/sda2/home/calvin/workspace/strata-validation/toolchains/rocm/lib/python3.10/site-packages/_rocm_sdk_core/include/hip/hip_runtime.h:65,
                 from /home/calvin/workspace/strata-integration-validation/source/include/strata/hip_compat/cuda_runtime.h:12,
                 from <command-line>:
/mnt/sda2/home/calvin/workspace/strata-validation/toolchains/rocm/lib/python3.10/site-packages/_rocm_sdk_core/include/hip/hip_runtime_api.h:419:3: note: ‘hipError_t’ declared here
  419 | } hipError_t;
      |   ^~~~~~~~~~
/home/calvin/workspace/strata-integration-validation/source/src/core/peer_experts.cpp:62:29: warning: ignoring returned value of type ‘hipError_t’, declared with attribute ‘nodiscard’ [-Wunused-result]
   62 |         if (d_out_) cudaFree(d_out_);
In file included from /mnt/sda2/home/calvin/workspace/strata-validation/toolchains/rocm/lib/python3.10/site-packages/_rocm_sdk_core/include/hip/hip_runtime.h:65,
                 from /home/calvin/workspace/strata-integration-validation/source/include/strata/hip_compat/cuda_runtime.h:12,
                 from <command-line>:
/mnt/sda2/home/calvin/workspace/strata-validation/toolchains/rocm/lib/python3.10/site-packages/_rocm_sdk_core/include/hip/hip_runtime_api.h:4592:12: note: in call to ‘hipError_t hipFree(void*)’, declared here
 4592 | hipError_t hipFree(void* ptr);
      |            ^~~~~~~
In file included from /mnt/sda2/home/calvin/workspace/strata-validation/toolchains/rocm/lib/python3.10/site-packages/_rocm_sdk_core/include/hip/hip_runtime.h:65,
                 from /home/calvin/workspace/strata-integration-validation/source/include/strata/hip_compat/cuda_runtime.h:12,
                 from <command-line>:
/mnt/sda2/home/calvin/workspace/strata-validation/toolchains/rocm/lib/python3.10/site-packages/_rocm_sdk_core/include/hip/hip_runtime_api.h:419:3: note: ‘hipError_t’ declared here
  419 | } hipError_t;
      |   ^~~~~~~~~~
/home/calvin/workspace/strata-integration-validation/source/src/core/peer_experts.cpp:63:30: warning: ignoring returned value of type ‘hipError_t’, declared with attribute ‘nodiscard’ [-Wunused-result]
   63 |         if (d_meta_) cudaFree(d_meta_);
In file included from /mnt/sda2/home/calvin/workspace/strata-validation/toolchains/rocm/lib/python3.10/site-packages/_rocm_sdk_core/include/hip/hip_runtime.h:65,
                 from /home/calvin/workspace/strata-integration-validation/source/include/strata/hip_compat/cuda_runtime.h:12,
                 from <command-line>:
/mnt/sda2/home/calvin/workspace/strata-validation/toolchains/rocm/lib/python3.10/site-packages/_rocm_sdk_core/include/hip/hip_runtime_api.h:4592:12: note: in call to ‘hipError_t hipFree(void*)’, declared here
 4592 | hipError_t hipFree(void* ptr);
      |            ^~~~~~~
In file included from /mnt/sda2/home/calvin/workspace/strata-validation/toolchains/rocm/lib/python3.10/site-packages/_rocm_sdk_core/include/hip/hip_runtime.h:65,
                 from /home/calvin/workspace/strata-integration-validation/source/include/strata/hip_compat/cuda_runtime.h:12,
                 from <command-line>:
/mnt/sda2/home/calvin/workspace/strata-validation/toolchains/rocm/lib/python3.10/site-packages/_rocm_sdk_core/include/hip/hip_runtime_api.h:419:3: note: ‘hipError_t’ declared here
  419 | } hipError_t;
      |   ^~~~~~~~~~
/home/calvin/workspace/strata-integration-validation/source/src/core/peer_experts.cpp:64:28: warning: ignoring returned value of type ‘hipError_t’, declared with attribute ‘nodiscard’ [-Wunused-result]
   64 |         if (d_q8_) cudaFree(d_q8_);
In file included from /mnt/sda2/home/calvin/workspace/strata-validation/toolchains/rocm/lib/python3.10/site-packages/_rocm_sdk_core/include/hip/hip_runtime.h:65,
                 from /home/calvin/workspace/strata-integration-validation/source/include/strata/hip_compat/cuda_runtime.h:12,
                 from <command-line>:
/mnt/sda2/home/calvin/workspace/strata-validation/toolchains/rocm/lib/python3.10/site-packages/_rocm_sdk_core/include/hip/hip_runtime_api.h:4592:12: note: in call to ‘hipError_t hipFree(void*)’, declared here
 4592 | hipError_t hipFree(void* ptr);
      |            ^~~~~~~
In file included from /mnt/sda2/home/calvin/workspace/strata-validation/toolchains/rocm/lib/python3.10/site-packages/_rocm_sdk_core/include/hip/hip_runtime.h:65,
                 from /home/calvin/workspace/strata-integration-validation/source/include/strata/hip_compat/cuda_runtime.h:12,
                 from <command-line>:
/mnt/sda2/home/calvin/workspace/strata-validation/toolchains/rocm/lib/python3.10/site-packages/_rocm_sdk_core/include/hip/hip_runtime_api.h:419:3: note: ‘hipError_t’ declared here
  419 | } hipError_t;
      |   ^~~~~~~~~~
/home/calvin/workspace/strata-integration-validation/source/src/core/peer_experts.cpp:65:33: warning: ignoring returned value of type ‘hipError_t’, declared with attribute ‘nodiscard’ [-Wunused-result]
   65 |         if (d_scratch_) cudaFree(d_scratch_);
In file included from /mnt/sda2/home/calvin/workspace/strata-validation/toolchains/rocm/lib/python3.10/site-packages/_rocm_sdk_core/include/hip/hip_runtime.h:65,
                 from /home/calvin/workspace/strata-integration-validation/source/include/strata/hip_compat/cuda_runtime.h:12,
                 from <command-line>:
/mnt/sda2/home/calvin/workspace/strata-validation/toolchains/rocm/lib/python3.10/site-packages/_rocm_sdk_core/include/hip/hip_runtime_api.h:4592:12: note: in call to ‘hipError_t hipFree(void*)’, declared here
 4592 | hipError_t hipFree(void* ptr);
      |            ^~~~~~~
In file included from /mnt/sda2/home/calvin/workspace/strata-validation/toolchains/rocm/lib/python3.10/site-packages/_rocm_sdk_core/include/hip/hip_runtime.h:65,
                 from /home/calvin/workspace/strata-integration-validation/source/include/strata/hip_compat/cuda_runtime.h:12,
                 from <command-line>:
/mnt/sda2/home/calvin/workspace/strata-validation/toolchains/rocm/lib/python3.10/site-packages/_rocm_sdk_core/include/hip/hip_runtime_api.h:419:3: note: ‘hipError_t’ declared here
  419 | } hipError_t;
      |   ^~~~~~~~~~
/home/calvin/workspace/strata-integration-validation/source/src/core/peer_experts.cpp:66:31: warning: ignoring returned value of type ‘hipError_t’, declared with attribute ‘nodiscard’ [-Wunused-result]
   66 |         if (h_x_) cudaFreeHost(h_x_);
In file included from /mnt/sda2/home/calvin/workspace/strata-validation/toolchains/rocm/lib/python3.10/site-packages/_rocm_sdk_core/include/hip/hip_runtime.h:65,
                 from /home/calvin/workspace/strata-integration-validation/source/include/strata/hip_compat/cuda_runtime.h:12,
                 from <command-line>:
/mnt/sda2/home/calvin/workspace/strata-validation/toolchains/rocm/lib/python3.10/site-packages/_rocm_sdk_core/include/hip/hip_runtime_api.h:4604:12: note: in call to ‘hipError_t hipFreeHost(void*)’, declared here
 4604 | hipError_t hipFreeHost(void* ptr);
      |            ^~~~~~~~~~~
In file included from /mnt/sda2/home/calvin/workspace/strata-validation/toolchains/rocm/lib/python3.10/site-packages/_rocm_sdk_core/include/hip/hip_runtime.h:65,
                 from /home/calvin/workspace/strata-integration-validation/source/include/strata/hip_compat/cuda_runtime.h:12,
                 from <command-line>:
/mnt/sda2/home/calvin/workspace/strata-validation/toolchains/rocm/lib/python3.10/site-packages/_rocm_sdk_core/include/hip/hip_runtime_api.h:419:3: note: ‘hipError_t’ declared here
  419 | } hipError_t;
      |   ^~~~~~~~~~
/home/calvin/workspace/strata-integration-validation/source/src/core/peer_experts.cpp:67:33: warning: ignoring returned value of type ‘hipError_t’, declared with attribute ‘nodiscard’ [-Wunused-result]
   67 |         if (h_out_) cudaFreeHost(h_out_);
In file included from /mnt/sda2/home/calvin/workspace/strata-validation/toolchains/rocm/lib/python3.10/site-packages/_rocm_sdk_core/include/hip/hip_runtime.h:65,
                 from /home/calvin/workspace/strata-integration-validation/source/include/strata/hip_compat/cuda_runtime.h:12,
                 from <command-line>:
/mnt/sda2/home/calvin/workspace/strata-validation/toolchains/rocm/lib/python3.10/site-packages/_rocm_sdk_core/include/hip/hip_runtime_api.h:4604:12: note: in call to ‘hipError_t hipFreeHost(void*)’, declared here
 4604 | hipError_t hipFreeHost(void* ptr);
      |            ^~~~~~~~~~~
In file included from /mnt/sda2/home/calvin/workspace/strata-validation/toolchains/rocm/lib/python3.10/site-packages/_rocm_sdk_core/include/hip/hip_runtime.h:65,
                 from /home/calvin/workspace/strata-integration-validation/source/include/strata/hip_compat/cuda_runtime.h:12,
                 from <command-line>:
/mnt/sda2/home/calvin/workspace/strata-validation/toolchains/rocm/lib/python3.10/site-packages/_rocm_sdk_core/include/hip/hip_runtime_api.h:419:3: note: ‘hipError_t’ declared here
  419 | } hipError_t;
      |   ^~~~~~~~~~
/home/calvin/workspace/strata-integration-validation/source/src/core/peer_experts.cpp:68:34: warning: ignoring returned value of type ‘hipError_t’, declared with attribute ‘nodiscard’ [-Wunused-result]
   68 |         if (h_meta_) cudaFreeHost(h_meta_);
In file included from /mnt/sda2/home/calvin/workspace/strata-validation/toolchains/rocm/lib/python3.10/site-packages/_rocm_sdk_core/include/hip/hip_runtime.h:65,
                 from /home/calvin/workspace/strata-integration-validation/source/include/strata/hip_compat/cuda_runtime.h:12,
                 from <command-line>:
/mnt/sda2/home/calvin/workspace/strata-validation/toolchains/rocm/lib/python3.10/site-packages/_rocm_sdk_core/include/hip/hip_runtime_api.h:4604:12: note: in call to ‘hipError_t hipFreeHost(void*)’, declared here
 4604 | hipError_t hipFreeHost(void* ptr);
      |            ^~~~~~~~~~~
In file included from /mnt/sda2/home/calvin/workspace/strata-validation/toolchains/rocm/lib/python3.10/site-packages/_rocm_sdk_core/include/hip/hip_runtime.h:65,
                 from /home/calvin/workspace/strata-integration-validation/source/include/strata/hip_compat/cuda_runtime.h:12,
                 from <command-line>:
/mnt/sda2/home/calvin/workspace/strata-validation/toolchains/rocm/lib/python3.10/site-packages/_rocm_sdk_core/include/hip/hip_runtime_api.h:419:3: note: ‘hipError_t’ declared here
  419 | } hipError_t;
      |   ^~~~~~~~~~
/home/calvin/workspace/strata-integration-validation/source/src/core/peer_experts.cpp:69:41: warning: ignoring returned value of type ‘hipError_t’, declared with attribute ‘nodiscard’ [-Wunused-result]
   69 |         if (refill_ev_) cudaEventDestroy(refill_ev_);
In file included from /mnt/sda2/home/calvin/workspace/strata-validation/toolchains/rocm/lib/python3.10/site-packages/_rocm_sdk_core/include/hip/hip_runtime.h:65,
                 from /home/calvin/workspace/strata-integration-validation/source/include/strata/hip_compat/cuda_runtime.h:12,
                 from <command-line>:
/mnt/sda2/home/calvin/workspace/strata-validation/toolchains/rocm/lib/python3.10/site-packages/_rocm_sdk_core/include/hip/hip_runtime_api.h:3456:12: note: in call to ‘hipError_t hipEventDestroy(hipEvent_t)’, declared here
 3456 | hipError_t hipEventDestroy(hipEvent_t event);
      |            ^~~~~~~~~~~~~~~
In file included from /mnt/sda2/home/calvin/workspace/strata-validation/toolchains/rocm/lib/python3.10/site-packages/_rocm_sdk_core/include/hip/hip_runtime.h:65,
                 from /home/calvin/workspace/strata-integration-validation/source/include/strata/hip_compat/cuda_runtime.h:12,
                 from <command-line>:
/mnt/sda2/home/calvin/workspace/strata-validation/toolchains/rocm/lib/python3.10/site-packages/_rocm_sdk_core/include/hip/hip_runtime_api.h:419:3: note: ‘hipError_t’ declared here
  419 | } hipError_t;
      |   ^~~~~~~~~~
/home/calvin/workspace/strata-integration-validation/source/src/core/peer_experts.cpp:70:39: warning: ignoring returned value of type ‘hipError_t’, declared with attribute ‘nodiscard’ [-Wunused-result]
   70 |         if (stream_) cudaStreamDestroy(stream_);
In file included from /mnt/sda2/home/calvin/workspace/strata-validation/toolchains/rocm/lib/python3.10/site-packages/_rocm_sdk_core/include/hip/hip_runtime.h:65,
                 from /home/calvin/workspace/strata-integration-validation/source/include/strata/hip_compat/cuda_runtime.h:12,
                 from <command-line>:
/mnt/sda2/home/calvin/workspace/strata-validation/toolchains/rocm/lib/python3.10/site-packages/_rocm_sdk_core/include/hip/hip_runtime_api.h:2885:12: note: in call to ‘hipError_t hipStreamDestroy(hipStream_t)’, declared here
 2885 | hipError_t hipStreamDestroy(hipStream_t stream);
      |            ^~~~~~~~~~~~~~~~
In file included from /mnt/sda2/home/calvin/workspace/strata-validation/toolchains/rocm/lib/python3.10/site-packages/_rocm_sdk_core/include/hip/hip_runtime.h:65,
                 from /home/calvin/workspace/strata-integration-validation/source/include/strata/hip_compat/cuda_runtime.h:12,
                 from <command-line>:
/mnt/sda2/home/calvin/workspace/strata-validation/toolchains/rocm/lib/python3.10/site-packages/_rocm_sdk_core/include/hip/hip_runtime_api.h:419:3: note: ‘hipError_t’ declared here
  419 | } hipError_t;
      |   ^~~~~~~~~~
/home/calvin/workspace/strata-integration-validation/source/src/core/peer_experts.cpp:71:39: warning: ignoring returned value of type ‘hipError_t’, declared with attribute ‘nodiscard’ [-Wunused-result]
   71 |         if (refill_) cudaStreamDestroy(refill_);
In file included from /mnt/sda2/home/calvin/workspace/strata-validation/toolchains/rocm/lib/python3.10/site-packages/_rocm_sdk_core/include/hip/hip_runtime.h:65,
                 from /home/calvin/workspace/strata-integration-validation/source/include/strata/hip_compat/cuda_runtime.h:12,
                 from <command-line>:
/mnt/sda2/home/calvin/workspace/strata-validation/toolchains/rocm/lib/python3.10/site-packages/_rocm_sdk_core/include/hip/hip_runtime_api.h:2885:12: note: in call to ‘hipError_t hipStreamDestroy(hipStream_t)’, declared here
 2885 | hipError_t hipStreamDestroy(hipStream_t stream);
      |            ^~~~~~~~~~~~~~~~
In file included from /mnt/sda2/home/calvin/workspace/strata-validation/toolchains/rocm/lib/python3.10/site-packages/_rocm_sdk_core/include/hip/hip_runtime.h:65,
                 from /home/calvin/workspace/strata-integration-validation/source/include/strata/hip_compat/cuda_runtime.h:12,
                 from <command-line>:
/mnt/sda2/home/calvin/workspace/strata-validation/toolchains/rocm/lib/python3.10/site-packages/_rocm_sdk_core/include/hip/hip_runtime_api.h:419:3: note: ‘hipError_t’ declared here
  419 | } hipError_t;
      |   ^~~~~~~~~~
/home/calvin/workspace/strata-integration-validation/source/src/core/peer_experts.cpp: In member function ‘bool strata::core::PeerExperts::open(int, const std::vector<std::pair<int, int> >&, const strata::core::ExpertCache&, strata::core::ExpertSource&, int64_t, int64_t, int, int64_t, std::string&)’:
/home/calvin/workspace/strata-integration-validation/source/src/core/peer_experts.cpp:99:32: warning: ignoring returned value of type ‘hipError_t’, declared with attribute ‘nodiscard’ [-Wunused-result]
   99 |         cudaDeviceCanAccessPeer(&a, 0, device);
In file included from /mnt/sda2/home/calvin/workspace/strata-validation/toolchains/rocm/lib/python3.10/site-packages/_rocm_sdk_core/include/hip/hip_runtime.h:65,
                 from /home/calvin/workspace/strata-integration-validation/source/include/strata/hip_compat/cuda_runtime.h:12,
                 from <command-line>:
/mnt/sda2/home/calvin/workspace/strata-validation/toolchains/rocm/lib/python3.10/site-packages/_rocm_sdk_core/include/hip/hip_runtime_api.h:5864:12: note: in call to ‘hipError_t hipDeviceCanAccessPeer(int*, int, int)’, declared here
 5864 | hipError_t hipDeviceCanAccessPeer(int* canAccessPeer, int deviceId, int peerDeviceId);
      |            ^~~~~~~~~~~~~~~~~~~~~~
In file included from /mnt/sda2/home/calvin/workspace/strata-validation/toolchains/rocm/lib/python3.10/site-packages/_rocm_sdk_core/include/hip/hip_runtime.h:65,
                 from /home/calvin/workspace/strata-integration-validation/source/include/strata/hip_compat/cuda_runtime.h:12,
                 from <command-line>:
/mnt/sda2/home/calvin/workspace/strata-validation/toolchains/rocm/lib/python3.10/site-packages/_rocm_sdk_core/include/hip/hip_runtime_api.h:419:3: note: ‘hipError_t’ declared here
  419 | } hipError_t;
      |   ^~~~~~~~~~
/home/calvin/workspace/strata-integration-validation/source/src/core/peer_experts.cpp:100:32: warning: ignoring returned value of type ‘hipError_t’, declared with attribute ‘nodiscard’ [-Wunused-result]
  100 |         cudaDeviceCanAccessPeer(&b, device, 0);
In file included from /mnt/sda2/home/calvin/workspace/strata-validation/toolchains/rocm/lib/python3.10/site-packages/_rocm_sdk_core/include/hip/hip_runtime.h:65,
                 from /home/calvin/workspace/strata-integration-validation/source/include/strata/hip_compat/cuda_runtime.h:12,
                 from <command-line>:
/mnt/sda2/home/calvin/workspace/strata-validation/toolchains/rocm/lib/python3.10/site-packages/_rocm_sdk_core/include/hip/hip_runtime_api.h:5864:12: note: in call to ‘hipError_t hipDeviceCanAccessPeer(int*, int, int)’, declared here
 5864 | hipError_t hipDeviceCanAccessPeer(int* canAccessPeer, int deviceId, int peerDeviceId);
      |            ^~~~~~~~~~~~~~~~~~~~~~
In file included from /mnt/sda2/home/calvin/workspace/strata-validation/toolchains/rocm/lib/python3.10/site-packages/_rocm_sdk_core/include/hip/hip_runtime.h:65,
                 from /home/calvin/workspace/strata-integration-validation/source/include/strata/hip_compat/cuda_runtime.h:12,
                 from <command-line>:
/mnt/sda2/home/calvin/workspace/strata-validation/toolchains/rocm/lib/python3.10/site-packages/_rocm_sdk_core/include/hip/hip_runtime_api.h:419:3: note: ‘hipError_t’ declared here
  419 | } hipError_t;
      |   ^~~~~~~~~~
/home/calvin/workspace/strata-integration-validation/source/src/core/peer_experts.cpp:106:76: warning: ignoring returned value of type ‘hipError_t’, declared with attribute ‘nodiscard’ [-Wunused-result]
  106 |             if (e0 == cudaErrorPeerAccessAlreadyEnabled) { cudaGetLastError(); e0 = cudaSuccess; }
In file included from /mnt/sda2/home/calvin/workspace/strata-validation/toolchains/rocm/lib/python3.10/site-packages/_rocm_sdk_core/include/hip/hip_runtime.h:65,
                 from /home/calvin/workspace/strata-integration-validation/source/include/strata/hip_compat/cuda_runtime.h:12,
                 from <command-line>:
/mnt/sda2/home/calvin/workspace/strata-validation/toolchains/rocm/lib/python3.10/site-packages/_rocm_sdk_core/include/hip/hip_runtime_api.h:2708:12: note: in call to ‘hipError_t hipGetLastError()’, declared here
 2708 | hipError_t hipGetLastError(void);
      |            ^~~~~~~~~~~~~~~
In file included from /mnt/sda2/home/calvin/workspace/strata-validation/toolchains/rocm/lib/python3.10/site-packages/_rocm_sdk_core/include/hip/hip_runtime.h:65,
                 from /home/calvin/workspace/strata-integration-validation/source/include/strata/hip_compat/cuda_runtime.h:12,
                 from <command-line>:
/mnt/sda2/home/calvin/workspace/strata-validation/toolchains/rocm/lib/python3.10/site-packages/_rocm_sdk_core/include/hip/hip_runtime_api.h:419:3: note: ‘hipError_t’ declared here
  419 | } hipError_t;
      |   ^~~~~~~~~~
/home/calvin/workspace/strata-integration-validation/source/src/core/peer_experts.cpp:109:76: warning: ignoring returned value of type ‘hipError_t’, declared with attribute ‘nodiscard’ [-Wunused-result]
  109 |             if (e1 == cudaErrorPeerAccessAlreadyEnabled) { cudaGetLastError(); e1 = cudaSuccess; }
In file included from /mnt/sda2/home/calvin/workspace/strata-validation/toolchains/rocm/lib/python3.10/site-packages/_rocm_sdk_core/include/hip/hip_runtime.h:65,
                 from /home/calvin/workspace/strata-integration-validation/source/include/strata/hip_compat/cuda_runtime.h:12,
                 from <command-line>:
/mnt/sda2/home/calvin/workspace/strata-validation/toolchains/rocm/lib/python3.10/site-packages/_rocm_sdk_core/include/hip/hip_runtime_api.h:2708:12: note: in call to ‘hipError_t hipGetLastError()’, declared here
 2708 | hipError_t hipGetLastError(void);
      |            ^~~~~~~~~~~~~~~
In file included from /mnt/sda2/home/calvin/workspace/strata-validation/toolchains/rocm/lib/python3.10/site-packages/_rocm_sdk_core/include/hip/hip_runtime.h:65,
                 from /home/calvin/workspace/strata-integration-validation/source/include/strata/hip_compat/cuda_runtime.h:12,
                 from <command-line>:
/mnt/sda2/home/calvin/workspace/strata-validation/toolchains/rocm/lib/python3.10/site-packages/_rocm_sdk_core/include/hip/hip_runtime_api.h:419:3: note: ‘hipError_t’ declared here
  419 | } hipError_t;
      |   ^~~~~~~~~~
/home/calvin/workspace/strata-integration-validation/source/src/core/peer_experts.cpp: In member function ‘void strata::core::PeerExperts::apply_pending(bool)’:
/home/calvin/workspace/strata-integration-validation/source/src/core/peer_experts.cpp:324:39: warning: ignoring returned value of type ‘hipError_t’, declared with attribute ‘nodiscard’ [-Wunused-result]
  324 |         if (wait) cudaEventSynchronize(refill_ev_);
In file included from /mnt/sda2/home/calvin/workspace/strata-validation/toolchains/rocm/lib/python3.10/site-packages/_rocm_sdk_core/include/hip/hip_runtime.h:65,
                 from /home/calvin/workspace/strata-integration-validation/source/include/strata/hip_compat/cuda_runtime.h:12,
                 from <command-line>:
/mnt/sda2/home/calvin/workspace/strata-validation/toolchains/rocm/lib/python3.10/site-packages/_rocm_sdk_core/include/hip/hip_runtime_api.h:3475:12: note: in call to ‘hipError_t hipEventSynchronize(hipEvent_t)’, declared here
 3475 | hipError_t hipEventSynchronize(hipEvent_t event);
      |            ^~~~~~~~~~~~~~~~~~~
In file included from /mnt/sda2/home/calvin/workspace/strata-validation/toolchains/rocm/lib/python3.10/site-packages/_rocm_sdk_core/include/hip/hip_runtime.h:65,
                 from /home/calvin/workspace/strata-integration-validation/source/include/strata/hip_compat/cuda_runtime.h:12,
                 from <command-line>:
/mnt/sda2/home/calvin/workspace/strata-validation/toolchains/rocm/lib/python3.10/site-packages/_rocm_sdk_core/include/hip/hip_runtime_api.h:419:3: note: ‘hipError_t’ declared here
  419 | } hipError_t;
      |   ^~~~~~~~~~
[8/13] Linking HIP static library libstrata_engine.a
[9/13] Building CXX object CMakeFiles/strata_prefill.dir/src/prefill/prefill.cpp.o
In file included from /home/calvin/workspace/strata-integration-validation/source/src/prefill/prefill.cpp:8:
/home/calvin/workspace/strata-integration-validation/source/include/strata/core/on_device.hpp: In destructor ‘strata::core::OnDevice::~OnDevice()’:
/home/calvin/workspace/strata-integration-validation/source/include/strata/core/on_device.hpp:17:51: warning: ignoring returned value of type ‘hipError_t’, declared with attribute ‘nodiscard’ [-Wunused-result]
   17 |     ~OnDevice() { if (previous >= 0) cudaSetDevice(previous); }
In file included from /mnt/sda2/home/calvin/workspace/strata-validation/toolchains/rocm/lib/python3.10/site-packages/_rocm_sdk_core/include/hip/hip_runtime.h:65,
                 from /home/calvin/workspace/strata-integration-validation/source/include/strata/hip_compat/cuda_runtime.h:12,
                 from <command-line>:
/mnt/sda2/home/calvin/workspace/strata-validation/toolchains/rocm/lib/python3.10/site-packages/_rocm_sdk_core/include/hip/hip_runtime_api.h:2233:12: note: in call to ‘hipError_t hipSetDevice(int)’, declared here
 2233 | hipError_t hipSetDevice(int deviceId);
      |            ^~~~~~~~~~~~
In file included from /mnt/sda2/home/calvin/workspace/strata-validation/toolchains/rocm/lib/python3.10/site-packages/_rocm_sdk_core/include/hip/hip_runtime.h:65,
                 from /home/calvin/workspace/strata-integration-validation/source/include/strata/hip_compat/cuda_runtime.h:12,
                 from <command-line>:
/mnt/sda2/home/calvin/workspace/strata-validation/toolchains/rocm/lib/python3.10/site-packages/_rocm_sdk_core/include/hip/hip_runtime_api.h:419:3: note: ‘hipError_t’ declared here
  419 | } hipError_t;
      |   ^~~~~~~~~~
/home/calvin/workspace/strata-integration-validation/source/src/prefill/prefill.cpp: In member function ‘bool strata::prefill::Stager::init(size_t, int)’:
/home/calvin/workspace/strata-integration-validation/source/src/prefill/prefill.cpp:453:33: warning: ignoring returned value of type ‘hipError_t’, declared with attribute ‘nodiscard’ [-Wunused-result]
  453 |                 cudaGetLastError();
In file included from /mnt/sda2/home/calvin/workspace/strata-validation/toolchains/rocm/lib/python3.10/site-packages/_rocm_sdk_core/include/hip/hip_runtime.h:65,
                 from /home/calvin/workspace/strata-integration-validation/source/include/strata/hip_compat/cuda_runtime.h:12,
                 from <command-line>:
/mnt/sda2/home/calvin/workspace/strata-validation/toolchains/rocm/lib/python3.10/site-packages/_rocm_sdk_core/include/hip/hip_runtime_api.h:2708:12: note: in call to ‘hipError_t hipGetLastError()’, declared here
 2708 | hipError_t hipGetLastError(void);
      |            ^~~~~~~~~~~~~~~
In file included from /mnt/sda2/home/calvin/workspace/strata-validation/toolchains/rocm/lib/python3.10/site-packages/_rocm_sdk_core/include/hip/hip_runtime.h:65,
                 from /home/calvin/workspace/strata-integration-validation/source/include/strata/hip_compat/cuda_runtime.h:12,
                 from <command-line>:
/mnt/sda2/home/calvin/workspace/strata-validation/toolchains/rocm/lib/python3.10/site-packages/_rocm_sdk_core/include/hip/hip_runtime_api.h:419:3: note: ‘hipError_t’ declared here
  419 | } hipError_t;
      |   ^~~~~~~~~~
/home/calvin/workspace/strata-integration-validation/source/src/prefill/prefill.cpp:460:22: warning: ignoring returned value of type ‘hipError_t’, declared with attribute ‘nodiscard’ [-Wunused-result]
  460 |         cudaGetDevice(&device);
In file included from /mnt/sda2/home/calvin/workspace/strata-validation/toolchains/rocm/lib/python3.10/site-packages/_rocm_sdk_core/include/hip/hip_runtime.h:65,
                 from /home/calvin/workspace/strata-integration-validation/source/include/strata/hip_compat/cuda_runtime.h:12,
                 from <command-line>:
/mnt/sda2/home/calvin/workspace/strata-validation/toolchains/rocm/lib/python3.10/site-packages/_rocm_sdk_core/include/hip/hip_runtime_api.h:2260:12: note: in call to ‘hipError_t hipGetDevice(int*)’, declared here
 2260 | hipError_t hipGetDevice(int* deviceId);
      |            ^~~~~~~~~~~~
In file included from /mnt/sda2/home/calvin/workspace/strata-validation/toolchains/rocm/lib/python3.10/site-packages/_rocm_sdk_core/include/hip/hip_runtime.h:65,
                 from /home/calvin/workspace/strata-integration-validation/source/include/strata/hip_compat/cuda_runtime.h:12,
                 from <command-line>:
/mnt/sda2/home/calvin/workspace/strata-validation/toolchains/rocm/lib/python3.10/site-packages/_rocm_sdk_core/include/hip/hip_runtime_api.h:419:3: note: ‘hipError_t’ declared here
  419 | } hipError_t;
      |   ^~~~~~~~~~
/home/calvin/workspace/strata-integration-validation/source/src/prefill/prefill.cpp: In destructor ‘strata::prefill::Stager::~Stager()’:
/home/calvin/workspace/strata-integration-validation/source/src/prefill/prefill.cpp:470:46: warning: ignoring returned value of type ‘hipError_t’, declared with attribute ‘nodiscard’ [-Wunused-result]
  470 |             if (dma_done[i]) cudaEventDestroy(dma_done[i]);
In file included from /mnt/sda2/home/calvin/workspace/strata-validation/toolchains/rocm/lib/python3.10/site-packages/_rocm_sdk_core/include/hip/hip_runtime.h:65,
                 from /home/calvin/workspace/strata-integration-validation/source/include/strata/hip_compat/cuda_runtime.h:12,
                 from <command-line>:
/mnt/sda2/home/calvin/workspace/strata-validation/toolchains/rocm/lib/python3.10/site-packages/_rocm_sdk_core/include/hip/hip_runtime_api.h:3456:12: note: in call to ‘hipError_t hipEventDestroy(hipEvent_t)’, declared here
 3456 | hipError_t hipEventDestroy(hipEvent_t event);
      |            ^~~~~~~~~~~~~~~
In file included from /mnt/sda2/home/calvin/workspace/strata-validation/toolchains/rocm/lib/python3.10/site-packages/_rocm_sdk_core/include/hip/hip_runtime.h:65,
                 from /home/calvin/workspace/strata-integration-validation/source/include/strata/hip_compat/cuda_runtime.h:12,
                 from <command-line>:
/mnt/sda2/home/calvin/workspace/strata-validation/toolchains/rocm/lib/python3.10/site-packages/_rocm_sdk_core/include/hip/hip_runtime_api.h:419:3: note: ‘hipError_t’ declared here
  419 | } hipError_t;
      |   ^~~~~~~~~~
/home/calvin/workspace/strata-integration-validation/source/src/prefill/prefill.cpp:471:50: warning: ignoring returned value of type ‘hipError_t’, declared with attribute ‘nodiscard’ [-Wunused-result]
  471 |             if (buf[i] && pinned[i]) cudaFreeHost(buf[i]);
In file included from /mnt/sda2/home/calvin/workspace/strata-validation/toolchains/rocm/lib/python3.10/site-packages/_rocm_sdk_core/include/hip/hip_runtime.h:65,
                 from /home/calvin/workspace/strata-integration-validation/source/include/strata/hip_compat/cuda_runtime.h:12,
                 from <command-line>:
/mnt/sda2/home/calvin/workspace/strata-validation/toolchains/rocm/lib/python3.10/site-packages/_rocm_sdk_core/include/hip/hip_runtime_api.h:4604:12: note: in call to ‘hipError_t hipFreeHost(void*)’, declared here
 4604 | hipError_t hipFreeHost(void* ptr);
      |            ^~~~~~~~~~~
In file included from /mnt/sda2/home/calvin/workspace/strata-validation/toolchains/rocm/lib/python3.10/site-packages/_rocm_sdk_core/include/hip/hip_runtime.h:65,
                 from /home/calvin/workspace/strata-integration-validation/source/include/strata/hip_compat/cuda_runtime.h:12,
                 from <command-line>:
/mnt/sda2/home/calvin/workspace/strata-validation/toolchains/rocm/lib/python3.10/site-packages/_rocm_sdk_core/include/hip/hip_runtime_api.h:419:3: note: ‘hipError_t’ declared here
  419 | } hipError_t;
      |   ^~~~~~~~~~
/home/calvin/workspace/strata-integration-validation/source/src/prefill/prefill.cpp: In member function ‘void strata::prefill::Stager::work()’:
/home/calvin/workspace/strata-integration-validation/source/src/prefill/prefill.cpp:475:22: warning: ignoring returned value of type ‘hipError_t’, declared with attribute ‘nodiscard’ [-Wunused-result]
  475 |         cudaSetDevice(device);
In file included from /mnt/sda2/home/calvin/workspace/strata-validation/toolchains/rocm/lib/python3.10/site-packages/_rocm_sdk_core/include/hip/hip_runtime.h:65,
                 from /home/calvin/workspace/strata-integration-validation/source/include/strata/hip_compat/cuda_runtime.h:12,
                 from <command-line>:
/mnt/sda2/home/calvin/workspace/strata-validation/toolchains/rocm/lib/python3.10/site-packages/_rocm_sdk_core/include/hip/hip_runtime_api.h:2233:12: note: in call to ‘hipError_t hipSetDevice(int)’, declared here
 2233 | hipError_t hipSetDevice(int deviceId);
      |            ^~~~~~~~~~~~
In file included from /mnt/sda2/home/calvin/workspace/strata-validation/toolchains/rocm/lib/python3.10/site-packages/_rocm_sdk_core/include/hip/hip_runtime.h:65,
                 from /home/calvin/workspace/strata-integration-validation/source/include/strata/hip_compat/cuda_runtime.h:12,
                 from <command-line>:
/mnt/sda2/home/calvin/workspace/strata-validation/toolchains/rocm/lib/python3.10/site-packages/_rocm_sdk_core/include/hip/hip_runtime_api.h:419:3: note: ‘hipError_t’ declared here
  419 | } hipError_t;
      |   ^~~~~~~~~~
/home/calvin/workspace/strata-integration-validation/source/src/prefill/prefill.cpp:504:41: warning: ignoring returned value of type ‘hipError_t’, declared with attribute ‘nodiscard’ [-Wunused-result]
  504 |                     cudaEventSynchronize(dma_done[i % kRing]);
In file included from /mnt/sda2/home/calvin/workspace/strata-validation/toolchains/rocm/lib/python3.10/site-packages/_rocm_sdk_core/include/hip/hip_runtime.h:65,
                 from /home/calvin/workspace/strata-integration-validation/source/include/strata/hip_compat/cuda_runtime.h:12,
                 from <command-line>:
/mnt/sda2/home/calvin/workspace/strata-validation/toolchains/rocm/lib/python3.10/site-packages/_rocm_sdk_core/include/hip/hip_runtime_api.h:3475:12: note: in call to ‘hipError_t hipEventSynchronize(hipEvent_t)’, declared here
 3475 | hipError_t hipEventSynchronize(hipEvent_t event);
      |            ^~~~~~~~~~~~~~~~~~~
In file included from /mnt/sda2/home/calvin/workspace/strata-validation/toolchains/rocm/lib/python3.10/site-packages/_rocm_sdk_core/include/hip/hip_runtime.h:65,
                 from /home/calvin/workspace/strata-integration-validation/source/include/strata/hip_compat/cuda_runtime.h:12,
                 from <command-line>:
/mnt/sda2/home/calvin/workspace/strata-validation/toolchains/rocm/lib/python3.10/site-packages/_rocm_sdk_core/include/hip/hip_runtime_api.h:419:3: note: ‘hipError_t’ declared here
  419 | } hipError_t;
      |   ^~~~~~~~~~
/home/calvin/workspace/strata-integration-validation/source/src/prefill/prefill.cpp: In member function ‘void strata::prefill::Stager::issued_one(int, hipStream_t)’:
/home/calvin/workspace/strata-integration-validation/source/src/prefill/prefill.cpp:558:24: warning: ignoring returned value of type ‘hipError_t’, declared with attribute ‘nodiscard’ [-Wunused-result]
  558 |         cudaEventRecord(dma_done[j % kRing], copy);
In file included from /mnt/sda2/home/calvin/workspace/strata-validation/toolchains/rocm/lib/python3.10/site-packages/_rocm_sdk_core/include/hip/hip_runtime.h:65,
                 from /home/calvin/workspace/strata-integration-validation/source/include/strata/hip_compat/cuda_runtime.h:12,
                 from <command-line>:
/mnt/sda2/home/calvin/workspace/strata-validation/toolchains/rocm/lib/python3.10/site-packages/_rocm_sdk_core/include/hip/hip_runtime_api.h:3436:12: note: in call to ‘hipError_t hipEventRecord(hipEvent_t, hipStream_t)’, declared here
 3436 | hipError_t hipEventRecord(hipEvent_t event, hipStream_t stream = NULL);
      |            ^~~~~~~~~~~~~~
In file included from /mnt/sda2/home/calvin/workspace/strata-validation/toolchains/rocm/lib/python3.10/site-packages/_rocm_sdk_core/include/hip/hip_runtime.h:65,
                 from /home/calvin/workspace/strata-integration-validation/source/include/strata/hip_compat/cuda_runtime.h:12,
                 from <command-line>:
/mnt/sda2/home/calvin/workspace/strata-validation/toolchains/rocm/lib/python3.10/site-packages/_rocm_sdk_core/include/hip/hip_runtime_api.h:419:3: note: ‘hipError_t’ declared here
  419 | } hipError_t;
      |   ^~~~~~~~~~
/home/calvin/workspace/strata-integration-validation/source/src/prefill/prefill.cpp: In destructor ‘strata::prefill::PeerPrefill::~PeerPrefill()’:
/home/calvin/workspace/strata-integration-validation/source/src/prefill/prefill.cpp:661:22: warning: ignoring returned value of type ‘hipError_t’, declared with attribute ‘nodiscard’ [-Wunused-result]
  661 |         cudaGetDevice(&prev);
In file included from /mnt/sda2/home/calvin/workspace/strata-validation/toolchains/rocm/lib/python3.10/site-packages/_rocm_sdk_core/include/hip/hip_runtime.h:65,
                 from /home/calvin/workspace/strata-integration-validation/source/include/strata/hip_compat/cuda_runtime.h:12,
                 from <command-line>:
/mnt/sda2/home/calvin/workspace/strata-validation/toolchains/rocm/lib/python3.10/site-packages/_rocm_sdk_core/include/hip/hip_runtime_api.h:2260:12: note: in call to ‘hipError_t hipGetDevice(int*)’, declared here
 2260 | hipError_t hipGetDevice(int* deviceId);
      |            ^~~~~~~~~~~~
In file included from /mnt/sda2/home/calvin/workspace/strata-validation/toolchains/rocm/lib/python3.10/site-packages/_rocm_sdk_core/include/hip/hip_runtime.h:65,
                 from /home/calvin/workspace/strata-integration-validation/source/include/strata/hip_compat/cuda_runtime.h:12,
                 from <command-line>:
/mnt/sda2/home/calvin/workspace/strata-validation/toolchains/rocm/lib/python3.10/site-packages/_rocm_sdk_core/include/hip/hip_runtime_api.h:419:3: note: ‘hipError_t’ declared here
  419 | } hipError_t;
      |   ^~~~~~~~~~
/home/calvin/workspace/strata-integration-validation/source/src/prefill/prefill.cpp:662:22: warning: ignoring returned value of type ‘hipError_t’, declared with attribute ‘nodiscard’ [-Wunused-result]
  662 |         cudaSetDevice(dev);
In file included from /mnt/sda2/home/calvin/workspace/strata-validation/toolchains/rocm/lib/python3.10/site-packages/_rocm_sdk_core/include/hip/hip_runtime.h:65,
                 from /home/calvin/workspace/strata-integration-validation/source/include/strata/hip_compat/cuda_runtime.h:12,
                 from <command-line>:
/mnt/sda2/home/calvin/workspace/strata-validation/toolchains/rocm/lib/python3.10/site-packages/_rocm_sdk_core/include/hip/hip_runtime_api.h:2233:12: note: in call to ‘hipError_t hipSetDevice(int)’, declared here
 2233 | hipError_t hipSetDevice(int deviceId);
      |            ^~~~~~~~~~~~
In file included from /mnt/sda2/home/calvin/workspace/strata-validation/toolchains/rocm/lib/python3.10/site-packages/_rocm_sdk_core/include/hip/hip_runtime.h:65,
                 from /home/calvin/workspace/strata-integration-validation/source/include/strata/hip_compat/cuda_runtime.h:12,
                 from <command-line>:
/mnt/sda2/home/calvin/workspace/strata-validation/toolchains/rocm/lib/python3.10/site-packages/_rocm_sdk_core/include/hip/hip_runtime_api.h:419:3: note: ‘hipError_t’ declared here
  419 | } hipError_t;
      |   ^~~~~~~~~~
/home/calvin/workspace/strata-integration-validation/source/src/prefill/prefill.cpp:663:37: warning: ignoring returned value of type ‘hipError_t’, declared with attribute ‘nodiscard’ [-Wunused-result]
  663 |         if (s) cudaStreamSynchronize(s);
In file included from /mnt/sda2/home/calvin/workspace/strata-validation/toolchains/rocm/lib/python3.10/site-packages/_rocm_sdk_core/include/hip/hip_runtime.h:65,
                 from /home/calvin/workspace/strata-integration-validation/source/include/strata/hip_compat/cuda_runtime.h:12,
                 from <command-line>:
/mnt/sda2/home/calvin/workspace/strata-validation/toolchains/rocm/lib/python3.10/site-packages/_rocm_sdk_core/include/hip/hip_runtime_api.h:2923:12: note: in call to ‘hipError_t hipStreamSynchronize(hipStream_t)’, declared here
 2923 | hipError_t hipStreamSynchronize(hipStream_t stream);
      |            ^~~~~~~~~~~~~~~~~~~~
In file included from /mnt/sda2/home/calvin/workspace/strata-validation/toolchains/rocm/lib/python3.10/site-packages/_rocm_sdk_core/include/hip/hip_runtime.h:65,
                 from /home/calvin/workspace/strata-integration-validation/source/include/strata/hip_compat/cuda_runtime.h:12,
                 from <command-line>:
/mnt/sda2/home/calvin/workspace/strata-validation/toolchains/rocm/lib/python3.10/site-packages/_rocm_sdk_core/include/hip/hip_runtime_api.h:419:3: note: ‘hipError_t’ declared here
  419 | } hipError_t;
      |   ^~~~~~~~~~
/home/calvin/workspace/strata-integration-validation/source/src/prefill/prefill.cpp:666:38: warning: ignoring returned value of type ‘hipError_t’, declared with attribute ‘nodiscard’ [-Wunused-result]
  666 |         if (ev_done) cudaEventDestroy(ev_done);
In file included from /mnt/sda2/home/calvin/workspace/strata-validation/toolchains/rocm/lib/python3.10/site-packages/_rocm_sdk_core/include/hip/hip_runtime.h:65,
                 from /home/calvin/workspace/strata-integration-validation/source/include/strata/hip_compat/cuda_runtime.h:12,
                 from <command-line>:
/mnt/sda2/home/calvin/workspace/strata-validation/toolchains/rocm/lib/python3.10/site-packages/_rocm_sdk_core/include/hip/hip_runtime_api.h:3456:12: note: in call to ‘hipError_t hipEventDestroy(hipEvent_t)’, declared here
 3456 | hipError_t hipEventDestroy(hipEvent_t event);
      |            ^~~~~~~~~~~~~~~
In file included from /mnt/sda2/home/calvin/workspace/strata-validation/toolchains/rocm/lib/python3.10/site-packages/_rocm_sdk_core/include/hip/hip_runtime.h:65,
                 from /home/calvin/workspace/strata-integration-validation/source/include/strata/hip_compat/cuda_runtime.h:12,
                 from <command-line>:
/mnt/sda2/home/calvin/workspace/strata-validation/toolchains/rocm/lib/python3.10/site-packages/_rocm_sdk_core/include/hip/hip_runtime_api.h:419:3: note: ‘hipError_t’ declared here
  419 | } hipError_t;
      |   ^~~~~~~~~~
/home/calvin/workspace/strata-integration-validation/source/src/prefill/prefill.cpp:667:41: warning: ignoring returned value of type ‘hipError_t’, declared with attribute ‘nodiscard’ [-Wunused-result]
  667 |         if (s_out) cudaStreamSynchronize(s_out);
In file included from /mnt/sda2/home/calvin/workspace/strata-validation/toolchains/rocm/lib/python3.10/site-packages/_rocm_sdk_core/include/hip/hip_runtime.h:65,
                 from /home/calvin/workspace/strata-integration-validation/source/include/strata/hip_compat/cuda_runtime.h:12,
                 from <command-line>:
/mnt/sda2/home/calvin/workspace/strata-validation/toolchains/rocm/lib/python3.10/site-packages/_rocm_sdk_core/include/hip/hip_runtime_api.h:2923:12: note: in call to ‘hipError_t hipStreamSynchronize(hipStream_t)’, declared here
 2923 | hipError_t hipStreamSynchronize(hipStream_t stream);
      |            ^~~~~~~~~~~~~~~~~~~~
In file included from /mnt/sda2/home/calvin/workspace/strata-validation/toolchains/rocm/lib/python3.10/site-packages/_rocm_sdk_core/include/hip/hip_runtime.h:65,
                 from /home/calvin/workspace/strata-integration-validation/source/include/strata/hip_compat/cuda_runtime.h:12,
                 from <command-line>:
/mnt/sda2/home/calvin/workspace/strata-validation/toolchains/rocm/lib/python3.10/site-packages/_rocm_sdk_core/include/hip/hip_runtime_api.h:419:3: note: ‘hipError_t’ declared here
  419 | } hipError_t;
      |   ^~~~~~~~~~
/home/calvin/workspace/strata-integration-validation/source/src/prefill/prefill.cpp:668:61: warning: ignoring returned value of type ‘hipError_t’, declared with attribute ‘nodiscard’ [-Wunused-result]
  668 |         for (cudaEvent_t e : ev_grp) if (e) cudaEventDestroy(e);
In file included from /mnt/sda2/home/calvin/workspace/strata-validation/toolchains/rocm/lib/python3.10/site-packages/_rocm_sdk_core/include/hip/hip_runtime.h:65,
                 from /home/calvin/workspace/strata-integration-validation/source/include/strata/hip_compat/cuda_runtime.h:12,
                 from <command-line>:
/mnt/sda2/home/calvin/workspace/strata-validation/toolchains/rocm/lib/python3.10/site-packages/_rocm_sdk_core/include/hip/hip_runtime_api.h:3456:12: note: in call to ‘hipError_t hipEventDestroy(hipEvent_t)’, declared here
 3456 | hipError_t hipEventDestroy(hipEvent_t event);
      |            ^~~~~~~~~~~~~~~
In file included from /mnt/sda2/home/calvin/workspace/strata-validation/toolchains/rocm/lib/python3.10/site-packages/_rocm_sdk_core/include/hip/hip_runtime.h:65,
                 from /home/calvin/workspace/strata-integration-validation/source/include/strata/hip_compat/cuda_runtime.h:12,
                 from <command-line>:
/mnt/sda2/home/calvin/workspace/strata-validation/toolchains/rocm/lib/python3.10/site-packages/_rocm_sdk_core/include/hip/hip_runtime_api.h:419:3: note: ‘hipError_t’ declared here
  419 | } hipError_t;
      |   ^~~~~~~~~~
/home/calvin/workspace/strata-integration-validation/source/src/prefill/prefill.cpp:669:60: warning: ignoring returned value of type ‘hipError_t’, declared with attribute ‘nodiscard’ [-Wunused-result]
  669 |         for (cudaEvent_t e : ev_dm) if (e) cudaEventDestroy(e);
In file included from /mnt/sda2/home/calvin/workspace/strata-validation/toolchains/rocm/lib/python3.10/site-packages/_rocm_sdk_core/include/hip/hip_runtime.h:65,
                 from /home/calvin/workspace/strata-integration-validation/source/include/strata/hip_compat/cuda_runtime.h:12,
                 from <command-line>:
/mnt/sda2/home/calvin/workspace/strata-validation/toolchains/rocm/lib/python3.10/site-packages/_rocm_sdk_core/include/hip/hip_runtime_api.h:3456:12: note: in call to ‘hipError_t hipEventDestroy(hipEvent_t)’, declared here
 3456 | hipError_t hipEventDestroy(hipEvent_t event);
      |            ^~~~~~~~~~~~~~~
In file included from /mnt/sda2/home/calvin/workspace/strata-validation/toolchains/rocm/lib/python3.10/site-packages/_rocm_sdk_core/include/hip/hip_runtime.h:65,
                 from /home/calvin/workspace/strata-integration-validation/source/include/strata/hip_compat/cuda_runtime.h:12,
                 from <command-line>:
/mnt/sda2/home/calvin/workspace/strata-validation/toolchains/rocm/lib/python3.10/site-packages/_rocm_sdk_core/include/hip/hip_runtime_api.h:419:3: note: ‘hipError_t’ declared here
  419 | } hipError_t;
      |   ^~~~~~~~~~
/home/calvin/workspace/strata-integration-validation/source/src/prefill/prefill.cpp:670:40: warning: ignoring returned value of type ‘hipError_t’, declared with attribute ‘nodiscard’ [-Wunused-result]
  670 |         if (s_cp) cudaStreamSynchronize(s_cp);
In file included from /mnt/sda2/home/calvin/workspace/strata-validation/toolchains/rocm/lib/python3.10/site-packages/_rocm_sdk_core/include/hip/hip_runtime.h:65,
                 from /home/calvin/workspace/strata-integration-validation/source/include/strata/hip_compat/cuda_runtime.h:12,
                 from <command-line>:
/mnt/sda2/home/calvin/workspace/strata-validation/toolchains/rocm/lib/python3.10/site-packages/_rocm_sdk_core/include/hip/hip_runtime_api.h:2923:12: note: in call to ‘hipError_t hipStreamSynchronize(hipStream_t)’, declared here
 2923 | hipError_t hipStreamSynchronize(hipStream_t stream);
      |            ^~~~~~~~~~~~~~~~~~~~
In file included from /mnt/sda2/home/calvin/workspace/strata-validation/toolchains/rocm/lib/python3.10/site-packages/_rocm_sdk_core/include/hip/hip_runtime.h:65,
                 from /home/calvin/workspace/strata-integration-validation/source/include/strata/hip_compat/cuda_runtime.h:12,
                 from <command-line>:
/mnt/sda2/home/calvin/workspace/strata-validation/toolchains/rocm/lib/python3.10/site-packages/_rocm_sdk_core/include/hip/hip_runtime_api.h:419:3: note: ‘hipError_t’ declared here
  419 | } hipError_t;
      |   ^~~~~~~~~~
/home/calvin/workspace/strata-integration-validation/source/src/prefill/prefill.cpp:671:62: warning: ignoring returned value of type ‘hipError_t’, declared with attribute ‘nodiscard’ [-Wunused-result]
  671 |         for (cudaEvent_t e : pcopied) if (e) cudaEventDestroy(e);
In file included from /mnt/sda2/home/calvin/workspace/strata-validation/toolchains/rocm/lib/python3.10/site-packages/_rocm_sdk_core/include/hip/hip_runtime.h:65,
                 from /home/calvin/workspace/strata-integration-validation/source/include/strata/hip_compat/cuda_runtime.h:12,
                 from <command-line>:
/mnt/sda2/home/calvin/workspace/strata-validation/toolchains/rocm/lib/python3.10/site-packages/_rocm_sdk_core/include/hip/hip_runtime_api.h:3456:12: note: in call to ‘hipError_t hipEventDestroy(hipEvent_t)’, declared here
 3456 | hipError_t hipEventDestroy(hipEvent_t event);
      |            ^~~~~~~~~~~~~~~
In file included from /mnt/sda2/home/calvin/workspace/strata-validation/toolchains/rocm/lib/python3.10/site-packages/_rocm_sdk_core/include/hip/hip_runtime.h:65,
                 from /home/calvin/workspace/strata-integration-validation/source/include/strata/hip_compat/cuda_runtime.h:12,
                 from <command-line>:
/mnt/sda2/home/calvin/workspace/strata-validation/toolchains/rocm/lib/python3.10/site-packages/_rocm_sdk_core/include/hip/hip_runtime_api.h:419:3: note: ‘hipError_t’ declared here
  419 | } hipError_t;
      |   ^~~~~~~~~~
/home/calvin/workspace/strata-integration-validation/source/src/prefill/prefill.cpp:672:60: warning: ignoring returned value of type ‘hipError_t’, declared with attribute ‘nodiscard’ [-Wunused-result]
  672 |         for (cudaEvent_t e : pused) if (e) cudaEventDestroy(e);
In file included from /mnt/sda2/home/calvin/workspace/strata-validation/toolchains/rocm/lib/python3.10/site-packages/_rocm_sdk_core/include/hip/hip_runtime.h:65,
                 from /home/calvin/workspace/strata-integration-validation/source/include/strata/hip_compat/cuda_runtime.h:12,
                 from <command-line>:
/mnt/sda2/home/calvin/workspace/strata-validation/toolchains/rocm/lib/python3.10/site-packages/_rocm_sdk_core/include/hip/hip_runtime_api.h:3456:12: note: in call to ‘hipError_t hipEventDestroy(hipEvent_t)’, declared here
 3456 | hipError_t hipEventDestroy(hipEvent_t event);
      |            ^~~~~~~~~~~~~~~
In file included from /mnt/sda2/home/calvin/workspace/strata-validation/toolchains/rocm/lib/python3.10/site-packages/_rocm_sdk_core/include/hip/hip_runtime.h:65,
                 from /home/calvin/workspace/strata-integration-validation/source/include/strata/hip_compat/cuda_runtime.h:12,
                 from <command-line>:
/mnt/sda2/home/calvin/workspace/strata-validation/toolchains/rocm/lib/python3.10/site-packages/_rocm_sdk_core/include/hip/hip_runtime_api.h:419:3: note: ‘hipError_t’ declared here
  419 | } hipError_t;
      |   ^~~~~~~~~~
/home/calvin/workspace/strata-integration-validation/source/src/prefill/prefill.cpp:673:36: warning: ignoring returned value of type ‘hipError_t’, declared with attribute ‘nodiscard’ [-Wunused-result]
  673 |         if (s_cp) cudaStreamDestroy(s_cp);
In file included from /mnt/sda2/home/calvin/workspace/strata-validation/toolchains/rocm/lib/python3.10/site-packages/_rocm_sdk_core/include/hip/hip_runtime.h:65,
                 from /home/calvin/workspace/strata-integration-validation/source/include/strata/hip_compat/cuda_runtime.h:12,
                 from <command-line>:
/mnt/sda2/home/calvin/workspace/strata-validation/toolchains/rocm/lib/python3.10/site-packages/_rocm_sdk_core/include/hip/hip_runtime_api.h:2885:12: note: in call to ‘hipError_t hipStreamDestroy(hipStream_t)’, declared here
 2885 | hipError_t hipStreamDestroy(hipStream_t stream);
      |            ^~~~~~~~~~~~~~~~
In file included from /mnt/sda2/home/calvin/workspace/strata-validation/toolchains/rocm/lib/python3.10/site-packages/_rocm_sdk_core/include/hip/hip_runtime.h:65,
                 from /home/calvin/workspace/strata-integration-validation/source/include/strata/hip_compat/cuda_runtime.h:12,
                 from <command-line>:
/mnt/sda2/home/calvin/workspace/strata-validation/toolchains/rocm/lib/python3.10/site-packages/_rocm_sdk_core/include/hip/hip_runtime_api.h:419:3: note: ‘hipError_t’ declared here
  419 | } hipError_t;
      |   ^~~~~~~~~~
/home/calvin/workspace/strata-integration-validation/source/src/prefill/prefill.cpp:674:37: warning: ignoring returned value of type ‘hipError_t’, declared with attribute ‘nodiscard’ [-Wunused-result]
  674 |         if (s_out) cudaStreamDestroy(s_out);
In file included from /mnt/sda2/home/calvin/workspace/strata-validation/toolchains/rocm/lib/python3.10/site-packages/_rocm_sdk_core/include/hip/hip_runtime.h:65,
                 from /home/calvin/workspace/strata-integration-validation/source/include/strata/hip_compat/cuda_runtime.h:12,
                 from <command-line>:
/mnt/sda2/home/calvin/workspace/strata-validation/toolchains/rocm/lib/python3.10/site-packages/_rocm_sdk_core/include/hip/hip_runtime_api.h:2885:12: note: in call to ‘hipError_t hipStreamDestroy(hipStream_t)’, declared here
 2885 | hipError_t hipStreamDestroy(hipStream_t stream);
      |            ^~~~~~~~~~~~~~~~
In file included from /mnt/sda2/home/calvin/workspace/strata-validation/toolchains/rocm/lib/python3.10/site-packages/_rocm_sdk_core/include/hip/hip_runtime.h:65,
                 from /home/calvin/workspace/strata-integration-validation/source/include/strata/hip_compat/cuda_runtime.h:12,
                 from <command-line>:
/mnt/sda2/home/calvin/workspace/strata-validation/toolchains/rocm/lib/python3.10/site-packages/_rocm_sdk_core/include/hip/hip_runtime_api.h:419:3: note: ‘hipError_t’ declared here
  419 | } hipError_t;
      |   ^~~~~~~~~~
/home/calvin/workspace/strata-integration-validation/source/src/prefill/prefill.cpp:675:33: warning: ignoring returned value of type ‘hipError_t’, declared with attribute ‘nodiscard’ [-Wunused-result]
  675 |         if (s) cudaStreamDestroy(s);
In file included from /mnt/sda2/home/calvin/workspace/strata-validation/toolchains/rocm/lib/python3.10/site-packages/_rocm_sdk_core/include/hip/hip_runtime.h:65,
                 from /home/calvin/workspace/strata-integration-validation/source/include/strata/hip_compat/cuda_runtime.h:12,
                 from <command-line>:
/mnt/sda2/home/calvin/workspace/strata-validation/toolchains/rocm/lib/python3.10/site-packages/_rocm_sdk_core/include/hip/hip_runtime_api.h:2885:12: note: in call to ‘hipError_t hipStreamDestroy(hipStream_t)’, declared here
 2885 | hipError_t hipStreamDestroy(hipStream_t stream);
      |            ^~~~~~~~~~~~~~~~
In file included from /mnt/sda2/home/calvin/workspace/strata-validation/toolchains/rocm/lib/python3.10/site-packages/_rocm_sdk_core/include/hip/hip_runtime.h:65,
                 from /home/calvin/workspace/strata-integration-validation/source/include/strata/hip_compat/cuda_runtime.h:12,
                 from <command-line>:
/mnt/sda2/home/calvin/workspace/strata-validation/toolchains/rocm/lib/python3.10/site-packages/_rocm_sdk_core/include/hip/hip_runtime_api.h:419:3: note: ‘hipError_t’ declared here
  419 | } hipError_t;
      |   ^~~~~~~~~~
/home/calvin/workspace/strata-integration-validation/source/src/prefill/prefill.cpp:676:22: warning: ignoring returned value of type ‘hipError_t’, declared with attribute ‘nodiscard’ [-Wunused-result]
  676 |         cudaSetDevice(prev);
In file included from /mnt/sda2/home/calvin/workspace/strata-validation/toolchains/rocm/lib/python3.10/site-packages/_rocm_sdk_core/include/hip/hip_runtime.h:65,
                 from /home/calvin/workspace/strata-integration-validation/source/include/strata/hip_compat/cuda_runtime.h:12,
                 from <command-line>:
/mnt/sda2/home/calvin/workspace/strata-validation/toolchains/rocm/lib/python3.10/site-packages/_rocm_sdk_core/include/hip/hip_runtime_api.h:2233:12: note: in call to ‘hipError_t hipSetDevice(int)’, declared here
 2233 | hipError_t hipSetDevice(int deviceId);
      |            ^~~~~~~~~~~~
In file included from /mnt/sda2/home/calvin/workspace/strata-validation/toolchains/rocm/lib/python3.10/site-packages/_rocm_sdk_core/include/hip/hip_runtime.h:65,
                 from /home/calvin/workspace/strata-integration-validation/source/include/strata/hip_compat/cuda_runtime.h:12,
                 from <command-line>:
/mnt/sda2/home/calvin/workspace/strata-validation/toolchains/rocm/lib/python3.10/site-packages/_rocm_sdk_core/include/hip/hip_runtime_api.h:419:3: note: ‘hipError_t’ declared here
  419 | } hipError_t;
      |   ^~~~~~~~~~
/home/calvin/workspace/strata-integration-validation/source/src/prefill/prefill.cpp:677:36: warning: ignoring returned value of type ‘hipError_t’, declared with attribute ‘nodiscard’ [-Wunused-result]
  677 |         if (ev_in) cudaEventDestroy(ev_in);
In file included from /mnt/sda2/home/calvin/workspace/strata-validation/toolchains/rocm/lib/python3.10/site-packages/_rocm_sdk_core/include/hip/hip_runtime.h:65,
                 from /home/calvin/workspace/strata-integration-validation/source/include/strata/hip_compat/cuda_runtime.h:12,
                 from <command-line>:
/mnt/sda2/home/calvin/workspace/strata-validation/toolchains/rocm/lib/python3.10/site-packages/_rocm_sdk_core/include/hip/hip_runtime_api.h:3456:12: note: in call to ‘hipError_t hipEventDestroy(hipEvent_t)’, declared here
 3456 | hipError_t hipEventDestroy(hipEvent_t event);
      |            ^~~~~~~~~~~~~~~
In file included from /mnt/sda2/home/calvin/workspace/strata-validation/toolchains/rocm/lib/python3.10/site-packages/_rocm_sdk_core/include/hip/hip_runtime.h:65,
                 from /home/calvin/workspace/strata-integration-validation/source/include/strata/hip_compat/cuda_runtime.h:12,
                 from <command-line>:
/mnt/sda2/home/calvin/workspace/strata-validation/toolchains/rocm/lib/python3.10/site-packages/_rocm_sdk_core/include/hip/hip_runtime_api.h:419:3: note: ‘hipError_t’ declared here
  419 | } hipError_t;
      |   ^~~~~~~~~~
/home/calvin/workspace/strata-integration-validation/source/src/prefill/prefill.cpp:678:46: warning: ignoring returned value of type ‘hipError_t’, declared with attribute ‘nodiscard’ [-Wunused-result]
  678 |         if (x_stream) { cudaStreamSynchronize(x_stream); cudaStreamDestroy(x_stream); }
In file included from /mnt/sda2/home/calvin/workspace/strata-validation/toolchains/rocm/lib/python3.10/site-packages/_rocm_sdk_core/include/hip/hip_runtime.h:65,
                 from /home/calvin/workspace/strata-integration-validation/source/include/strata/hip_compat/cuda_runtime.h:12,
                 from <command-line>:
/mnt/sda2/home/calvin/workspace/strata-validation/toolchains/rocm/lib/python3.10/site-packages/_rocm_sdk_core/include/hip/hip_runtime_api.h:2923:12: note: in call to ‘hipError_t hipStreamSynchronize(hipStream_t)’, declared here
 2923 | hipError_t hipStreamSynchronize(hipStream_t stream);
      |            ^~~~~~~~~~~~~~~~~~~~
In file included from /mnt/sda2/home/calvin/workspace/strata-validation/toolchains/rocm/lib/python3.10/site-packages/_rocm_sdk_core/include/hip/hip_runtime.h:65,
                 from /home/calvin/workspace/strata-integration-validation/source/include/strata/hip_compat/cuda_runtime.h:12,
                 from <command-line>:
/mnt/sda2/home/calvin/workspace/strata-validation/toolchains/rocm/lib/python3.10/site-packages/_rocm_sdk_core/include/hip/hip_runtime_api.h:419:3: note: ‘hipError_t’ declared here
  419 | } hipError_t;
      |   ^~~~~~~~~~
/home/calvin/workspace/strata-integration-validation/source/src/prefill/prefill.cpp:678:75: warning: ignoring returned value of type ‘hipError_t’, declared with attribute ‘nodiscard’ [-Wunused-result]
  678 |         if (x_stream) { cudaStreamSynchronize(x_stream); cudaStreamDestroy(x_stream); }
In file included from /mnt/sda2/home/calvin/workspace/strata-validation/toolchains/rocm/lib/python3.10/site-packages/_rocm_sdk_core/include/hip/hip_runtime.h:65,
                 from /home/calvin/workspace/strata-integration-validation/source/include/strata/hip_compat/cuda_runtime.h:12,
                 from <command-line>:
/mnt/sda2/home/calvin/workspace/strata-validation/toolchains/rocm/lib/python3.10/site-packages/_rocm_sdk_core/include/hip/hip_runtime_api.h:2885:12: note: in call to ‘hipError_t hipStreamDestroy(hipStream_t)’, declared here
 2885 | hipError_t hipStreamDestroy(hipStream_t stream);
      |            ^~~~~~~~~~~~~~~~
In file included from /mnt/sda2/home/calvin/workspace/strata-validation/toolchains/rocm/lib/python3.10/site-packages/_rocm_sdk_core/include/hip/hip_runtime.h:65,
                 from /home/calvin/workspace/strata-integration-validation/source/include/strata/hip_compat/cuda_runtime.h:12,
                 from <command-line>:
/mnt/sda2/home/calvin/workspace/strata-validation/toolchains/rocm/lib/python3.10/site-packages/_rocm_sdk_core/include/hip/hip_runtime_api.h:419:3: note: ‘hipError_t’ declared here
  419 | } hipError_t;
      |   ^~~~~~~~~~
/home/calvin/workspace/strata-integration-validation/source/src/prefill/prefill.cpp:679:35: warning: ignoring returned value of type ‘hipError_t’, declared with attribute ‘nodiscard’ [-Wunused-result]
  679 |         if (ev_x) cudaEventDestroy(ev_x);
In file included from /mnt/sda2/home/calvin/workspace/strata-validation/toolchains/rocm/lib/python3.10/site-packages/_rocm_sdk_core/include/hip/hip_runtime.h:65,
                 from /home/calvin/workspace/strata-integration-validation/source/include/strata/hip_compat/cuda_runtime.h:12,
                 from <command-line>:
/mnt/sda2/home/calvin/workspace/strata-validation/toolchains/rocm/lib/python3.10/site-packages/_rocm_sdk_core/include/hip/hip_runtime_api.h:3456:12: note: in call to ‘hipError_t hipEventDestroy(hipEvent_t)’, declared here
 3456 | hipError_t hipEventDestroy(hipEvent_t event);
      |            ^~~~~~~~~~~~~~~
In file included from /mnt/sda2/home/calvin/workspace/strata-validation/toolchains/rocm/lib/python3.10/site-packages/_rocm_sdk_core/include/hip/hip_runtime.h:65,
                 from /home/calvin/workspace/strata-integration-validation/source/include/strata/hip_compat/cuda_runtime.h:12,
                 from <command-line>:
/mnt/sda2/home/calvin/workspace/strata-validation/toolchains/rocm/lib/python3.10/site-packages/_rocm_sdk_core/include/hip/hip_runtime_api.h:419:3: note: ‘hipError_t’ declared here
  419 | } hipError_t;
      |   ^~~~~~~~~~
/home/calvin/workspace/strata-integration-validation/source/src/prefill/prefill.cpp:680:33: warning: ignoring returned value of type ‘hipError_t’, declared with attribute ‘nodiscard’ [-Wunused-result]
  680 |         if (host_x) cudaFreeHost(host_x);
In file included from /mnt/sda2/home/calvin/workspace/strata-validation/toolchains/rocm/lib/python3.10/site-packages/_rocm_sdk_core/include/hip/hip_runtime.h:65,
                 from /home/calvin/workspace/strata-integration-validation/source/include/strata/hip_compat/cuda_runtime.h:12,
                 from <command-line>:
/mnt/sda2/home/calvin/workspace/strata-validation/toolchains/rocm/lib/python3.10/site-packages/_rocm_sdk_core/include/hip/hip_runtime_api.h:4604:12: note: in call to ‘hipError_t hipFreeHost(void*)’, declared here
 4604 | hipError_t hipFreeHost(void* ptr);
      |            ^~~~~~~~~~~
In file included from /mnt/sda2/home/calvin/workspace/strata-validation/toolchains/rocm/lib/python3.10/site-packages/_rocm_sdk_core/include/hip/hip_runtime.h:65,
                 from /home/calvin/workspace/strata-integration-validation/source/include/strata/hip_compat/cuda_runtime.h:12,
                 from <command-line>:
/mnt/sda2/home/calvin/workspace/strata-validation/toolchains/rocm/lib/python3.10/site-packages/_rocm_sdk_core/include/hip/hip_runtime_api.h:419:3: note: ‘hipError_t’ declared here
  419 | } hipError_t;
      |   ^~~~~~~~~~
/home/calvin/workspace/strata-integration-validation/source/src/prefill/prefill.cpp:681:36: warning: ignoring returned value of type ‘hipError_t’, declared with attribute ‘nodiscard’ [-Wunused-result]
  681 |         if (host_rows) cudaFreeHost(host_rows);
In file included from /mnt/sda2/home/calvin/workspace/strata-validation/toolchains/rocm/lib/python3.10/site-packages/_rocm_sdk_core/include/hip/hip_runtime.h:65,
                 from /home/calvin/workspace/strata-integration-validation/source/include/strata/hip_compat/cuda_runtime.h:12,
                 from <command-line>:
/mnt/sda2/home/calvin/workspace/strata-validation/toolchains/rocm/lib/python3.10/site-packages/_rocm_sdk_core/include/hip/hip_runtime_api.h:4604:12: note: in call to ‘hipError_t hipFreeHost(void*)’, declared here
 4604 | hipError_t hipFreeHost(void* ptr);
      |            ^~~~~~~~~~~
In file included from /mnt/sda2/home/calvin/workspace/strata-validation/toolchains/rocm/lib/python3.10/site-packages/_rocm_sdk_core/include/hip/hip_runtime.h:65,
                 from /home/calvin/workspace/strata-integration-validation/source/include/strata/hip_compat/cuda_runtime.h:12,
                 from <command-line>:
/mnt/sda2/home/calvin/workspace/strata-validation/toolchains/rocm/lib/python3.10/site-packages/_rocm_sdk_core/include/hip/hip_runtime_api.h:419:3: note: ‘hipError_t’ declared here
  419 | } hipError_t;
      |   ^~~~~~~~~~
/home/calvin/workspace/strata-integration-validation/source/src/prefill/prefill.cpp:682:35: warning: ignoring returned value of type ‘hipError_t’, declared with attribute ‘nodiscard’ [-Wunused-result]
  682 |         if (host_src) cudaFreeHost(host_src);
In file included from /mnt/sda2/home/calvin/workspace/strata-validation/toolchains/rocm/lib/python3.10/site-packages/_rocm_sdk_core/include/hip/hip_runtime.h:65,
                 from /home/calvin/workspace/strata-integration-validation/source/include/strata/hip_compat/cuda_runtime.h:12,
                 from <command-line>:
/mnt/sda2/home/calvin/workspace/strata-validation/toolchains/rocm/lib/python3.10/site-packages/_rocm_sdk_core/include/hip/hip_runtime_api.h:4604:12: note: in call to ‘hipError_t hipFreeHost(void*)’, declared here
 4604 | hipError_t hipFreeHost(void* ptr);
      |            ^~~~~~~~~~~
In file included from /mnt/sda2/home/calvin/workspace/strata-validation/toolchains/rocm/lib/python3.10/site-packages/_rocm_sdk_core/include/hip/hip_runtime.h:65,
                 from /home/calvin/workspace/strata-integration-validation/source/include/strata/hip_compat/cuda_runtime.h:12,
                 from <command-line>:
/mnt/sda2/home/calvin/workspace/strata-validation/toolchains/rocm/lib/python3.10/site-packages/_rocm_sdk_core/include/hip/hip_runtime_api.h:419:3: note: ‘hipError_t’ declared here
  419 | } hipError_t;
      |   ^~~~~~~~~~
/home/calvin/workspace/strata-integration-validation/source/src/prefill/prefill.cpp:683:38: warning: ignoring returned value of type ‘hipError_t’, declared with attribute ‘nodiscard’ [-Wunused-result]
  683 |         if (host_bounds) cudaFreeHost(host_bounds);
In file included from /mnt/sda2/home/calvin/workspace/strata-validation/toolchains/rocm/lib/python3.10/site-packages/_rocm_sdk_core/include/hip/hip_runtime.h:65,
                 from /home/calvin/workspace/strata-integration-validation/source/include/strata/hip_compat/cuda_runtime.h:12,
                 from <command-line>:
/mnt/sda2/home/calvin/workspace/strata-validation/toolchains/rocm/lib/python3.10/site-packages/_rocm_sdk_core/include/hip/hip_runtime_api.h:4604:12: note: in call to ‘hipError_t hipFreeHost(void*)’, declared here
 4604 | hipError_t hipFreeHost(void* ptr);
      |            ^~~~~~~~~~~
In file included from /mnt/sda2/home/calvin/workspace/strata-validation/toolchains/rocm/lib/python3.10/site-packages/_rocm_sdk_core/include/hip/hip_runtime.h:65,
                 from /home/calvin/workspace/strata-integration-validation/source/include/strata/hip_compat/cuda_runtime.h:12,
                 from <command-line>:
/mnt/sda2/home/calvin/workspace/strata-validation/toolchains/rocm/lib/python3.10/site-packages/_rocm_sdk_core/include/hip/hip_runtime_api.h:419:3: note: ‘hipError_t’ declared here
  419 | } hipError_t;
      |   ^~~~~~~~~~
/home/calvin/workspace/strata-integration-validation/source/src/prefill/prefill.cpp:684:33: warning: ignoring returned value of type ‘hipError_t’, declared with attribute ‘nodiscard’ [-Wunused-result]
  684 |         if (host_w) cudaFreeHost(host_w);
In file included from /mnt/sda2/home/calvin/workspace/strata-validation/toolchains/rocm/lib/python3.10/site-packages/_rocm_sdk_core/include/hip/hip_runtime.h:65,
                 from /home/calvin/workspace/strata-integration-validation/source/include/strata/hip_compat/cuda_runtime.h:12,
                 from <command-line>:
/mnt/sda2/home/calvin/workspace/strata-validation/toolchains/rocm/lib/python3.10/site-packages/_rocm_sdk_core/include/hip/hip_runtime_api.h:4604:12: note: in call to ‘hipError_t hipFreeHost(void*)’, declared here
 4604 | hipError_t hipFreeHost(void* ptr);
      |            ^~~~~~~~~~~
In file included from /mnt/sda2/home/calvin/workspace/strata-validation/toolchains/rocm/lib/python3.10/site-packages/_rocm_sdk_core/include/hip/hip_runtime.h:65,
                 from /home/calvin/workspace/strata-integration-validation/source/include/strata/hip_compat/cuda_runtime.h:12,
                 from <command-line>:
/mnt/sda2/home/calvin/workspace/strata-validation/toolchains/rocm/lib/python3.10/site-packages/_rocm_sdk_core/include/hip/hip_runtime_api.h:419:3: note: ‘hipError_t’ declared here
  419 | } hipError_t;
      |   ^~~~~~~~~~
/home/calvin/workspace/strata-integration-validation/source/src/prefill/prefill.cpp:685:35: warning: ignoring returned value of type ‘hipError_t’, declared with attribute ‘nodiscard’ [-Wunused-result]
  685 |         if (host_sum) cudaFreeHost(host_sum);
In file included from /mnt/sda2/home/calvin/workspace/strata-validation/toolchains/rocm/lib/python3.10/site-packages/_rocm_sdk_core/include/hip/hip_runtime.h:65,
                 from /home/calvin/workspace/strata-integration-validation/source/include/strata/hip_compat/cuda_runtime.h:12,
                 from <command-line>:
/mnt/sda2/home/calvin/workspace/strata-validation/toolchains/rocm/lib/python3.10/site-packages/_rocm_sdk_core/include/hip/hip_runtime_api.h:4604:12: note: in call to ‘hipError_t hipFreeHost(void*)’, declared here
 4604 | hipError_t hipFreeHost(void* ptr);
      |            ^~~~~~~~~~~
In file included from /mnt/sda2/home/calvin/workspace/strata-validation/toolchains/rocm/lib/python3.10/site-packages/_rocm_sdk_core/include/hip/hip_runtime.h:65,
                 from /home/calvin/workspace/strata-integration-validation/source/include/strata/hip_compat/cuda_runtime.h:12,
                 from <command-line>:
/mnt/sda2/home/calvin/workspace/strata-validation/toolchains/rocm/lib/python3.10/site-packages/_rocm_sdk_core/include/hip/hip_runtime_api.h:419:3: note: ‘hipError_t’ declared here
  419 | } hipError_t;
      |   ^~~~~~~~~~
/home/calvin/workspace/strata-integration-validation/source/src/prefill/prefill.cpp:686:36: warning: ignoring returned value of type ‘hipError_t’, declared with attribute ‘nodiscard’ [-Wunused-result]
  686 |         if (host_pair) cudaFreeHost(host_pair);
In file included from /mnt/sda2/home/calvin/workspace/strata-validation/toolchains/rocm/lib/python3.10/site-packages/_rocm_sdk_core/include/hip/hip_runtime.h:65,
                 from /home/calvin/workspace/strata-integration-validation/source/include/strata/hip_compat/cuda_runtime.h:12,
                 from <command-line>:
/mnt/sda2/home/calvin/workspace/strata-validation/toolchains/rocm/lib/python3.10/site-packages/_rocm_sdk_core/include/hip/hip_runtime_api.h:4604:12: note: in call to ‘hipError_t hipFreeHost(void*)’, declared here
 4604 | hipError_t hipFreeHost(void* ptr);
      |            ^~~~~~~~~~~
In file included from /mnt/sda2/home/calvin/workspace/strata-validation/toolchains/rocm/lib/python3.10/site-packages/_rocm_sdk_core/include/hip/hip_runtime.h:65,
                 from /home/calvin/workspace/strata-integration-validation/source/include/strata/hip_compat/cuda_runtime.h:12,
                 from <command-line>:
/mnt/sda2/home/calvin/workspace/strata-validation/toolchains/rocm/lib/python3.10/site-packages/_rocm_sdk_core/include/hip/hip_runtime_api.h:419:3: note: ‘hipError_t’ declared here
  419 | } hipError_t;
      |   ^~~~~~~~~~
/home/calvin/workspace/strata-integration-validation/source/src/prefill/prefill.cpp:687:35: warning: ignoring returned value of type ‘hipError_t’, declared with attribute ‘nodiscard’ [-Wunused-result]
  687 |         if (host_x16) cudaFreeHost(host_x16);
In file included from /mnt/sda2/home/calvin/workspace/strata-validation/toolchains/rocm/lib/python3.10/site-packages/_rocm_sdk_core/include/hip/hip_runtime.h:65,
                 from /home/calvin/workspace/strata-integration-validation/source/include/strata/hip_compat/cuda_runtime.h:12,
                 from <command-line>:
/mnt/sda2/home/calvin/workspace/strata-validation/toolchains/rocm/lib/python3.10/site-packages/_rocm_sdk_core/include/hip/hip_runtime_api.h:4604:12: note: in call to ‘hipError_t hipFreeHost(void*)’, declared here
 4604 | hipError_t hipFreeHost(void* ptr);
      |            ^~~~~~~~~~~
In file included from /mnt/sda2/home/calvin/workspace/strata-validation/toolchains/rocm/lib/python3.10/site-packages/_rocm_sdk_core/include/hip/hip_runtime.h:65,
                 from /home/calvin/workspace/strata-integration-validation/source/include/strata/hip_compat/cuda_runtime.h:12,
                 from <command-line>:
/mnt/sda2/home/calvin/workspace/strata-validation/toolchains/rocm/lib/python3.10/site-packages/_rocm_sdk_core/include/hip/hip_runtime_api.h:419:3: note: ‘hipError_t’ declared here
  419 | } hipError_t;
      |   ^~~~~~~~~~
/home/calvin/workspace/strata-integration-validation/source/src/prefill/prefill.cpp:688:37: warning: ignoring returned value of type ‘hipError_t’, declared with attribute ‘nodiscard’ [-Wunused-result]
  688 |         if (host_sum16) cudaFreeHost(host_sum16);
In file included from /mnt/sda2/home/calvin/workspace/strata-validation/toolchains/rocm/lib/python3.10/site-packages/_rocm_sdk_core/include/hip/hip_runtime.h:65,
                 from /home/calvin/workspace/strata-integration-validation/source/include/strata/hip_compat/cuda_runtime.h:12,
                 from <command-line>:
/mnt/sda2/home/calvin/workspace/strata-validation/toolchains/rocm/lib/python3.10/site-packages/_rocm_sdk_core/include/hip/hip_runtime_api.h:4604:12: note: in call to ‘hipError_t hipFreeHost(void*)’, declared here
 4604 | hipError_t hipFreeHost(void* ptr);
      |            ^~~~~~~~~~~
In file included from /mnt/sda2/home/calvin/workspace/strata-validation/toolchains/rocm/lib/python3.10/site-packages/_rocm_sdk_core/include/hip/hip_runtime.h:65,
                 from /home/calvin/workspace/strata-integration-validation/source/include/strata/hip_compat/cuda_runtime.h:12,
                 from <command-line>:
/mnt/sda2/home/calvin/workspace/strata-validation/toolchains/rocm/lib/python3.10/site-packages/_rocm_sdk_core/include/hip/hip_runtime_api.h:419:3: note: ‘hipError_t’ declared here
  419 | } hipError_t;
      |   ^~~~~~~~~~
/home/calvin/workspace/strata-integration-validation/source/src/prefill/prefill.cpp:689:36: warning: ignoring returned value of type ‘hipError_t’, declared with attribute ‘nodiscard’ [-Wunused-result]
  689 |         if (host_adds) cudaFreeHost(host_adds);
In file included from /mnt/sda2/home/calvin/workspace/strata-validation/toolchains/rocm/lib/python3.10/site-packages/_rocm_sdk_core/include/hip/hip_runtime.h:65,
                 from /home/calvin/workspace/strata-integration-validation/source/include/strata/hip_compat/cuda_runtime.h:12,
                 from <command-line>:
/mnt/sda2/home/calvin/workspace/strata-validation/toolchains/rocm/lib/python3.10/site-packages/_rocm_sdk_core/include/hip/hip_runtime_api.h:4604:12: note: in call to ‘hipError_t hipFreeHost(void*)’, declared here
 4604 | hipError_t hipFreeHost(void* ptr);
      |            ^~~~~~~~~~~
In file included from /mnt/sda2/home/calvin/workspace/strata-validation/toolchains/rocm/lib/python3.10/site-packages/_rocm_sdk_core/include/hip/hip_runtime.h:65,
                 from /home/calvin/workspace/strata-integration-validation/source/include/strata/hip_compat/cuda_runtime.h:12,
                 from <command-line>:
/mnt/sda2/home/calvin/workspace/strata-validation/toolchains/rocm/lib/python3.10/site-packages/_rocm_sdk_core/include/hip/hip_runtime_api.h:419:3: note: ‘hipError_t’ declared here
  419 | } hipError_t;
      |   ^~~~~~~~~~
/home/calvin/workspace/strata-integration-validation/source/src/prefill/prefill.cpp: In member function ‘void strata::prefill::Prefill::release()’:
/home/calvin/workspace/strata-integration-validation/source/src/prefill/prefill.cpp:870:41: warning: ignoring returned value of type ‘hipError_t’, declared with attribute ‘nodiscard’ [-Wunused-result]
  870 |     if (impl_->cs) cudaStreamSynchronize(impl_->cs);
In file included from /mnt/sda2/home/calvin/workspace/strata-validation/toolchains/rocm/lib/python3.10/site-packages/_rocm_sdk_core/include/hip/hip_runtime.h:65,
                 from /home/calvin/workspace/strata-integration-validation/source/include/strata/hip_compat/cuda_runtime.h:12,
                 from <command-line>:
/mnt/sda2/home/calvin/workspace/strata-validation/toolchains/rocm/lib/python3.10/site-packages/_rocm_sdk_core/include/hip/hip_runtime_api.h:2923:12: note: in call to ‘hipError_t hipStreamSynchronize(hipStream_t)’, declared here
 2923 | hipError_t hipStreamSynchronize(hipStream_t stream);
      |            ^~~~~~~~~~~~~~~~~~~~
In file included from /mnt/sda2/home/calvin/workspace/strata-validation/toolchains/rocm/lib/python3.10/site-packages/_rocm_sdk_core/include/hip/hip_runtime.h:65,
                 from /home/calvin/workspace/strata-integration-validation/source/include/strata/hip_compat/cuda_runtime.h:12,
                 from <command-line>:
/mnt/sda2/home/calvin/workspace/strata-validation/toolchains/rocm/lib/python3.10/site-packages/_rocm_sdk_core/include/hip/hip_runtime_api.h:419:3: note: ‘hipError_t’ declared here
  419 | } hipError_t;
      |   ^~~~~~~~~~
/home/calvin/workspace/strata-integration-validation/source/src/prefill/prefill.cpp:871:43: warning: ignoring returned value of type ‘hipError_t’, declared with attribute ‘nodiscard’ [-Wunused-result]
  871 |     if (impl_->copy) cudaStreamSynchronize(impl_->copy);
In file included from /mnt/sda2/home/calvin/workspace/strata-validation/toolchains/rocm/lib/python3.10/site-packages/_rocm_sdk_core/include/hip/hip_runtime.h:65,
                 from /home/calvin/workspace/strata-integration-validation/source/include/strata/hip_compat/cuda_runtime.h:12,
                 from <command-line>:
/mnt/sda2/home/calvin/workspace/strata-validation/toolchains/rocm/lib/python3.10/site-packages/_rocm_sdk_core/include/hip/hip_runtime_api.h:2923:12: note: in call to ‘hipError_t hipStreamSynchronize(hipStream_t)’, declared here
 2923 | hipError_t hipStreamSynchronize(hipStream_t stream);
      |            ^~~~~~~~~~~~~~~~~~~~
In file included from /mnt/sda2/home/calvin/workspace/strata-validation/toolchains/rocm/lib/python3.10/site-packages/_rocm_sdk_core/include/hip/hip_runtime.h:65,
                 from /home/calvin/workspace/strata-integration-validation/source/include/strata/hip_compat/cuda_runtime.h:12,
                 from <command-line>:
/mnt/sda2/home/calvin/workspace/strata-validation/toolchains/rocm/lib/python3.10/site-packages/_rocm_sdk_core/include/hip/hip_runtime_api.h:419:3: note: ‘hipError_t’ declared here
  419 | } hipError_t;
      |   ^~~~~~~~~~
/home/calvin/workspace/strata-integration-validation/source/src/prefill/prefill.cpp:872:46: warning: ignoring returned value of type ‘hipError_t’, declared with attribute ‘nodiscard’ [-Wunused-result]
  872 |     if (impl_->kv_copy) cudaStreamSynchronize(impl_->kv_copy);
In file included from /mnt/sda2/home/calvin/workspace/strata-validation/toolchains/rocm/lib/python3.10/site-packages/_rocm_sdk_core/include/hip/hip_runtime.h:65,
                 from /home/calvin/workspace/strata-integration-validation/source/include/strata/hip_compat/cuda_runtime.h:12,
                 from <command-line>:
/mnt/sda2/home/calvin/workspace/strata-validation/toolchains/rocm/lib/python3.10/site-packages/_rocm_sdk_core/include/hip/hip_runtime_api.h:2923:12: note: in call to ‘hipError_t hipStreamSynchronize(hipStream_t)’, declared here
 2923 | hipError_t hipStreamSynchronize(hipStream_t stream);
      |            ^~~~~~~~~~~~~~~~~~~~
In file included from /mnt/sda2/home/calvin/workspace/strata-validation/toolchains/rocm/lib/python3.10/site-packages/_rocm_sdk_core/include/hip/hip_runtime.h:65,
                 from /home/calvin/workspace/strata-integration-validation/source/include/strata/hip_compat/cuda_runtime.h:12,
                 from <command-line>:
/mnt/sda2/home/calvin/workspace/strata-validation/toolchains/rocm/lib/python3.10/site-packages/_rocm_sdk_core/include/hip/hip_runtime_api.h:419:3: note: ‘hipError_t’ declared here
  419 | } hipError_t;
      |   ^~~~~~~~~~
/home/calvin/workspace/strata-integration-validation/source/src/prefill/prefill.cpp:874:47: warning: ignoring returned value of type ‘hipError_t’, declared with attribute ‘nodiscard’ [-Wunused-result]
  874 |         if (impl_->copied[i]) cudaEventDestroy(impl_->copied[i]);
In file included from /mnt/sda2/home/calvin/workspace/strata-validation/toolchains/rocm/lib/python3.10/site-packages/_rocm_sdk_core/include/hip/hip_runtime.h:65,
                 from /home/calvin/workspace/strata-integration-validation/source/include/strata/hip_compat/cuda_runtime.h:12,
                 from <command-line>:
/mnt/sda2/home/calvin/workspace/strata-validation/toolchains/rocm/lib/python3.10/site-packages/_rocm_sdk_core/include/hip/hip_runtime_api.h:3456:12: note: in call to ‘hipError_t hipEventDestroy(hipEvent_t)’, declared here
 3456 | hipError_t hipEventDestroy(hipEvent_t event);
      |            ^~~~~~~~~~~~~~~
In file included from /mnt/sda2/home/calvin/workspace/strata-validation/toolchains/rocm/lib/python3.10/site-packages/_rocm_sdk_core/include/hip/hip_runtime.h:65,
                 from /home/calvin/workspace/strata-integration-validation/source/include/strata/hip_compat/cuda_runtime.h:12,
                 from <command-line>:
/mnt/sda2/home/calvin/workspace/strata-validation/toolchains/rocm/lib/python3.10/site-packages/_rocm_sdk_core/include/hip/hip_runtime_api.h:419:3: note: ‘hipError_t’ declared here
  419 | } hipError_t;
      |   ^~~~~~~~~~
/home/calvin/workspace/strata-integration-validation/source/src/prefill/prefill.cpp:875:45: warning: ignoring returned value of type ‘hipError_t’, declared with attribute ‘nodiscard’ [-Wunused-result]
  875 |         if (impl_->used[i]) cudaEventDestroy(impl_->used[i]);
In file included from /mnt/sda2/home/calvin/workspace/strata-validation/toolchains/rocm/lib/python3.10/site-packages/_rocm_sdk_core/include/hip/hip_runtime.h:65,
                 from /home/calvin/workspace/strata-integration-validation/source/include/strata/hip_compat/cuda_runtime.h:12,
                 from <command-line>:
/mnt/sda2/home/calvin/workspace/strata-validation/toolchains/rocm/lib/python3.10/site-packages/_rocm_sdk_core/include/hip/hip_runtime_api.h:3456:12: note: in call to ‘hipError_t hipEventDestroy(hipEvent_t)’, declared here
 3456 | hipError_t hipEventDestroy(hipEvent_t event);
      |            ^~~~~~~~~~~~~~~
In file included from /mnt/sda2/home/calvin/workspace/strata-validation/toolchains/rocm/lib/python3.10/site-packages/_rocm_sdk_core/include/hip/hip_runtime.h:65,
                 from /home/calvin/workspace/strata-integration-validation/source/include/strata/hip_compat/cuda_runtime.h:12,
                 from <command-line>:
/mnt/sda2/home/calvin/workspace/strata-validation/toolchains/rocm/lib/python3.10/site-packages/_rocm_sdk_core/include/hip/hip_runtime_api.h:419:3: note: ‘hipError_t’ declared here
  419 | } hipError_t;
      |   ^~~~~~~~~~
/home/calvin/workspace/strata-integration-validation/source/src/prefill/prefill.cpp:878:41: warning: ignoring returned value of type ‘hipError_t’, declared with attribute ‘nodiscard’ [-Wunused-result]
  878 |         if (impl_->hand[b]) cudaFreeHost(impl_->hand[b]);
In file included from /mnt/sda2/home/calvin/workspace/strata-validation/toolchains/rocm/lib/python3.10/site-packages/_rocm_sdk_core/include/hip/hip_runtime.h:65,
                 from /home/calvin/workspace/strata-integration-validation/source/include/strata/hip_compat/cuda_runtime.h:12,
                 from <command-line>:
/mnt/sda2/home/calvin/workspace/strata-validation/toolchains/rocm/lib/python3.10/site-packages/_rocm_sdk_core/include/hip/hip_runtime_api.h:4604:12: note: in call to ‘hipError_t hipFreeHost(void*)’, declared here
 4604 | hipError_t hipFreeHost(void* ptr);
      |            ^~~~~~~~~~~
In file included from /mnt/sda2/home/calvin/workspace/strata-validation/toolchains/rocm/lib/python3.10/site-packages/_rocm_sdk_core/include/hip/hip_runtime.h:65,
                 from /home/calvin/workspace/strata-integration-validation/source/include/strata/hip_compat/cuda_runtime.h:12,
                 from <command-line>:
/mnt/sda2/home/calvin/workspace/strata-validation/toolchains/rocm/lib/python3.10/site-packages/_rocm_sdk_core/include/hip/hip_runtime_api.h:419:3: note: ‘hipError_t’ declared here
  419 | } hipError_t;
      |   ^~~~~~~~~~
/home/calvin/workspace/strata-integration-validation/source/src/prefill/prefill.cpp:879:51: warning: ignoring returned value of type ‘hipError_t’, declared with attribute ‘nodiscard’ [-Wunused-result]
  879 |         if (impl_->ple_copied[b]) cudaEventDestroy(impl_->ple_copied[b]);
In file included from /mnt/sda2/home/calvin/workspace/strata-validation/toolchains/rocm/lib/python3.10/site-packages/_rocm_sdk_core/include/hip/hip_runtime.h:65,
                 from /home/calvin/workspace/strata-integration-validation/source/include/strata/hip_compat/cuda_runtime.h:12,
                 from <command-line>:
/mnt/sda2/home/calvin/workspace/strata-validation/toolchains/rocm/lib/python3.10/site-packages/_rocm_sdk_core/include/hip/hip_runtime_api.h:3456:12: note: in call to ‘hipError_t hipEventDestroy(hipEvent_t)’, declared here
 3456 | hipError_t hipEventDestroy(hipEvent_t event);
      |            ^~~~~~~~~~~~~~~
In file included from /mnt/sda2/home/calvin/workspace/strata-validation/toolchains/rocm/lib/python3.10/site-packages/_rocm_sdk_core/include/hip/hip_runtime.h:65,
                 from /home/calvin/workspace/strata-integration-validation/source/include/strata/hip_compat/cuda_runtime.h:12,
                 from <command-line>:
/mnt/sda2/home/calvin/workspace/strata-validation/toolchains/rocm/lib/python3.10/site-packages/_rocm_sdk_core/include/hip/hip_runtime_api.h:419:3: note: ‘hipError_t’ declared here
  419 | } hipError_t;
      |   ^~~~~~~~~~
/home/calvin/workspace/strata-integration-validation/source/src/prefill/prefill.cpp:880:83: warning: ignoring returned value of type ‘hipError_t’, declared with attribute ‘nodiscard’ [-Wunused-result]
  880 |         if (impl_->ple_emb_host[b] && impl_->ple_pageable[b].empty()) cudaFreeHost(impl_->ple_emb_host[b]);
In file included from /mnt/sda2/home/calvin/workspace/strata-validation/toolchains/rocm/lib/python3.10/site-packages/_rocm_sdk_core/include/hip/hip_runtime.h:65,
                 from /home/calvin/workspace/strata-integration-validation/source/include/strata/hip_compat/cuda_runtime.h:12,
                 from <command-line>:
/mnt/sda2/home/calvin/workspace/strata-validation/toolchains/rocm/lib/python3.10/site-packages/_rocm_sdk_core/include/hip/hip_runtime_api.h:4604:12: note: in call to ‘hipError_t hipFreeHost(void*)’, declared here
 4604 | hipError_t hipFreeHost(void* ptr);
      |            ^~~~~~~~~~~
In file included from /mnt/sda2/home/calvin/workspace/strata-validation/toolchains/rocm/lib/python3.10/site-packages/_rocm_sdk_core/include/hip/hip_runtime.h:65,
                 from /home/calvin/workspace/strata-integration-validation/source/include/strata/hip_compat/cuda_runtime.h:12,
                 from <command-line>:
/mnt/sda2/home/calvin/workspace/strata-validation/toolchains/rocm/lib/python3.10/site-packages/_rocm_sdk_core/include/hip/hip_runtime_api.h:419:3: note: ‘hipError_t’ declared here
  419 | } hipError_t;
      |   ^~~~~~~~~~
/home/calvin/workspace/strata-integration-validation/source/src/prefill/prefill.cpp:882:39: warning: ignoring returned value of type ‘hipError_t’, declared with attribute ‘nodiscard’ [-Wunused-result]
  882 |     if (impl_->copy) cudaStreamDestroy(impl_->copy);
In file included from /mnt/sda2/home/calvin/workspace/strata-validation/toolchains/rocm/lib/python3.10/site-packages/_rocm_sdk_core/include/hip/hip_runtime.h:65,
                 from /home/calvin/workspace/strata-integration-validation/source/include/strata/hip_compat/cuda_runtime.h:12,
                 from <command-line>:
/mnt/sda2/home/calvin/workspace/strata-validation/toolchains/rocm/lib/python3.10/site-packages/_rocm_sdk_core/include/hip/hip_runtime_api.h:2885:12: note: in call to ‘hipError_t hipStreamDestroy(hipStream_t)’, declared here
 2885 | hipError_t hipStreamDestroy(hipStream_t stream);
      |            ^~~~~~~~~~~~~~~~
In file included from /mnt/sda2/home/calvin/workspace/strata-validation/toolchains/rocm/lib/python3.10/site-packages/_rocm_sdk_core/include/hip/hip_runtime.h:65,
                 from /home/calvin/workspace/strata-integration-validation/source/include/strata/hip_compat/cuda_runtime.h:12,
                 from <command-line>:
/mnt/sda2/home/calvin/workspace/strata-validation/toolchains/rocm/lib/python3.10/site-packages/_rocm_sdk_core/include/hip/hip_runtime_api.h:419:3: note: ‘hipError_t’ declared here
  419 | } hipError_t;
      |   ^~~~~~~~~~
/home/calvin/workspace/strata-integration-validation/source/src/prefill/prefill.cpp:883:42: warning: ignoring returned value of type ‘hipError_t’, declared with attribute ‘nodiscard’ [-Wunused-result]
  883 |     if (impl_->kv_copy) cudaStreamDestroy(impl_->kv_copy);
In file included from /mnt/sda2/home/calvin/workspace/strata-validation/toolchains/rocm/lib/python3.10/site-packages/_rocm_sdk_core/include/hip/hip_runtime.h:65,
                 from /home/calvin/workspace/strata-integration-validation/source/include/strata/hip_compat/cuda_runtime.h:12,
                 from <command-line>:
/mnt/sda2/home/calvin/workspace/strata-validation/toolchains/rocm/lib/python3.10/site-packages/_rocm_sdk_core/include/hip/hip_runtime_api.h:2885:12: note: in call to ‘hipError_t hipStreamDestroy(hipStream_t)’, declared here
 2885 | hipError_t hipStreamDestroy(hipStream_t stream);
      |            ^~~~~~~~~~~~~~~~
In file included from /mnt/sda2/home/calvin/workspace/strata-validation/toolchains/rocm/lib/python3.10/site-packages/_rocm_sdk_core/include/hip/hip_runtime.h:65,
                 from /home/calvin/workspace/strata-integration-validation/source/include/strata/hip_compat/cuda_runtime.h:12,
                 from <command-line>:
/mnt/sda2/home/calvin/workspace/strata-validation/toolchains/rocm/lib/python3.10/site-packages/_rocm_sdk_core/include/hip/hip_runtime_api.h:419:3: note: ‘hipError_t’ declared here
  419 | } hipError_t;
      |   ^~~~~~~~~~
/home/calvin/workspace/strata-integration-validation/source/src/prefill/prefill.cpp:884:45: warning: ignoring returned value of type ‘hipError_t’, declared with attribute ‘nodiscard’ [-Wunused-result]
  884 |     if (impl_->kv_released) cudaEventDestroy(impl_->kv_released);
In file included from /mnt/sda2/home/calvin/workspace/strata-validation/toolchains/rocm/lib/python3.10/site-packages/_rocm_sdk_core/include/hip/hip_runtime.h:65,
                 from /home/calvin/workspace/strata-integration-validation/source/include/strata/hip_compat/cuda_runtime.h:12,
                 from <command-line>:
/mnt/sda2/home/calvin/workspace/strata-validation/toolchains/rocm/lib/python3.10/site-packages/_rocm_sdk_core/include/hip/hip_runtime_api.h:3456:12: note: in call to ‘hipError_t hipEventDestroy(hipEvent_t)’, declared here
 3456 | hipError_t hipEventDestroy(hipEvent_t event);
      |            ^~~~~~~~~~~~~~~
In file included from /mnt/sda2/home/calvin/workspace/strata-validation/toolchains/rocm/lib/python3.10/site-packages/_rocm_sdk_core/include/hip/hip_runtime.h:65,
                 from /home/calvin/workspace/strata-integration-validation/source/include/strata/hip_compat/cuda_runtime.h:12,
                 from <command-line>:
/mnt/sda2/home/calvin/workspace/strata-validation/toolchains/rocm/lib/python3.10/site-packages/_rocm_sdk_core/include/hip/hip_runtime_api.h:419:3: note: ‘hipError_t’ declared here
  419 | } hipError_t;
      |   ^~~~~~~~~~
/home/calvin/workspace/strata-integration-validation/source/src/prefill/prefill.cpp:885:42: warning: ignoring returned value of type ‘hipError_t’, declared with attribute ‘nodiscard’ [-Wunused-result]
  885 |     if (impl_->kv_ready) cudaEventDestroy(impl_->kv_ready);
In file included from /mnt/sda2/home/calvin/workspace/strata-validation/toolchains/rocm/lib/python3.10/site-packages/_rocm_sdk_core/include/hip/hip_runtime.h:65,
                 from /home/calvin/workspace/strata-integration-validation/source/include/strata/hip_compat/cuda_runtime.h:12,
                 from <command-line>:
/mnt/sda2/home/calvin/workspace/strata-validation/toolchains/rocm/lib/python3.10/site-packages/_rocm_sdk_core/include/hip/hip_runtime_api.h:3456:12: note: in call to ‘hipError_t hipEventDestroy(hipEvent_t)’, declared here
 3456 | hipError_t hipEventDestroy(hipEvent_t event);
      |            ^~~~~~~~~~~~~~~
In file included from /mnt/sda2/home/calvin/workspace/strata-validation/toolchains/rocm/lib/python3.10/site-packages/_rocm_sdk_core/include/hip/hip_runtime.h:65,
                 from /home/calvin/workspace/strata-integration-validation/source/include/strata/hip_compat/cuda_runtime.h:12,
                 from <command-line>:
/mnt/sda2/home/calvin/workspace/strata-validation/toolchains/rocm/lib/python3.10/site-packages/_rocm_sdk_core/include/hip/hip_runtime_api.h:419:3: note: ‘hipError_t’ declared here
  419 | } hipError_t;
      |   ^~~~~~~~~~
/home/calvin/workspace/strata-integration-validation/source/src/prefill/prefill.cpp:886:38: warning: ignoring returned value of type ‘hipError_t’, declared with attribute ‘nodiscard’ [-Wunused-result]
  886 |     if (impl_->grp_host) cudaFreeHost(impl_->grp_host);
In file included from /mnt/sda2/home/calvin/workspace/strata-validation/toolchains/rocm/lib/python3.10/site-packages/_rocm_sdk_core/include/hip/hip_runtime.h:65,
                 from /home/calvin/workspace/strata-integration-validation/source/include/strata/hip_compat/cuda_runtime.h:12,
                 from <command-line>:
/mnt/sda2/home/calvin/workspace/strata-validation/toolchains/rocm/lib/python3.10/site-packages/_rocm_sdk_core/include/hip/hip_runtime_api.h:4604:12: note: in call to ‘hipError_t hipFreeHost(void*)’, declared here
 4604 | hipError_t hipFreeHost(void* ptr);
      |            ^~~~~~~~~~~
In file included from /mnt/sda2/home/calvin/workspace/strata-validation/toolchains/rocm/lib/python3.10/site-packages/_rocm_sdk_core/include/hip/hip_runtime.h:65,
                 from /home/calvin/workspace/strata-integration-validation/source/include/strata/hip_compat/cuda_runtime.h:12,
                 from <command-line>:
/mnt/sda2/home/calvin/workspace/strata-validation/toolchains/rocm/lib/python3.10/site-packages/_rocm_sdk_core/include/hip/hip_runtime_api.h:419:3: note: ‘hipError_t’ declared here
  419 | } hipError_t;
      |   ^~~~~~~~~~
/home/calvin/workspace/strata-integration-validation/source/src/prefill/prefill.cpp:888:28: warning: ignoring returned value of type ‘hipError_t’, declared with attribute ‘nodiscard’ [-Wunused-result]
  888 |         if (p) cudaFreeHost(p);
In file included from /mnt/sda2/home/calvin/workspace/strata-validation/toolchains/rocm/lib/python3.10/site-packages/_rocm_sdk_core/include/hip/hip_runtime.h:65,
                 from /home/calvin/workspace/strata-integration-validation/source/include/strata/hip_compat/cuda_runtime.h:12,
                 from <command-line>:
/mnt/sda2/home/calvin/workspace/strata-validation/toolchains/rocm/lib/python3.10/site-packages/_rocm_sdk_core/include/hip/hip_runtime_api.h:4604:12: note: in call to ‘hipError_t hipFreeHost(void*)’, declared here
 4604 | hipError_t hipFreeHost(void* ptr);
      |            ^~~~~~~~~~~
In file included from /mnt/sda2/home/calvin/workspace/strata-validation/toolchains/rocm/lib/python3.10/site-packages/_rocm_sdk_core/include/hip/hip_runtime.h:65,
                 from /home/calvin/workspace/strata-integration-validation/source/include/strata/hip_compat/cuda_runtime.h:12,
                 from <command-line>:
/mnt/sda2/home/calvin/workspace/strata-validation/toolchains/rocm/lib/python3.10/site-packages/_rocm_sdk_core/include/hip/hip_runtime_api.h:419:3: note: ‘hipError_t’ declared here
  419 | } hipError_t;
      |   ^~~~~~~~~~
/home/calvin/workspace/strata-integration-validation/source/src/prefill/prefill.cpp:890:32: warning: ignoring returned value of type ‘hipError_t’, declared with attribute ‘nodiscard’ [-Wunused-result]
  890 |         if (e) cudaEventDestroy(e);
In file included from /mnt/sda2/home/calvin/workspace/strata-validation/toolchains/rocm/lib/python3.10/site-packages/_rocm_sdk_core/include/hip/hip_runtime.h:65,
                 from /home/calvin/workspace/strata-integration-validation/source/include/strata/hip_compat/cuda_runtime.h:12,
                 from <command-line>:
/mnt/sda2/home/calvin/workspace/strata-validation/toolchains/rocm/lib/python3.10/site-packages/_rocm_sdk_core/include/hip/hip_runtime_api.h:3456:12: note: in call to ‘hipError_t hipEventDestroy(hipEvent_t)’, declared here
 3456 | hipError_t hipEventDestroy(hipEvent_t event);
      |            ^~~~~~~~~~~~~~~
In file included from /mnt/sda2/home/calvin/workspace/strata-validation/toolchains/rocm/lib/python3.10/site-packages/_rocm_sdk_core/include/hip/hip_runtime.h:65,
                 from /home/calvin/workspace/strata-integration-validation/source/include/strata/hip_compat/cuda_runtime.h:12,
                 from <command-line>:
/mnt/sda2/home/calvin/workspace/strata-validation/toolchains/rocm/lib/python3.10/site-packages/_rocm_sdk_core/include/hip/hip_runtime_api.h:419:3: note: ‘hipError_t’ declared here
  419 | } hipError_t;
      |   ^~~~~~~~~~
/home/calvin/workspace/strata-integration-validation/source/src/prefill/prefill.cpp:892:32: warning: ignoring returned value of type ‘hipError_t’, declared with attribute ‘nodiscard’ [-Wunused-result]
  892 |         if (e) cudaEventDestroy(e);
In file included from /mnt/sda2/home/calvin/workspace/strata-validation/toolchains/rocm/lib/python3.10/site-packages/_rocm_sdk_core/include/hip/hip_runtime.h:65,
                 from /home/calvin/workspace/strata-integration-validation/source/include/strata/hip_compat/cuda_runtime.h:12,
                 from <command-line>:
/mnt/sda2/home/calvin/workspace/strata-validation/toolchains/rocm/lib/python3.10/site-packages/_rocm_sdk_core/include/hip/hip_runtime_api.h:3456:12: note: in call to ‘hipError_t hipEventDestroy(hipEvent_t)’, declared here
 3456 | hipError_t hipEventDestroy(hipEvent_t event);
      |            ^~~~~~~~~~~~~~~
In file included from /mnt/sda2/home/calvin/workspace/strata-validation/toolchains/rocm/lib/python3.10/site-packages/_rocm_sdk_core/include/hip/hip_runtime.h:65,
                 from /home/calvin/workspace/strata-integration-validation/source/include/strata/hip_compat/cuda_runtime.h:12,
                 from <command-line>:
/mnt/sda2/home/calvin/workspace/strata-validation/toolchains/rocm/lib/python3.10/site-packages/_rocm_sdk_core/include/hip/hip_runtime_api.h:419:3: note: ‘hipError_t’ declared here
  419 | } hipError_t;
      |   ^~~~~~~~~~
/home/calvin/workspace/strata-integration-validation/source/src/prefill/prefill.cpp: In member function ‘bool strata::prefill::Prefill::init(const strata::core::WeightTable&, const strata::core::ModelGeometry&, strata::core::SessionState&, strata::core::ExpertSource*, const strata::core::ExpertCache*, const int32_t*, int64_t, void*, std::string&, void*, uint64_t)’:
/home/calvin/workspace/strata-integration-validation/source/src/prefill/prefill.cpp:1015:18: warning: ignoring returned value of type ‘hipError_t’, declared with attribute ‘nodiscard’ [-Wunused-result]
 1015 |     cudaGetDevice(&m.device);
In file included from /mnt/sda2/home/calvin/workspace/strata-validation/toolchains/rocm/lib/python3.10/site-packages/_rocm_sdk_core/include/hip/hip_runtime.h:65,
                 from /home/calvin/workspace/strata-integration-validation/source/include/strata/hip_compat/cuda_runtime.h:12,
                 from <command-line>:
/mnt/sda2/home/calvin/workspace/strata-validation/toolchains/rocm/lib/python3.10/site-packages/_rocm_sdk_core/include/hip/hip_runtime_api.h:2260:12: note: in call to ‘hipError_t hipGetDevice(int*)’, declared here
 2260 | hipError_t hipGetDevice(int* deviceId);
      |            ^~~~~~~~~~~~
In file included from /mnt/sda2/home/calvin/workspace/strata-validation/toolchains/rocm/lib/python3.10/site-packages/_rocm_sdk_core/include/hip/hip_runtime.h:65,
                 from /home/calvin/workspace/strata-integration-validation/source/include/strata/hip_compat/cuda_runtime.h:12,
                 from <command-line>:
/mnt/sda2/home/calvin/workspace/strata-validation/toolchains/rocm/lib/python3.10/site-packages/_rocm_sdk_core/include/hip/hip_runtime_api.h:419:3: note: ‘hipError_t’ declared here
  419 | } hipError_t;
      |   ^~~~~~~~~~
/home/calvin/workspace/strata-integration-validation/source/src/prefill/prefill.cpp:1087:41: warning: ignoring returned value of type ‘hipError_t’, declared with attribute ‘nodiscard’ [-Wunused-result]
 1087 |             if (m.grp_host) cudaFreeHost(m.grp_host);
In file included from /mnt/sda2/home/calvin/workspace/strata-validation/toolchains/rocm/lib/python3.10/site-packages/_rocm_sdk_core/include/hip/hip_runtime.h:65,
                 from /home/calvin/workspace/strata-integration-validation/source/include/strata/hip_compat/cuda_runtime.h:12,
                 from <command-line>:
/mnt/sda2/home/calvin/workspace/strata-validation/toolchains/rocm/lib/python3.10/site-packages/_rocm_sdk_core/include/hip/hip_runtime_api.h:4604:12: note: in call to ‘hipError_t hipFreeHost(void*)’, declared here
 4604 | hipError_t hipFreeHost(void* ptr);
      |            ^~~~~~~~~~~
In file included from /mnt/sda2/home/calvin/workspace/strata-validation/toolchains/rocm/lib/python3.10/site-packages/_rocm_sdk_core/include/hip/hip_runtime.h:65,
                 from /home/calvin/workspace/strata-integration-validation/source/include/strata/hip_compat/cuda_runtime.h:12,
                 from <command-line>:
/mnt/sda2/home/calvin/workspace/strata-validation/toolchains/rocm/lib/python3.10/site-packages/_rocm_sdk_core/include/hip/hip_runtime_api.h:419:3: note: ‘hipError_t’ declared here
  419 | } hipError_t;
      |   ^~~~~~~~~~
/home/calvin/workspace/strata-integration-validation/source/src/prefill/prefill.cpp:1099:36: warning: ignoring returned value of type ‘hipError_t’, declared with attribute ‘nodiscard’ [-Wunused-result]
 1099 |                 if (h) cudaFreeHost(h);
In file included from /mnt/sda2/home/calvin/workspace/strata-validation/toolchains/rocm/lib/python3.10/site-packages/_rocm_sdk_core/include/hip/hip_runtime.h:65,
                 from /home/calvin/workspace/strata-integration-validation/source/include/strata/hip_compat/cuda_runtime.h:12,
                 from <command-line>:
/mnt/sda2/home/calvin/workspace/strata-validation/toolchains/rocm/lib/python3.10/site-packages/_rocm_sdk_core/include/hip/hip_runtime_api.h:4604:12: note: in call to ‘hipError_t hipFreeHost(void*)’, declared here
 4604 | hipError_t hipFreeHost(void* ptr);
      |            ^~~~~~~~~~~
In file included from /mnt/sda2/home/calvin/workspace/strata-validation/toolchains/rocm/lib/python3.10/site-packages/_rocm_sdk_core/include/hip/hip_runtime.h:65,
                 from /home/calvin/workspace/strata-integration-validation/source/include/strata/hip_compat/cuda_runtime.h:12,
                 from <command-line>:
/mnt/sda2/home/calvin/workspace/strata-validation/toolchains/rocm/lib/python3.10/site-packages/_rocm_sdk_core/include/hip/hip_runtime_api.h:419:3: note: ‘hipError_t’ declared here
  419 | } hipError_t;
      |   ^~~~~~~~~~
/home/calvin/workspace/strata-integration-validation/source/src/prefill/prefill.cpp:1100:33: warning: ignoring returned value of type ‘hipError_t’, declared with attribute ‘nodiscard’ [-Wunused-result]
 1100 |                 cudaGetLastError();
In file included from /mnt/sda2/home/calvin/workspace/strata-validation/toolchains/rocm/lib/python3.10/site-packages/_rocm_sdk_core/include/hip/hip_runtime.h:65,
                 from /home/calvin/workspace/strata-integration-validation/source/include/strata/hip_compat/cuda_runtime.h:12,
                 from <command-line>:
/mnt/sda2/home/calvin/workspace/strata-validation/toolchains/rocm/lib/python3.10/site-packages/_rocm_sdk_core/include/hip/hip_runtime_api.h:2708:12: note: in call to ‘hipError_t hipGetLastError()’, declared here
 2708 | hipError_t hipGetLastError(void);
      |            ^~~~~~~~~~~~~~~
In file included from /mnt/sda2/home/calvin/workspace/strata-validation/toolchains/rocm/lib/python3.10/site-packages/_rocm_sdk_core/include/hip/hip_runtime.h:65,
                 from /home/calvin/workspace/strata-integration-validation/source/include/strata/hip_compat/cuda_runtime.h:12,
                 from <command-line>:
/mnt/sda2/home/calvin/workspace/strata-validation/toolchains/rocm/lib/python3.10/site-packages/_rocm_sdk_core/include/hip/hip_runtime_api.h:419:3: note: ‘hipError_t’ declared here
  419 | } hipError_t;
      |   ^~~~~~~~~~
/home/calvin/workspace/strata-integration-validation/source/src/prefill/prefill.cpp:1107:29: warning: ignoring returned value of type ‘hipError_t’, declared with attribute ‘nodiscard’ [-Wunused-result]
 1107 |             cudaGetLastError();
In file included from /mnt/sda2/home/calvin/workspace/strata-validation/toolchains/rocm/lib/python3.10/site-packages/_rocm_sdk_core/include/hip/hip_runtime.h:65,
                 from /home/calvin/workspace/strata-integration-validation/source/include/strata/hip_compat/cuda_runtime.h:12,
                 from <command-line>:
/mnt/sda2/home/calvin/workspace/strata-validation/toolchains/rocm/lib/python3.10/site-packages/_rocm_sdk_core/include/hip/hip_runtime_api.h:2708:12: note: in call to ‘hipError_t hipGetLastError()’, declared here
 2708 | hipError_t hipGetLastError(void);
      |            ^~~~~~~~~~~~~~~
In file included from /mnt/sda2/home/calvin/workspace/strata-validation/toolchains/rocm/lib/python3.10/site-packages/_rocm_sdk_core/include/hip/hip_runtime.h:65,
                 from /home/calvin/workspace/strata-integration-validation/source/include/strata/hip_compat/cuda_runtime.h:12,
                 from <command-line>:
/mnt/sda2/home/calvin/workspace/strata-validation/toolchains/rocm/lib/python3.10/site-packages/_rocm_sdk_core/include/hip/hip_runtime_api.h:419:3: note: ‘hipError_t’ declared here
  419 | } hipError_t;
      |   ^~~~~~~~~~
/home/calvin/workspace/strata-integration-validation/source/src/prefill/prefill.cpp:1146:23: warning: ignoring returned value of type ‘hipError_t’, declared with attribute ‘nodiscard’ [-Wunused-result]
 1146 |         cudaMemGetInfo(&fb, &tb);
In file included from /mnt/sda2/home/calvin/workspace/strata-validation/toolchains/rocm/lib/python3.10/site-packages/_rocm_sdk_core/include/hip/hip_runtime.h:65,
                 from /home/calvin/workspace/strata-integration-validation/source/include/strata/hip_compat/cuda_runtime.h:12,
                 from <command-line>:
/mnt/sda2/home/calvin/workspace/strata-validation/toolchains/rocm/lib/python3.10/site-packages/_rocm_sdk_core/include/hip/hip_runtime_api.h:5303:12: note: in call to ‘hipError_t hipMemGetInfo(size_t*, size_t*)’, declared here
 5303 | hipError_t hipMemGetInfo(size_t* free, size_t* total);
      |            ^~~~~~~~~~~~~
In file included from /mnt/sda2/home/calvin/workspace/strata-validation/toolchains/rocm/lib/python3.10/site-packages/_rocm_sdk_core/include/hip/hip_runtime.h:65,
                 from /home/calvin/workspace/strata-integration-validation/source/include/strata/hip_compat/cuda_runtime.h:12,
                 from <command-line>:
/mnt/sda2/home/calvin/workspace/strata-validation/toolchains/rocm/lib/python3.10/site-packages/_rocm_sdk_core/include/hip/hip_runtime_api.h:419:3: note: ‘hipError_t’ declared here
  419 | } hipError_t;
      |   ^~~~~~~~~~
/home/calvin/workspace/strata-integration-validation/source/src/prefill/prefill.cpp: In member function ‘bool strata::prefill::Prefill::relayout(int64_t, void*, uint64_t, std::string&)’:
/home/calvin/workspace/strata-integration-validation/source/src/prefill/prefill.cpp:1280:23: warning: ignoring returned value of type ‘hipError_t’, declared with attribute ‘nodiscard’ [-Wunused-result]
 1280 |         cudaMemGetInfo(&fb, &tb);
In file included from /mnt/sda2/home/calvin/workspace/strata-validation/toolchains/rocm/lib/python3.10/site-packages/_rocm_sdk_core/include/hip/hip_runtime.h:65,
                 from /home/calvin/workspace/strata-integration-validation/source/include/strata/hip_compat/cuda_runtime.h:12,
                 from <command-line>:
/mnt/sda2/home/calvin/workspace/strata-validation/toolchains/rocm/lib/python3.10/site-packages/_rocm_sdk_core/include/hip/hip_runtime_api.h:5303:12: note: in call to ‘hipError_t hipMemGetInfo(size_t*, size_t*)’, declared here
 5303 | hipError_t hipMemGetInfo(size_t* free, size_t* total);
      |            ^~~~~~~~~~~~~
In file included from /mnt/sda2/home/calvin/workspace/strata-validation/toolchains/rocm/lib/python3.10/site-packages/_rocm_sdk_core/include/hip/hip_runtime.h:65,
                 from /home/calvin/workspace/strata-integration-validation/source/include/strata/hip_compat/cuda_runtime.h:12,
                 from <command-line>:
/mnt/sda2/home/calvin/workspace/strata-validation/toolchains/rocm/lib/python3.10/site-packages/_rocm_sdk_core/include/hip/hip_runtime_api.h:419:3: note: ‘hipError_t’ declared here
  419 | } hipError_t;
      |   ^~~~~~~~~~
/home/calvin/workspace/strata-integration-validation/source/src/prefill/prefill.cpp: In member function ‘bool strata::prefill::Prefill::draft_kv(strata::core::MtpDrafter&, const float*, const int32_t*, int64_t, int64_t, std::string&)’:
/home/calvin/workspace/strata-integration-validation/source/src/prefill/prefill.cpp:1365:38: warning: ignoring returned value of type ‘hipError_t’, declared with attribute ‘nodiscard’ [-Wunused-result]
 1365 |     if (timing) cudaStreamSynchronize(m.cs);
In file included from /mnt/sda2/home/calvin/workspace/strata-validation/toolchains/rocm/lib/python3.10/site-packages/_rocm_sdk_core/include/hip/hip_runtime.h:65,
                 from /home/calvin/workspace/strata-integration-validation/source/include/strata/hip_compat/cuda_runtime.h:12,
                 from <command-line>:
/mnt/sda2/home/calvin/workspace/strata-validation/toolchains/rocm/lib/python3.10/site-packages/_rocm_sdk_core/include/hip/hip_runtime_api.h:2923:12: note: in call to ‘hipError_t hipStreamSynchronize(hipStream_t)’, declared here
 2923 | hipError_t hipStreamSynchronize(hipStream_t stream);
      |            ^~~~~~~~~~~~~~~~~~~~
In file included from /mnt/sda2/home/calvin/workspace/strata-validation/toolchains/rocm/lib/python3.10/site-packages/_rocm_sdk_core/include/hip/hip_runtime.h:65,
                 from /home/calvin/workspace/strata-integration-validation/source/include/strata/hip_compat/cuda_runtime.h:12,
                 from <command-line>:
/mnt/sda2/home/calvin/workspace/strata-validation/toolchains/rocm/lib/python3.10/site-packages/_rocm_sdk_core/include/hip/hip_runtime_api.h:419:3: note: ‘hipError_t’ declared here
  419 | } hipError_t;
      |   ^~~~~~~~~~
/home/calvin/workspace/strata-integration-validation/source/src/prefill/prefill.cpp:1417:24: warning: ignoring returned value of type ‘hipError_t’, declared with attribute ‘nodiscard’ [-Wunused-result]
 1417 |         cudaMemcpyAsync(hn, R_rows + (size_t) b0 * HCN, (size_t) nb * HCN * 4, cudaMemcpyDeviceToDevice, m.cs);
In file included from /mnt/sda2/home/calvin/workspace/strata-validation/toolchains/rocm/lib/python3.10/site-packages/_rocm_sdk_core/include/hip/hip_runtime.h:65,
                 from /home/calvin/workspace/strata-integration-validation/source/include/strata/hip_compat/cuda_runtime.h:12,
                 from <command-line>:
/mnt/sda2/home/calvin/workspace/strata-validation/toolchains/rocm/lib/python3.10/site-packages/_rocm_sdk_core/include/hip/hip_runtime_api.h:5050:12: note: in call to ‘hipError_t hipMemcpyAsync(void*, const void*, size_t, hipMemcpyKind, hipStream_t)’, declared here
 5050 | hipError_t hipMemcpyAsync(void* dst, const void* src, size_t sizeBytes, hipMemcpyKind kind,
      |            ^~~~~~~~~~~~~~
In file included from /mnt/sda2/home/calvin/workspace/strata-validation/toolchains/rocm/lib/python3.10/site-packages/_rocm_sdk_core/include/hip/hip_runtime.h:65,
                 from /home/calvin/workspace/strata-integration-validation/source/include/strata/hip_compat/cuda_runtime.h:12,
                 from <command-line>:
/mnt/sda2/home/calvin/workspace/strata-validation/toolchains/rocm/lib/python3.10/site-packages/_rocm_sdk_core/include/hip/hip_runtime_api.h:419:3: note: ‘hipError_t’ declared here
  419 | } hipError_t;
      |   ^~~~~~~~~~
/home/calvin/workspace/strata-integration-validation/source/src/prefill/prefill.cpp: In member function ‘bool strata::prefill::Prefill::set_stage_helper(strata::prefill::Prefill*, std::string&)’:
/home/calvin/workspace/strata-integration-validation/source/src/prefill/prefill.cpp:1501:18: warning: ignoring returned value of type ‘hipError_t’, declared with attribute ‘nodiscard’ [-Wunused-result]
 1501 |     cudaGetDevice(&prev);
In file included from /mnt/sda2/home/calvin/workspace/strata-validation/toolchains/rocm/lib/python3.10/site-packages/_rocm_sdk_core/include/hip/hip_runtime.h:65,
                 from /home/calvin/workspace/strata-integration-validation/source/include/strata/hip_compat/cuda_runtime.h:12,
                 from <command-line>:
/mnt/sda2/home/calvin/workspace/strata-validation/toolchains/rocm/lib/python3.10/site-packages/_rocm_sdk_core/include/hip/hip_runtime_api.h:2260:12: note: in call to ‘hipError_t hipGetDevice(int*)’, declared here
 2260 | hipError_t hipGetDevice(int* deviceId);
      |            ^~~~~~~~~~~~
In file included from /mnt/sda2/home/calvin/workspace/strata-validation/toolchains/rocm/lib/python3.10/site-packages/_rocm_sdk_core/include/hip/hip_runtime.h:65,
                 from /home/calvin/workspace/strata-integration-validation/source/include/strata/hip_compat/cuda_runtime.h:12,
                 from <command-line>:
/mnt/sda2/home/calvin/workspace/strata-validation/toolchains/rocm/lib/python3.10/site-packages/_rocm_sdk_core/include/hip/hip_runtime_api.h:419:3: note: ‘hipError_t’ declared here
  419 | } hipError_t;
      |   ^~~~~~~~~~
/home/calvin/workspace/strata-integration-validation/source/src/prefill/prefill.cpp:1503:18: warning: ignoring returned value of type ‘hipError_t’, declared with attribute ‘nodiscard’ [-Wunused-result]
 1503 |     cudaSetDevice(pp->dev);
In file included from /mnt/sda2/home/calvin/workspace/strata-validation/toolchains/rocm/lib/python3.10/site-packages/_rocm_sdk_core/include/hip/hip_runtime.h:65,
                 from /home/calvin/workspace/strata-integration-validation/source/include/strata/hip_compat/cuda_runtime.h:12,
                 from <command-line>:
/mnt/sda2/home/calvin/workspace/strata-validation/toolchains/rocm/lib/python3.10/site-packages/_rocm_sdk_core/include/hip/hip_runtime_api.h:2233:12: note: in call to ‘hipError_t hipSetDevice(int)’, declared here
 2233 | hipError_t hipSetDevice(int deviceId);
      |            ^~~~~~~~~~~~
In file included from /mnt/sda2/home/calvin/workspace/strata-validation/toolchains/rocm/lib/python3.10/site-packages/_rocm_sdk_core/include/hip/hip_runtime.h:65,
                 from /home/calvin/workspace/strata-integration-validation/source/include/strata/hip_compat/cuda_runtime.h:12,
                 from <command-line>:
/mnt/sda2/home/calvin/workspace/strata-validation/toolchains/rocm/lib/python3.10/site-packages/_rocm_sdk_core/include/hip/hip_runtime_api.h:419:3: note: ‘hipError_t’ declared here
  419 | } hipError_t;
      |   ^~~~~~~~~~
/home/calvin/workspace/strata-integration-validation/source/src/prefill/prefill.cpp:1517:18: warning: ignoring returned value of type ‘hipError_t’, declared with attribute ‘nodiscard’ [-Wunused-result]
 1517 |     cudaSetDevice(prev);
In file included from /mnt/sda2/home/calvin/workspace/strata-validation/toolchains/rocm/lib/python3.10/site-packages/_rocm_sdk_core/include/hip/hip_runtime.h:65,
                 from /home/calvin/workspace/strata-integration-validation/source/include/strata/hip_compat/cuda_runtime.h:12,
                 from <command-line>:
/mnt/sda2/home/calvin/workspace/strata-validation/toolchains/rocm/lib/python3.10/site-packages/_rocm_sdk_core/include/hip/hip_runtime_api.h:2233:12: note: in call to ‘hipError_t hipSetDevice(int)’, declared here
 2233 | hipError_t hipSetDevice(int deviceId);
      |            ^~~~~~~~~~~~
In file included from /mnt/sda2/home/calvin/workspace/strata-validation/toolchains/rocm/lib/python3.10/site-packages/_rocm_sdk_core/include/hip/hip_runtime.h:65,
                 from /home/calvin/workspace/strata-integration-validation/source/include/strata/hip_compat/cuda_runtime.h:12,
                 from <command-line>:
/mnt/sda2/home/calvin/workspace/strata-validation/toolchains/rocm/lib/python3.10/site-packages/_rocm_sdk_core/include/hip/hip_runtime_api.h:419:3: note: ‘hipError_t’ declared here
  419 | } hipError_t;
      |   ^~~~~~~~~~
/home/calvin/workspace/strata-integration-validation/source/src/prefill/prefill.cpp: In instantiation of ‘strata::prefill::Prefill::bind_stage_helper(int64_t)::<lambda(auto:20*&, size_t&, size_t)> [with auto:20 = float; size_t = long unsigned int]’:
/home/calvin/workspace/strata-integration-validation/source/src/prefill/prefill.cpp:1580:18:   required from here
/home/calvin/workspace/strata-integration-validation/source/src/prefill/prefill.cpp:1568:32: warning: ignoring returned value of type ‘hipError_t’, declared with attribute ‘nodiscard’ [-Wunused-result]
 1568 |             if (p) cudaFreeHost(p);
In file included from /mnt/sda2/home/calvin/workspace/strata-validation/toolchains/rocm/lib/python3.10/site-packages/_rocm_sdk_core/include/hip/hip_runtime.h:65,
                 from /home/calvin/workspace/strata-integration-validation/source/include/strata/hip_compat/cuda_runtime.h:12,
                 from <command-line>:
/mnt/sda2/home/calvin/workspace/strata-validation/toolchains/rocm/lib/python3.10/site-packages/_rocm_sdk_core/include/hip/hip_runtime_api.h:4604:12: note: in call to ‘hipError_t hipFreeHost(void*)’, declared here
 4604 | hipError_t hipFreeHost(void* ptr);
      |            ^~~~~~~~~~~
In file included from /mnt/sda2/home/calvin/workspace/strata-validation/toolchains/rocm/lib/python3.10/site-packages/_rocm_sdk_core/include/hip/hip_runtime.h:65,
                 from /home/calvin/workspace/strata-integration-validation/source/include/strata/hip_compat/cuda_runtime.h:12,
                 from <command-line>:
/mnt/sda2/home/calvin/workspace/strata-validation/toolchains/rocm/lib/python3.10/site-packages/_rocm_sdk_core/include/hip/hip_runtime_api.h:419:3: note: ‘hipError_t’ declared here
  419 | } hipError_t;
      |   ^~~~~~~~~~
/home/calvin/workspace/strata-integration-validation/source/src/prefill/prefill.cpp:1572:33: warning: ignoring returned value of type ‘hipError_t’, declared with attribute ‘nodiscard’ [-Wunused-result]
 1572 |                 cudaGetLastError();
In file included from /mnt/sda2/home/calvin/workspace/strata-validation/toolchains/rocm/lib/python3.10/site-packages/_rocm_sdk_core/include/hip/hip_runtime.h:65,
                 from /home/calvin/workspace/strata-integration-validation/source/include/strata/hip_compat/cuda_runtime.h:12,
                 from <command-line>:
/mnt/sda2/home/calvin/workspace/strata-validation/toolchains/rocm/lib/python3.10/site-packages/_rocm_sdk_core/include/hip/hip_runtime_api.h:2708:12: note: in call to ‘hipError_t hipGetLastError()’, declared here
 2708 | hipError_t hipGetLastError(void);
      |            ^~~~~~~~~~~~~~~
In file included from /mnt/sda2/home/calvin/workspace/strata-validation/toolchains/rocm/lib/python3.10/site-packages/_rocm_sdk_core/include/hip/hip_runtime.h:65,
                 from /home/calvin/workspace/strata-integration-validation/source/include/strata/hip_compat/cuda_runtime.h:12,
                 from <command-line>:
/mnt/sda2/home/calvin/workspace/strata-validation/toolchains/rocm/lib/python3.10/site-packages/_rocm_sdk_core/include/hip/hip_runtime_api.h:419:3: note: ‘hipError_t’ declared here
  419 | } hipError_t;
      |   ^~~~~~~~~~
/home/calvin/workspace/strata-integration-validation/source/src/prefill/prefill.cpp: In instantiation of ‘strata::prefill::Prefill::bind_stage_helper(int64_t)::<lambda(auto:20*&, size_t&, size_t)> [with auto:20 = int; size_t = long unsigned int]’:
/home/calvin/workspace/strata-integration-validation/source/src/prefill/prefill.cpp:1581:18:   required from here
/home/calvin/workspace/strata-integration-validation/source/src/prefill/prefill.cpp:1568:32: warning: ignoring returned value of type ‘hipError_t’, declared with attribute ‘nodiscard’ [-Wunused-result]
 1568 |             if (p) cudaFreeHost(p);
In file included from /mnt/sda2/home/calvin/workspace/strata-validation/toolchains/rocm/lib/python3.10/site-packages/_rocm_sdk_core/include/hip/hip_runtime.h:65,
                 from /home/calvin/workspace/strata-integration-validation/source/include/strata/hip_compat/cuda_runtime.h:12,
                 from <command-line>:
/mnt/sda2/home/calvin/workspace/strata-validation/toolchains/rocm/lib/python3.10/site-packages/_rocm_sdk_core/include/hip/hip_runtime_api.h:4604:12: note: in call to ‘hipError_t hipFreeHost(void*)’, declared here
 4604 | hipError_t hipFreeHost(void* ptr);
      |            ^~~~~~~~~~~
In file included from /mnt/sda2/home/calvin/workspace/strata-validation/toolchains/rocm/lib/python3.10/site-packages/_rocm_sdk_core/include/hip/hip_runtime.h:65,
                 from /home/calvin/workspace/strata-integration-validation/source/include/strata/hip_compat/cuda_runtime.h:12,
                 from <command-line>:
/mnt/sda2/home/calvin/workspace/strata-validation/toolchains/rocm/lib/python3.10/site-packages/_rocm_sdk_core/include/hip/hip_runtime_api.h:419:3: note: ‘hipError_t’ declared here
  419 | } hipError_t;
      |   ^~~~~~~~~~
/home/calvin/workspace/strata-integration-validation/source/src/prefill/prefill.cpp:1572:33: warning: ignoring returned value of type ‘hipError_t’, declared with attribute ‘nodiscard’ [-Wunused-result]
 1572 |                 cudaGetLastError();
In file included from /mnt/sda2/home/calvin/workspace/strata-validation/toolchains/rocm/lib/python3.10/site-packages/_rocm_sdk_core/include/hip/hip_runtime.h:65,
                 from /home/calvin/workspace/strata-integration-validation/source/include/strata/hip_compat/cuda_runtime.h:12,
                 from <command-line>:
/mnt/sda2/home/calvin/workspace/strata-validation/toolchains/rocm/lib/python3.10/site-packages/_rocm_sdk_core/include/hip/hip_runtime_api.h:2708:12: note: in call to ‘hipError_t hipGetLastError()’, declared here
 2708 | hipError_t hipGetLastError(void);
      |            ^~~~~~~~~~~~~~~
In file included from /mnt/sda2/home/calvin/workspace/strata-validation/toolchains/rocm/lib/python3.10/site-packages/_rocm_sdk_core/include/hip/hip_runtime.h:65,
                 from /home/calvin/workspace/strata-integration-validation/source/include/strata/hip_compat/cuda_runtime.h:12,
                 from <command-line>:
/mnt/sda2/home/calvin/workspace/strata-validation/toolchains/rocm/lib/python3.10/site-packages/_rocm_sdk_core/include/hip/hip_runtime_api.h:419:3: note: ‘hipError_t’ declared here
  419 | } hipError_t;
      |   ^~~~~~~~~~
/home/calvin/workspace/strata-integration-validation/source/src/prefill/prefill.cpp: In member function ‘bool strata::prefill::Prefill::set_peer(strata::core::PeerExperts*, int64_t, std::string&)’:
/home/calvin/workspace/strata-integration-validation/source/src/prefill/prefill.cpp:1615:18: warning: ignoring returned value of type ‘hipError_t’, declared with attribute ‘nodiscard’ [-Wunused-result]
 1615 |     cudaGetDevice(&prev);
In file included from /mnt/sda2/home/calvin/workspace/strata-validation/toolchains/rocm/lib/python3.10/site-packages/_rocm_sdk_core/include/hip/hip_runtime.h:65,
                 from /home/calvin/workspace/strata-integration-validation/source/include/strata/hip_compat/cuda_runtime.h:12,
                 from <command-line>:
/mnt/sda2/home/calvin/workspace/strata-validation/toolchains/rocm/lib/python3.10/site-packages/_rocm_sdk_core/include/hip/hip_runtime_api.h:2260:12: note: in call to ‘hipError_t hipGetDevice(int*)’, declared here
 2260 | hipError_t hipGetDevice(int* deviceId);
      |            ^~~~~~~~~~~~
In file included from /mnt/sda2/home/calvin/workspace/strata-validation/toolchains/rocm/lib/python3.10/site-packages/_rocm_sdk_core/include/hip/hip_runtime.h:65,
                 from /home/calvin/workspace/strata-integration-validation/source/include/strata/hip_compat/cuda_runtime.h:12,
                 from <command-line>:
/mnt/sda2/home/calvin/workspace/strata-validation/toolchains/rocm/lib/python3.10/site-packages/_rocm_sdk_core/include/hip/hip_runtime_api.h:419:3: note: ‘hipError_t’ declared here
  419 | } hipError_t;
      |   ^~~~~~~~~~
/home/calvin/workspace/strata-integration-validation/source/src/prefill/prefill.cpp:1617:18: warning: ignoring returned value of type ‘hipError_t’, declared with attribute ‘nodiscard’ [-Wunused-result]
 1617 |     cudaSetDevice(pp->dev);
In file included from /mnt/sda2/home/calvin/workspace/strata-validation/toolchains/rocm/lib/python3.10/site-packages/_rocm_sdk_core/include/hip/hip_runtime.h:65,
                 from /home/calvin/workspace/strata-integration-validation/source/include/strata/hip_compat/cuda_runtime.h:12,
                 from <command-line>:
/mnt/sda2/home/calvin/workspace/strata-validation/toolchains/rocm/lib/python3.10/site-packages/_rocm_sdk_core/include/hip/hip_runtime_api.h:2233:12: note: in call to ‘hipError_t hipSetDevice(int)’, declared here
 2233 | hipError_t hipSetDevice(int deviceId);
      |            ^~~~~~~~~~~~
In file included from /mnt/sda2/home/calvin/workspace/strata-validation/toolchains/rocm/lib/python3.10/site-packages/_rocm_sdk_core/include/hip/hip_runtime.h:65,
                 from /home/calvin/workspace/strata-integration-validation/source/include/strata/hip_compat/cuda_runtime.h:12,
                 from <command-line>:
/mnt/sda2/home/calvin/workspace/strata-validation/toolchains/rocm/lib/python3.10/site-packages/_rocm_sdk_core/include/hip/hip_runtime_api.h:419:3: note: ‘hipError_t’ declared here
  419 | } hipError_t;
      |   ^~~~~~~~~~
/home/calvin/workspace/strata-integration-validation/source/src/prefill/prefill.cpp: In instantiation of ‘strata::prefill::Prefill::set_peer(strata::core::PeerExperts*, int64_t, std::string&)::<lambda(auto:21*&, size_t&, size_t)> [with auto:21 = short unsigned int; size_t = long unsigned int]’:
/home/calvin/workspace/strata-integration-validation/source/src/prefill/prefill.cpp:1720:26:   required from here
/home/calvin/workspace/strata-integration-validation/source/src/prefill/prefill.cpp:1711:33: warning: ignoring returned value of type ‘hipError_t’, declared with attribute ‘nodiscard’ [-Wunused-result]
 1711 |                 cudaGetLastError();
In file included from /mnt/sda2/home/calvin/workspace/strata-validation/toolchains/rocm/lib/python3.10/site-packages/_rocm_sdk_core/include/hip/hip_runtime.h:65,
                 from /home/calvin/workspace/strata-integration-validation/source/include/strata/hip_compat/cuda_runtime.h:12,
                 from <command-line>:
/mnt/sda2/home/calvin/workspace/strata-validation/toolchains/rocm/lib/python3.10/site-packages/_rocm_sdk_core/include/hip/hip_runtime_api.h:2708:12: note: in call to ‘hipError_t hipGetLastError()’, declared here
 2708 | hipError_t hipGetLastError(void);
      |            ^~~~~~~~~~~~~~~
In file included from /mnt/sda2/home/calvin/workspace/strata-validation/toolchains/rocm/lib/python3.10/site-packages/_rocm_sdk_core/include/hip/hip_runtime.h:65,
                 from /home/calvin/workspace/strata-integration-validation/source/include/strata/hip_compat/cuda_runtime.h:12,
                 from <command-line>:
/mnt/sda2/home/calvin/workspace/strata-validation/toolchains/rocm/lib/python3.10/site-packages/_rocm_sdk_core/include/hip/hip_runtime_api.h:419:3: note: ‘hipError_t’ declared here
  419 | } hipError_t;
      |   ^~~~~~~~~~
/home/calvin/workspace/strata-integration-validation/source/src/prefill/prefill.cpp: In instantiation of ‘strata::prefill::Prefill::set_peer(strata::core::PeerExperts*, int64_t, std::string&)::<lambda(auto:21*&, size_t&, size_t)> [with auto:21 = float; size_t = long unsigned int]’:
/home/calvin/workspace/strata-integration-validation/source/src/prefill/prefill.cpp:1721:18:   required from here
/home/calvin/workspace/strata-integration-validation/source/src/prefill/prefill.cpp:1711:33: warning: ignoring returned value of type ‘hipError_t’, declared with attribute ‘nodiscard’ [-Wunused-result]
 1711 |                 cudaGetLastError();
In file included from /mnt/sda2/home/calvin/workspace/strata-validation/toolchains/rocm/lib/python3.10/site-packages/_rocm_sdk_core/include/hip/hip_runtime.h:65,
                 from /home/calvin/workspace/strata-integration-validation/source/include/strata/hip_compat/cuda_runtime.h:12,
                 from <command-line>:
/mnt/sda2/home/calvin/workspace/strata-validation/toolchains/rocm/lib/python3.10/site-packages/_rocm_sdk_core/include/hip/hip_runtime_api.h:2708:12: note: in call to ‘hipError_t hipGetLastError()’, declared here
 2708 | hipError_t hipGetLastError(void);
      |            ^~~~~~~~~~~~~~~
In file included from /mnt/sda2/home/calvin/workspace/strata-validation/toolchains/rocm/lib/python3.10/site-packages/_rocm_sdk_core/include/hip/hip_runtime.h:65,
                 from /home/calvin/workspace/strata-integration-validation/source/include/strata/hip_compat/cuda_runtime.h:12,
                 from <command-line>:
/mnt/sda2/home/calvin/workspace/strata-validation/toolchains/rocm/lib/python3.10/site-packages/_rocm_sdk_core/include/hip/hip_runtime_api.h:419:3: note: ‘hipError_t’ declared here
  419 | } hipError_t;
      |   ^~~~~~~~~~
/home/calvin/workspace/strata-integration-validation/source/src/prefill/prefill.cpp: In instantiation of ‘strata::prefill::Prefill::set_peer(strata::core::PeerExperts*, int64_t, std::string&)::<lambda(auto:21*&, size_t&, size_t)> [with auto:21 = int; size_t = long unsigned int]’:
/home/calvin/workspace/strata-integration-validation/source/src/prefill/prefill.cpp:1726:25:   required from here
/home/calvin/workspace/strata-integration-validation/source/src/prefill/prefill.cpp:1711:33: warning: ignoring returned value of type ‘hipError_t’, declared with attribute ‘nodiscard’ [-Wunused-result]
 1711 |                 cudaGetLastError();
In file included from /mnt/sda2/home/calvin/workspace/strata-validation/toolchains/rocm/lib/python3.10/site-packages/_rocm_sdk_core/include/hip/hip_runtime.h:65,
                 from /home/calvin/workspace/strata-integration-validation/source/include/strata/hip_compat/cuda_runtime.h:12,
                 from <command-line>:
/mnt/sda2/home/calvin/workspace/strata-validation/toolchains/rocm/lib/python3.10/site-packages/_rocm_sdk_core/include/hip/hip_runtime_api.h:2708:12: note: in call to ‘hipError_t hipGetLastError()’, declared here
 2708 | hipError_t hipGetLastError(void);
      |            ^~~~~~~~~~~~~~~
In file included from /mnt/sda2/home/calvin/workspace/strata-validation/toolchains/rocm/lib/python3.10/site-packages/_rocm_sdk_core/include/hip/hip_runtime.h:65,
                 from /home/calvin/workspace/strata-integration-validation/source/include/strata/hip_compat/cuda_runtime.h:12,
                 from <command-line>:
/mnt/sda2/home/calvin/workspace/strata-validation/toolchains/rocm/lib/python3.10/site-packages/_rocm_sdk_core/include/hip/hip_runtime_api.h:419:3: note: ‘hipError_t’ declared here
  419 | } hipError_t;
      |   ^~~~~~~~~~
/home/calvin/workspace/strata-integration-validation/source/src/prefill/prefill.cpp:1735:26: warning: ignoring returned value of type ‘hipError_t’, declared with attribute ‘nodiscard’ [-Wunused-result]
 1735 |             cudaSetDevice(prev);
In file included from /mnt/sda2/home/calvin/workspace/strata-validation/toolchains/rocm/lib/python3.10/site-packages/_rocm_sdk_core/include/hip/hip_runtime.h:65,
                 from /home/calvin/workspace/strata-integration-validation/source/include/strata/hip_compat/cuda_runtime.h:12,
                 from <command-line>:
/mnt/sda2/home/calvin/workspace/strata-validation/toolchains/rocm/lib/python3.10/site-packages/_rocm_sdk_core/include/hip/hip_runtime_api.h:2233:12: note: in call to ‘hipError_t hipSetDevice(int)’, declared here
 2233 | hipError_t hipSetDevice(int deviceId);
      |            ^~~~~~~~~~~~
In file included from /mnt/sda2/home/calvin/workspace/strata-validation/toolchains/rocm/lib/python3.10/site-packages/_rocm_sdk_core/include/hip/hip_runtime.h:65,
                 from /home/calvin/workspace/strata-integration-validation/source/include/strata/hip_compat/cuda_runtime.h:12,
                 from <command-line>:
/mnt/sda2/home/calvin/workspace/strata-validation/toolchains/rocm/lib/python3.10/site-packages/_rocm_sdk_core/include/hip/hip_runtime_api.h:419:3: note: ‘hipError_t’ declared here
  419 | } hipError_t;
      |   ^~~~~~~~~~
/home/calvin/workspace/strata-integration-validation/source/src/prefill/prefill.cpp:1742:19: warning: ignoring returned value of type ‘hipError_t’, declared with attribute ‘nodiscard’ [-Wunused-result]
 1742 |     cudaMemGetInfo(&fb, &tb);
In file included from /mnt/sda2/home/calvin/workspace/strata-validation/toolchains/rocm/lib/python3.10/site-packages/_rocm_sdk_core/include/hip/hip_runtime.h:65,
                 from /home/calvin/workspace/strata-integration-validation/source/include/strata/hip_compat/cuda_runtime.h:12,
                 from <command-line>:
/mnt/sda2/home/calvin/workspace/strata-validation/toolchains/rocm/lib/python3.10/site-packages/_rocm_sdk_core/include/hip/hip_runtime_api.h:5303:12: note: in call to ‘hipError_t hipMemGetInfo(size_t*, size_t*)’, declared here
 5303 | hipError_t hipMemGetInfo(size_t* free, size_t* total);
      |            ^~~~~~~~~~~~~
In file included from /mnt/sda2/home/calvin/workspace/strata-validation/toolchains/rocm/lib/python3.10/site-packages/_rocm_sdk_core/include/hip/hip_runtime.h:65,
                 from /home/calvin/workspace/strata-integration-validation/source/include/strata/hip_compat/cuda_runtime.h:12,
                 from <command-line>:
/mnt/sda2/home/calvin/workspace/strata-validation/toolchains/rocm/lib/python3.10/site-packages/_rocm_sdk_core/include/hip/hip_runtime_api.h:419:3: note: ‘hipError_t’ declared here
  419 | } hipError_t;
      |   ^~~~~~~~~~
/home/calvin/workspace/strata-integration-validation/source/src/prefill/prefill.cpp:1743:18: warning: ignoring returned value of type ‘hipError_t’, declared with attribute ‘nodiscard’ [-Wunused-result]
 1743 |     cudaSetDevice(prev);
In file included from /mnt/sda2/home/calvin/workspace/strata-validation/toolchains/rocm/lib/python3.10/site-packages/_rocm_sdk_core/include/hip/hip_runtime.h:65,
                 from /home/calvin/workspace/strata-integration-validation/source/include/strata/hip_compat/cuda_runtime.h:12,
                 from <command-line>:
/mnt/sda2/home/calvin/workspace/strata-validation/toolchains/rocm/lib/python3.10/site-packages/_rocm_sdk_core/include/hip/hip_runtime_api.h:2233:12: note: in call to ‘hipError_t hipSetDevice(int)’, declared here
 2233 | hipError_t hipSetDevice(int deviceId);
      |            ^~~~~~~~~~~~
In file included from /mnt/sda2/home/calvin/workspace/strata-validation/toolchains/rocm/lib/python3.10/site-packages/_rocm_sdk_core/include/hip/hip_runtime.h:65,
                 from /home/calvin/workspace/strata-integration-validation/source/include/strata/hip_compat/cuda_runtime.h:12,
                 from <command-line>:
/mnt/sda2/home/calvin/workspace/strata-validation/toolchains/rocm/lib/python3.10/site-packages/_rocm_sdk_core/include/hip/hip_runtime_api.h:419:3: note: ‘hipError_t’ declared here
  419 | } hipError_t;
      |   ^~~~~~~~~~
/home/calvin/workspace/strata-integration-validation/source/src/prefill/prefill.cpp: In member function ‘void strata::prefill::{anonymous}::PfTimer::mark(int, hipStream_t)’:
/home/calvin/workspace/strata-integration-validation/source/src/prefill/prefill.cpp:1919:28: warning: ignoring returned value of type ‘hipError_t’, declared with attribute ‘nodiscard’ [-Wunused-result]
 1919 |             cudaEventCreate(&e);
In file included from /mnt/sda2/home/calvin/workspace/strata-validation/toolchains/rocm/lib/python3.10/site-packages/_rocm_sdk_core/include/hip/hip_runtime.h:65,
                 from /home/calvin/workspace/strata-integration-validation/source/include/strata/hip_compat/cuda_runtime.h:12,
                 from <command-line>:
/mnt/sda2/home/calvin/workspace/strata-validation/toolchains/rocm/lib/python3.10/site-packages/_rocm_sdk_core/include/hip/hip_runtime_api.h:3366:12: note: in call to ‘hipError_t hipEventCreate(ihipEvent_t**)’, declared here
 3366 | hipError_t hipEventCreate(hipEvent_t* event);
      |            ^~~~~~~~~~~~~~
In file included from /mnt/sda2/home/calvin/workspace/strata-validation/toolchains/rocm/lib/python3.10/site-packages/_rocm_sdk_core/include/hip/hip_runtime.h:65,
                 from /home/calvin/workspace/strata-integration-validation/source/include/strata/hip_compat/cuda_runtime.h:12,
                 from <command-line>:
/mnt/sda2/home/calvin/workspace/strata-validation/toolchains/rocm/lib/python3.10/site-packages/_rocm_sdk_core/include/hip/hip_runtime_api.h:419:3: note: ‘hipError_t’ declared here
  419 | } hipError_t;
      |   ^~~~~~~~~~
/home/calvin/workspace/strata-integration-validation/source/src/prefill/prefill.cpp:1924:24: warning: ignoring returned value of type ‘hipError_t’, declared with attribute ‘nodiscard’ [-Wunused-result]
 1924 |         cudaEventRecord(ev[used], s);
In file included from /mnt/sda2/home/calvin/workspace/strata-validation/toolchains/rocm/lib/python3.10/site-packages/_rocm_sdk_core/include/hip/hip_runtime.h:65,
                 from /home/calvin/workspace/strata-integration-validation/source/include/strata/hip_compat/cuda_runtime.h:12,
                 from <command-line>:
/mnt/sda2/home/calvin/workspace/strata-validation/toolchains/rocm/lib/python3.10/site-packages/_rocm_sdk_core/include/hip/hip_runtime_api.h:3436:12: note: in call to ‘hipError_t hipEventRecord(hipEvent_t, hipStream_t)’, declared here
 3436 | hipError_t hipEventRecord(hipEvent_t event, hipStream_t stream = NULL);
      |            ^~~~~~~~~~~~~~
In file included from /mnt/sda2/home/calvin/workspace/strata-validation/toolchains/rocm/lib/python3.10/site-packages/_rocm_sdk_core/include/hip/hip_runtime.h:65,
                 from /home/calvin/workspace/strata-integration-validation/source/include/strata/hip_compat/cuda_runtime.h:12,
                 from <command-line>:
/mnt/sda2/home/calvin/workspace/strata-validation/toolchains/rocm/lib/python3.10/site-packages/_rocm_sdk_core/include/hip/hip_runtime_api.h:419:3: note: ‘hipError_t’ declared here
  419 | } hipError_t;
      |   ^~~~~~~~~~
/home/calvin/workspace/strata-integration-validation/source/src/prefill/prefill.cpp: In destructor ‘strata::prefill::{anonymous}::PfTimer::~PfTimer()’:
/home/calvin/workspace/strata-integration-validation/source/src/prefill/prefill.cpp:1939:50: warning: ignoring returned value of type ‘hipError_t’, declared with attribute ‘nodiscard’ [-Wunused-result]
 1939 |         for (cudaEvent_t e : ev) cudaEventDestroy(e);
In file included from /mnt/sda2/home/calvin/workspace/strata-validation/toolchains/rocm/lib/python3.10/site-packages/_rocm_sdk_core/include/hip/hip_runtime.h:65,
                 from /home/calvin/workspace/strata-integration-validation/source/include/strata/hip_compat/cuda_runtime.h:12,
                 from <command-line>:
/mnt/sda2/home/calvin/workspace/strata-validation/toolchains/rocm/lib/python3.10/site-packages/_rocm_sdk_core/include/hip/hip_runtime_api.h:3456:12: note: in call to ‘hipError_t hipEventDestroy(hipEvent_t)’, declared here
 3456 | hipError_t hipEventDestroy(hipEvent_t event);
      |            ^~~~~~~~~~~~~~~
In file included from /mnt/sda2/home/calvin/workspace/strata-validation/toolchains/rocm/lib/python3.10/site-packages/_rocm_sdk_core/include/hip/hip_runtime.h:65,
                 from /home/calvin/workspace/strata-integration-validation/source/include/strata/hip_compat/cuda_runtime.h:12,
                 from <command-line>:
/mnt/sda2/home/calvin/workspace/strata-validation/toolchains/rocm/lib/python3.10/site-packages/_rocm_sdk_core/include/hip/hip_runtime_api.h:419:3: note: ‘hipError_t’ declared here
  419 | } hipError_t;
      |   ^~~~~~~~~~
/home/calvin/workspace/strata-integration-validation/source/src/prefill/prefill.cpp: In member function ‘void strata::prefill::{anonymous}::PeTimer::mark(int, hipStream_t)’:
/home/calvin/workspace/strata-integration-validation/source/src/prefill/prefill.cpp:1956:28: warning: ignoring returned value of type ‘hipError_t’, declared with attribute ‘nodiscard’ [-Wunused-result]
 1956 |             cudaEventCreate(&e);
In file included from /mnt/sda2/home/calvin/workspace/strata-validation/toolchains/rocm/lib/python3.10/site-packages/_rocm_sdk_core/include/hip/hip_runtime.h:65,
                 from /home/calvin/workspace/strata-integration-validation/source/include/strata/hip_compat/cuda_runtime.h:12,
                 from <command-line>:
/mnt/sda2/home/calvin/workspace/strata-validation/toolchains/rocm/lib/python3.10/site-packages/_rocm_sdk_core/include/hip/hip_runtime_api.h:3366:12: note: in call to ‘hipError_t hipEventCreate(ihipEvent_t**)’, declared here
 3366 | hipError_t hipEventCreate(hipEvent_t* event);
      |            ^~~~~~~~~~~~~~
In file included from /mnt/sda2/home/calvin/workspace/strata-validation/toolchains/rocm/lib/python3.10/site-packages/_rocm_sdk_core/include/hip/hip_runtime.h:65,
                 from /home/calvin/workspace/strata-integration-validation/source/include/strata/hip_compat/cuda_runtime.h:12,
                 from <command-line>:
/mnt/sda2/home/calvin/workspace/strata-validation/toolchains/rocm/lib/python3.10/site-packages/_rocm_sdk_core/include/hip/hip_runtime_api.h:419:3: note: ‘hipError_t’ declared here
  419 | } hipError_t;
      |   ^~~~~~~~~~
/home/calvin/workspace/strata-integration-validation/source/src/prefill/prefill.cpp:1961:24: warning: ignoring returned value of type ‘hipError_t’, declared with attribute ‘nodiscard’ [-Wunused-result]
 1961 |         cudaEventRecord(ev[used], s);
In file included from /mnt/sda2/home/calvin/workspace/strata-validation/toolchains/rocm/lib/python3.10/site-packages/_rocm_sdk_core/include/hip/hip_runtime.h:65,
                 from /home/calvin/workspace/strata-integration-validation/source/include/strata/hip_compat/cuda_runtime.h:12,
                 from <command-line>:
/mnt/sda2/home/calvin/workspace/strata-validation/toolchains/rocm/lib/python3.10/site-packages/_rocm_sdk_core/include/hip/hip_runtime_api.h:3436:12: note: in call to ‘hipError_t hipEventRecord(hipEvent_t, hipStream_t)’, declared here
 3436 | hipError_t hipEventRecord(hipEvent_t event, hipStream_t stream = NULL);
      |            ^~~~~~~~~~~~~~
In file included from /mnt/sda2/home/calvin/workspace/strata-validation/toolchains/rocm/lib/python3.10/site-packages/_rocm_sdk_core/include/hip/hip_runtime.h:65,
                 from /home/calvin/workspace/strata-integration-validation/source/include/strata/hip_compat/cuda_runtime.h:12,
                 from <command-line>:
/mnt/sda2/home/calvin/workspace/strata-validation/toolchains/rocm/lib/python3.10/site-packages/_rocm_sdk_core/include/hip/hip_runtime_api.h:419:3: note: ‘hipError_t’ declared here
  419 | } hipError_t;
      |   ^~~~~~~~~~
/home/calvin/workspace/strata-integration-validation/source/src/prefill/prefill.cpp: In destructor ‘strata::prefill::{anonymous}::PeTimer::~PeTimer()’:
/home/calvin/workspace/strata-integration-validation/source/src/prefill/prefill.cpp:1977:22: warning: ignoring returned value of type ‘hipError_t’, declared with attribute ‘nodiscard’ [-Wunused-result]
 1977 |         cudaGetDevice(&prev);
In file included from /mnt/sda2/home/calvin/workspace/strata-validation/toolchains/rocm/lib/python3.10/site-packages/_rocm_sdk_core/include/hip/hip_runtime.h:65,
                 from /home/calvin/workspace/strata-integration-validation/source/include/strata/hip_compat/cuda_runtime.h:12,
                 from <command-line>:
/mnt/sda2/home/calvin/workspace/strata-validation/toolchains/rocm/lib/python3.10/site-packages/_rocm_sdk_core/include/hip/hip_runtime_api.h:2260:12: note: in call to ‘hipError_t hipGetDevice(int*)’, declared here
 2260 | hipError_t hipGetDevice(int* deviceId);
      |            ^~~~~~~~~~~~
In file included from /mnt/sda2/home/calvin/workspace/strata-validation/toolchains/rocm/lib/python3.10/site-packages/_rocm_sdk_core/include/hip/hip_runtime.h:65,
                 from /home/calvin/workspace/strata-integration-validation/source/include/strata/hip_compat/cuda_runtime.h:12,
                 from <command-line>:
/mnt/sda2/home/calvin/workspace/strata-validation/toolchains/rocm/lib/python3.10/site-packages/_rocm_sdk_core/include/hip/hip_runtime_api.h:419:3: note: ‘hipError_t’ declared here
  419 | } hipError_t;
      |   ^~~~~~~~~~
/home/calvin/workspace/strata-integration-validation/source/src/prefill/prefill.cpp:1978:22: warning: ignoring returned value of type ‘hipError_t’, declared with attribute ‘nodiscard’ [-Wunused-result]
 1978 |         cudaSetDevice(dev);
In file included from /mnt/sda2/home/calvin/workspace/strata-validation/toolchains/rocm/lib/python3.10/site-packages/_rocm_sdk_core/include/hip/hip_runtime.h:65,
                 from /home/calvin/workspace/strata-integration-validation/source/include/strata/hip_compat/cuda_runtime.h:12,
                 from <command-line>:
/mnt/sda2/home/calvin/workspace/strata-validation/toolchains/rocm/lib/python3.10/site-packages/_rocm_sdk_core/include/hip/hip_runtime_api.h:2233:12: note: in call to ‘hipError_t hipSetDevice(int)’, declared here
 2233 | hipError_t hipSetDevice(int deviceId);
      |            ^~~~~~~~~~~~
In file included from /mnt/sda2/home/calvin/workspace/strata-validation/toolchains/rocm/lib/python3.10/site-packages/_rocm_sdk_core/include/hip/hip_runtime.h:65,
                 from /home/calvin/workspace/strata-integration-validation/source/include/strata/hip_compat/cuda_runtime.h:12,
                 from <command-line>:
/mnt/sda2/home/calvin/workspace/strata-validation/toolchains/rocm/lib/python3.10/site-packages/_rocm_sdk_core/include/hip/hip_runtime_api.h:419:3: note: ‘hipError_t’ declared here
  419 | } hipError_t;
      |   ^~~~~~~~~~
/home/calvin/workspace/strata-integration-validation/source/src/prefill/prefill.cpp:1979:50: warning: ignoring returned value of type ‘hipError_t’, declared with attribute ‘nodiscard’ [-Wunused-result]
 1979 |         for (cudaEvent_t e : ev) cudaEventDestroy(e);
In file included from /mnt/sda2/home/calvin/workspace/strata-validation/toolchains/rocm/lib/python3.10/site-packages/_rocm_sdk_core/include/hip/hip_runtime.h:65,
                 from /home/calvin/workspace/strata-integration-validation/source/include/strata/hip_compat/cuda_runtime.h:12,
                 from <command-line>:
/mnt/sda2/home/calvin/workspace/strata-validation/toolchains/rocm/lib/python3.10/site-packages/_rocm_sdk_core/include/hip/hip_runtime_api.h:3456:12: note: in call to ‘hipError_t hipEventDestroy(hipEvent_t)’, declared here
 3456 | hipError_t hipEventDestroy(hipEvent_t event);
      |            ^~~~~~~~~~~~~~~
In file included from /mnt/sda2/home/calvin/workspace/strata-validation/toolchains/rocm/lib/python3.10/site-packages/_rocm_sdk_core/include/hip/hip_runtime.h:65,
                 from /home/calvin/workspace/strata-integration-validation/source/include/strata/hip_compat/cuda_runtime.h:12,
                 from <command-line>:
/mnt/sda2/home/calvin/workspace/strata-validation/toolchains/rocm/lib/python3.10/site-packages/_rocm_sdk_core/include/hip/hip_runtime_api.h:419:3: note: ‘hipError_t’ declared here
  419 | } hipError_t;
      |   ^~~~~~~~~~
/home/calvin/workspace/strata-integration-validation/source/src/prefill/prefill.cpp:1980:22: warning: ignoring returned value of type ‘hipError_t’, declared with attribute ‘nodiscard’ [-Wunused-result]
 1980 |         cudaSetDevice(prev);
In file included from /mnt/sda2/home/calvin/workspace/strata-validation/toolchains/rocm/lib/python3.10/site-packages/_rocm_sdk_core/include/hip/hip_runtime.h:65,
                 from /home/calvin/workspace/strata-integration-validation/source/include/strata/hip_compat/cuda_runtime.h:12,
                 from <command-line>:
/mnt/sda2/home/calvin/workspace/strata-validation/toolchains/rocm/lib/python3.10/site-packages/_rocm_sdk_core/include/hip/hip_runtime_api.h:2233:12: note: in call to ‘hipError_t hipSetDevice(int)’, declared here
 2233 | hipError_t hipSetDevice(int deviceId);
      |            ^~~~~~~~~~~~
In file included from /mnt/sda2/home/calvin/workspace/strata-validation/toolchains/rocm/lib/python3.10/site-packages/_rocm_sdk_core/include/hip/hip_runtime.h:65,
                 from /home/calvin/workspace/strata-integration-validation/source/include/strata/hip_compat/cuda_runtime.h:12,
                 from <command-line>:
/mnt/sda2/home/calvin/workspace/strata-validation/toolchains/rocm/lib/python3.10/site-packages/_rocm_sdk_core/include/hip/hip_runtime_api.h:419:3: note: ‘hipError_t’ declared here
  419 | } hipError_t;
      |   ^~~~~~~~~~
/home/calvin/workspace/strata-integration-validation/source/src/prefill/prefill.cpp: In destructor ‘strata::prefill::Prefill::run_impl(const int64_t*, int64_t, int64_t, std::string&)::KvDrain::~KvDrain()’:
/home/calvin/workspace/strata-integration-validation/source/src/prefill/prefill.cpp:2016:55: warning: ignoring returned value of type ‘hipError_t’, declared with attribute ‘nodiscard’ [-Wunused-result]
 2016 |         ~KvDrain() { if (stream) cudaStreamSynchronize(stream); }
In file included from /mnt/sda2/home/calvin/workspace/strata-validation/toolchains/rocm/lib/python3.10/site-packages/_rocm_sdk_core/include/hip/hip_runtime.h:65,
                 from /home/calvin/workspace/strata-integration-validation/source/include/strata/hip_compat/cuda_runtime.h:12,
                 from <command-line>:
/mnt/sda2/home/calvin/workspace/strata-validation/toolchains/rocm/lib/python3.10/site-packages/_rocm_sdk_core/include/hip/hip_runtime_api.h:2923:12: note: in call to ‘hipError_t hipStreamSynchronize(hipStream_t)’, declared here
 2923 | hipError_t hipStreamSynchronize(hipStream_t stream);
      |            ^~~~~~~~~~~~~~~~~~~~
In file included from /mnt/sda2/home/calvin/workspace/strata-validation/toolchains/rocm/lib/python3.10/site-packages/_rocm_sdk_core/include/hip/hip_runtime.h:65,
                 from /home/calvin/workspace/strata-integration-validation/source/include/strata/hip_compat/cuda_runtime.h:12,
                 from <command-line>:
/mnt/sda2/home/calvin/workspace/strata-validation/toolchains/rocm/lib/python3.10/site-packages/_rocm_sdk_core/include/hip/hip_runtime_api.h:419:3: note: ‘hipError_t’ declared here
  419 | } hipError_t;
      |   ^~~~~~~~~~
/home/calvin/workspace/strata-integration-validation/source/src/prefill/prefill.cpp: In destructor ‘strata::prefill::Prefill::run_impl(const int64_t*, int64_t, int64_t, std::string&)::HelpScope::~HelpScope()’:
/home/calvin/workspace/strata-integration-validation/source/src/prefill/prefill.cpp:2034:34: warning: ignoring returned value of type ‘hipError_t’, declared with attribute ‘nodiscard’ [-Wunused-result]
 2034 |             cudaStreamSynchronize(m.pp->s_cp);
In file included from /mnt/sda2/home/calvin/workspace/strata-validation/toolchains/rocm/lib/python3.10/site-packages/_rocm_sdk_core/include/hip/hip_runtime.h:65,
                 from /home/calvin/workspace/strata-integration-validation/source/include/strata/hip_compat/cuda_runtime.h:12,
                 from <command-line>:
/mnt/sda2/home/calvin/workspace/strata-validation/toolchains/rocm/lib/python3.10/site-packages/_rocm_sdk_core/include/hip/hip_runtime_api.h:2923:12: note: in call to ‘hipError_t hipStreamSynchronize(hipStream_t)’, declared here
 2923 | hipError_t hipStreamSynchronize(hipStream_t stream);
      |            ^~~~~~~~~~~~~~~~~~~~
In file included from /mnt/sda2/home/calvin/workspace/strata-validation/toolchains/rocm/lib/python3.10/site-packages/_rocm_sdk_core/include/hip/hip_runtime.h:65,
                 from /home/calvin/workspace/strata-integration-validation/source/include/strata/hip_compat/cuda_runtime.h:12,
                 from <command-line>:
/mnt/sda2/home/calvin/workspace/strata-validation/toolchains/rocm/lib/python3.10/site-packages/_rocm_sdk_core/include/hip/hip_runtime_api.h:419:3: note: ‘hipError_t’ declared here
  419 | } hipError_t;
      |   ^~~~~~~~~~
/home/calvin/workspace/strata-integration-validation/source/src/prefill/prefill.cpp:2035:34: warning: ignoring returned value of type ‘hipError_t’, declared with attribute ‘nodiscard’ [-Wunused-result]
 2035 |             cudaStreamSynchronize(m.pp->s_out);
In file included from /mnt/sda2/home/calvin/workspace/strata-validation/toolchains/rocm/lib/python3.10/site-packages/_rocm_sdk_core/include/hip/hip_runtime.h:65,
                 from /home/calvin/workspace/strata-integration-validation/source/include/strata/hip_compat/cuda_runtime.h:12,
                 from <command-line>:
/mnt/sda2/home/calvin/workspace/strata-validation/toolchains/rocm/lib/python3.10/site-packages/_rocm_sdk_core/include/hip/hip_runtime_api.h:2923:12: note: in call to ‘hipError_t hipStreamSynchronize(hipStream_t)’, declared here
 2923 | hipError_t hipStreamSynchronize(hipStream_t stream);
      |            ^~~~~~~~~~~~~~~~~~~~
In file included from /mnt/sda2/home/calvin/workspace/strata-validation/toolchains/rocm/lib/python3.10/site-packages/_rocm_sdk_core/include/hip/hip_runtime.h:65,
                 from /home/calvin/workspace/strata-integration-validation/source/include/strata/hip_compat/cuda_runtime.h:12,
                 from <command-line>:
/mnt/sda2/home/calvin/workspace/strata-validation/toolchains/rocm/lib/python3.10/site-packages/_rocm_sdk_core/include/hip/hip_runtime_api.h:419:3: note: ‘hipError_t’ declared here
  419 | } hipError_t;
      |   ^~~~~~~~~~
/home/calvin/workspace/strata-integration-validation/source/src/prefill/prefill.cpp:2036:34: warning: ignoring returned value of type ‘hipError_t’, declared with attribute ‘nodiscard’ [-Wunused-result]
 2036 |             cudaStreamSynchronize(m.pp->s);
In file included from /mnt/sda2/home/calvin/workspace/strata-validation/toolchains/rocm/lib/python3.10/site-packages/_rocm_sdk_core/include/hip/hip_runtime.h:65,
                 from /home/calvin/workspace/strata-integration-validation/source/include/strata/hip_compat/cuda_runtime.h:12,
                 from <command-line>:
/mnt/sda2/home/calvin/workspace/strata-validation/toolchains/rocm/lib/python3.10/site-packages/_rocm_sdk_core/include/hip/hip_runtime_api.h:2923:12: note: in call to ‘hipError_t hipStreamSynchronize(hipStream_t)’, declared here
 2923 | hipError_t hipStreamSynchronize(hipStream_t stream);
      |            ^~~~~~~~~~~~~~~~~~~~
In file included from /mnt/sda2/home/calvin/workspace/strata-validation/toolchains/rocm/lib/python3.10/site-packages/_rocm_sdk_core/include/hip/hip_runtime.h:65,
                 from /home/calvin/workspace/strata-integration-validation/source/include/strata/hip_compat/cuda_runtime.h:12,
                 from <command-line>:
/mnt/sda2/home/calvin/workspace/strata-validation/toolchains/rocm/lib/python3.10/site-packages/_rocm_sdk_core/include/hip/hip_runtime_api.h:419:3: note: ‘hipError_t’ declared here
  419 | } hipError_t;
      |   ^~~~~~~~~~
/home/calvin/workspace/strata-integration-validation/source/src/prefill/prefill.cpp: In member function ‘bool strata::prefill::Prefill::run_impl(const int64_t*, int64_t, int64_t, std::string&)’:
/home/calvin/workspace/strata-integration-validation/source/src/prefill/prefill.cpp:2180:24: warning: ignoring returned value of type ‘hipError_t’, declared with attribute ‘nodiscard’ [-Wunused-result]
 2180 |         cudaMemcpyAsync(m.steps_dev, m.steps_host.data(), (size_t) T * strata::kernels::kStepCount * 4,
In file included from /mnt/sda2/home/calvin/workspace/strata-validation/toolchains/rocm/lib/python3.10/site-packages/_rocm_sdk_core/include/hip/hip_runtime.h:65,
                 from /home/calvin/workspace/strata-integration-validation/source/include/strata/hip_compat/cuda_runtime.h:12,
                 from <command-line>:
/mnt/sda2/home/calvin/workspace/strata-validation/toolchains/rocm/lib/python3.10/site-packages/_rocm_sdk_core/include/hip/hip_runtime_api.h:5050:12: note: in call to ‘hipError_t hipMemcpyAsync(void*, const void*, size_t, hipMemcpyKind, hipStream_t)’, declared here
 5050 | hipError_t hipMemcpyAsync(void* dst, const void* src, size_t sizeBytes, hipMemcpyKind kind,
      |            ^~~~~~~~~~~~~~
In file included from /mnt/sda2/home/calvin/workspace/strata-validation/toolchains/rocm/lib/python3.10/site-packages/_rocm_sdk_core/include/hip/hip_runtime.h:65,
                 from /home/calvin/workspace/strata-integration-validation/source/include/strata/hip_compat/cuda_runtime.h:12,
                 from <command-line>:
/mnt/sda2/home/calvin/workspace/strata-validation/toolchains/rocm/lib/python3.10/site-packages/_rocm_sdk_core/include/hip/hip_runtime_api.h:419:3: note: ‘hipError_t’ declared here
  419 | } hipError_t;
      |   ^~~~~~~~~~
/home/calvin/workspace/strata-integration-validation/source/src/prefill/prefill.cpp: In lambda function:
/home/calvin/workspace/strata-integration-validation/source/src/prefill/prefill.cpp:2238:53: warning: ignoring returned value of type ‘hipError_t’, declared with attribute ‘nodiscard’ [-Wunused-result]
 2238 |                 if (P.plive[sl]) cudaStreamWaitEvent(P.s_cp, P.pused[sl], 0);
In file included from /mnt/sda2/home/calvin/workspace/strata-validation/toolchains/rocm/lib/python3.10/site-packages/_rocm_sdk_core/include/hip/hip_runtime.h:65,
                 from /home/calvin/workspace/strata-integration-validation/source/include/strata/hip_compat/cuda_runtime.h:12,
                 from <command-line>:
/mnt/sda2/home/calvin/workspace/strata-validation/toolchains/rocm/lib/python3.10/site-packages/_rocm_sdk_core/include/hip/hip_runtime_api.h:2950:12: note: in call to ‘hipError_t hipStreamWaitEvent(hipStream_t, hipEvent_t, unsigned int)’, declared here
 2950 | hipError_t hipStreamWaitEvent(hipStream_t stream, hipEvent_t event, unsigned int flags __dparm(0));
      |            ^~~~~~~~~~~~~~~~~~
In file included from /mnt/sda2/home/calvin/workspace/strata-validation/toolchains/rocm/lib/python3.10/site-packages/_rocm_sdk_core/include/hip/hip_runtime.h:65,
                 from /home/calvin/workspace/strata-integration-validation/source/include/strata/hip_compat/cuda_runtime.h:12,
                 from <command-line>:
/mnt/sda2/home/calvin/workspace/strata-validation/toolchains/rocm/lib/python3.10/site-packages/_rocm_sdk_core/include/hip/hip_runtime_api.h:419:3: note: ‘hipError_t’ declared here
  419 | } hipError_t;
      |   ^~~~~~~~~~
/home/calvin/workspace/strata-integration-validation/source/src/prefill/prefill.cpp:2239:32: warning: ignoring returned value of type ‘hipError_t’, declared with attribute ‘nodiscard’ [-Wunused-result]
 2239 |                 cudaMemcpyAsync(P.pstage[sl], en.blob, (size_t) strata::kernels::cpu::expert_layout().blob_bytes(en.l),
In file included from /mnt/sda2/home/calvin/workspace/strata-validation/toolchains/rocm/lib/python3.10/site-packages/_rocm_sdk_core/include/hip/hip_runtime.h:65,
                 from /home/calvin/workspace/strata-integration-validation/source/include/strata/hip_compat/cuda_runtime.h:12,
                 from <command-line>:
/mnt/sda2/home/calvin/workspace/strata-validation/toolchains/rocm/lib/python3.10/site-packages/_rocm_sdk_core/include/hip/hip_runtime_api.h:5050:12: note: in call to ‘hipError_t hipMemcpyAsync(void*, const void*, size_t, hipMemcpyKind, hipStream_t)’, declared here
 5050 | hipError_t hipMemcpyAsync(void* dst, const void* src, size_t sizeBytes, hipMemcpyKind kind,
      |            ^~~~~~~~~~~~~~
In file included from /mnt/sda2/home/calvin/workspace/strata-validation/toolchains/rocm/lib/python3.10/site-packages/_rocm_sdk_core/include/hip/hip_runtime.h:65,
                 from /home/calvin/workspace/strata-integration-validation/source/include/strata/hip_compat/cuda_runtime.h:12,
                 from <command-line>:
/mnt/sda2/home/calvin/workspace/strata-validation/toolchains/rocm/lib/python3.10/site-packages/_rocm_sdk_core/include/hip/hip_runtime_api.h:419:3: note: ‘hipError_t’ declared here
  419 | } hipError_t;
      |   ^~~~~~~~~~
/home/calvin/workspace/strata-integration-validation/source/src/prefill/prefill.cpp:2241:32: warning: ignoring returned value of type ‘hipError_t’, declared with attribute ‘nodiscard’ [-Wunused-result]
 2241 |                 cudaEventRecord(P.pcopied[sl], P.s_cp);
In file included from /mnt/sda2/home/calvin/workspace/strata-validation/toolchains/rocm/lib/python3.10/site-packages/_rocm_sdk_core/include/hip/hip_runtime.h:65,
                 from /home/calvin/workspace/strata-integration-validation/source/include/strata/hip_compat/cuda_runtime.h:12,
                 from <command-line>:
/mnt/sda2/home/calvin/workspace/strata-validation/toolchains/rocm/lib/python3.10/site-packages/_rocm_sdk_core/include/hip/hip_runtime_api.h:3436:12: note: in call to ‘hipError_t hipEventRecord(hipEvent_t, hipStream_t)’, declared here
 3436 | hipError_t hipEventRecord(hipEvent_t event, hipStream_t stream = NULL);
      |            ^~~~~~~~~~~~~~
In file included from /mnt/sda2/home/calvin/workspace/strata-validation/toolchains/rocm/lib/python3.10/site-packages/_rocm_sdk_core/include/hip/hip_runtime.h:65,
                 from /home/calvin/workspace/strata-integration-validation/source/include/strata/hip_compat/cuda_runtime.h:12,
                 from <command-line>:
/mnt/sda2/home/calvin/workspace/strata-validation/toolchains/rocm/lib/python3.10/site-packages/_rocm_sdk_core/include/hip/hip_runtime_api.h:419:3: note: ‘hipError_t’ declared here
  419 | } hipError_t;
      |   ^~~~~~~~~~
/home/calvin/workspace/strata-integration-validation/source/src/prefill/prefill.cpp: In lambda function:
/home/calvin/workspace/strata-integration-validation/source/src/prefill/prefill.cpp:2249:32: warning: ignoring returned value of type ‘hipError_t’, declared with attribute ‘nodiscard’ [-Wunused-result]
 2249 |                 cudaEventRecord(P.pused[P.pk % (size_t) P.RP], ps);
In file included from /mnt/sda2/home/calvin/workspace/strata-validation/toolchains/rocm/lib/python3.10/site-packages/_rocm_sdk_core/include/hip/hip_runtime.h:65,
                 from /home/calvin/workspace/strata-integration-validation/source/include/strata/hip_compat/cuda_runtime.h:12,
                 from <command-line>:
/mnt/sda2/home/calvin/workspace/strata-validation/toolchains/rocm/lib/python3.10/site-packages/_rocm_sdk_core/include/hip/hip_runtime_api.h:3436:12: note: in call to ‘hipError_t hipEventRecord(hipEvent_t, hipStream_t)’, declared here
 3436 | hipError_t hipEventRecord(hipEvent_t event, hipStream_t stream = NULL);
      |            ^~~~~~~~~~~~~~
In file included from /mnt/sda2/home/calvin/workspace/strata-validation/toolchains/rocm/lib/python3.10/site-packages/_rocm_sdk_core/include/hip/hip_runtime.h:65,
                 from /home/calvin/workspace/strata-integration-validation/source/include/strata/hip_compat/cuda_runtime.h:12,
                 from <command-line>:
/mnt/sda2/home/calvin/workspace/strata-validation/toolchains/rocm/lib/python3.10/site-packages/_rocm_sdk_core/include/hip/hip_runtime_api.h:419:3: note: ‘hipError_t’ declared here
  419 | } hipError_t;
      |   ^~~~~~~~~~
/home/calvin/workspace/strata-integration-validation/source/src/prefill/prefill.cpp: In lambda function:
/home/calvin/workspace/strata-integration-validation/source/src/prefill/prefill.cpp:2316:58: warning: ignoring returned value of type ‘hipError_t’, declared with attribute ‘nodiscard’ [-Wunused-result]
 2316 |                 if (m.stage_live[sl]) cudaStreamWaitEvent(m.copy, m.used[m.used_of[sl]], 0);
In file included from /mnt/sda2/home/calvin/workspace/strata-validation/toolchains/rocm/lib/python3.10/site-packages/_rocm_sdk_core/include/hip/hip_runtime.h:65,
                 from /home/calvin/workspace/strata-integration-validation/source/include/strata/hip_compat/cuda_runtime.h:12,
                 from <command-line>:
/mnt/sda2/home/calvin/workspace/strata-validation/toolchains/rocm/lib/python3.10/site-packages/_rocm_sdk_core/include/hip/hip_runtime_api.h:2950:12: note: in call to ‘hipError_t hipStreamWaitEvent(hipStream_t, hipEvent_t, unsigned int)’, declared here
 2950 | hipError_t hipStreamWaitEvent(hipStream_t stream, hipEvent_t event, unsigned int flags __dparm(0));
      |            ^~~~~~~~~~~~~~~~~~
In file included from /mnt/sda2/home/calvin/workspace/strata-validation/toolchains/rocm/lib/python3.10/site-packages/_rocm_sdk_core/include/hip/hip_runtime.h:65,
                 from /home/calvin/workspace/strata-integration-validation/source/include/strata/hip_compat/cuda_runtime.h:12,
                 from <command-line>:
/mnt/sda2/home/calvin/workspace/strata-validation/toolchains/rocm/lib/python3.10/site-packages/_rocm_sdk_core/include/hip/hip_runtime_api.h:419:3: note: ‘hipError_t’ declared here
  419 | } hipError_t;
      |   ^~~~~~~~~~
/home/calvin/workspace/strata-integration-validation/source/src/prefill/prefill.cpp:2318:36: warning: ignoring returned value of type ‘hipError_t’, declared with attribute ‘nodiscard’ [-Wunused-result]
 2318 |                     cudaMemcpyAsync(m.stage_dev[sl], en.blob, bytes, cudaMemcpyHostToDevice, m.copy);
In file included from /mnt/sda2/home/calvin/workspace/strata-validation/toolchains/rocm/lib/python3.10/site-packages/_rocm_sdk_core/include/hip/hip_runtime.h:65,
                 from /home/calvin/workspace/strata-integration-validation/source/include/strata/hip_compat/cuda_runtime.h:12,
                 from <command-line>:
/mnt/sda2/home/calvin/workspace/strata-validation/toolchains/rocm/lib/python3.10/site-packages/_rocm_sdk_core/include/hip/hip_runtime_api.h:5050:12: note: in call to ‘hipError_t hipMemcpyAsync(void*, const void*, size_t, hipMemcpyKind, hipStream_t)’, declared here
 5050 | hipError_t hipMemcpyAsync(void* dst, const void* src, size_t sizeBytes, hipMemcpyKind kind,
      |            ^~~~~~~~~~~~~~
In file included from /mnt/sda2/home/calvin/workspace/strata-validation/toolchains/rocm/lib/python3.10/site-packages/_rocm_sdk_core/include/hip/hip_runtime.h:65,
                 from /home/calvin/workspace/strata-integration-validation/source/include/strata/hip_compat/cuda_runtime.h:12,
                 from <command-line>:
/mnt/sda2/home/calvin/workspace/strata-validation/toolchains/rocm/lib/python3.10/site-packages/_rocm_sdk_core/include/hip/hip_runtime_api.h:419:3: note: ‘hipError_t’ declared here
  419 | } hipError_t;
      |   ^~~~~~~~~~
/home/calvin/workspace/strata-integration-validation/source/src/prefill/prefill.cpp:2322:36: warning: ignoring returned value of type ‘hipError_t’, declared with attribute ‘nodiscard’ [-Wunused-result]
 2322 |                     cudaMemcpyAsync(m.stage_dev[sl], hb, bytes, cudaMemcpyHostToDevice, m.copy);
In file included from /mnt/sda2/home/calvin/workspace/strata-validation/toolchains/rocm/lib/python3.10/site-packages/_rocm_sdk_core/include/hip/hip_runtime.h:65,
                 from /home/calvin/workspace/strata-integration-validation/source/include/strata/hip_compat/cuda_runtime.h:12,
                 from <command-line>:
/mnt/sda2/home/calvin/workspace/strata-validation/toolchains/rocm/lib/python3.10/site-packages/_rocm_sdk_core/include/hip/hip_runtime_api.h:5050:12: note: in call to ‘hipError_t hipMemcpyAsync(void*, const void*, size_t, hipMemcpyKind, hipStream_t)’, declared here
 5050 | hipError_t hipMemcpyAsync(void* dst, const void* src, size_t sizeBytes, hipMemcpyKind kind,
      |            ^~~~~~~~~~~~~~
In file included from /mnt/sda2/home/calvin/workspace/strata-validation/toolchains/rocm/lib/python3.10/site-packages/_rocm_sdk_core/include/hip/hip_runtime.h:65,
                 from /home/calvin/workspace/strata-integration-validation/source/include/strata/hip_compat/cuda_runtime.h:12,
                 from <command-line>:
/mnt/sda2/home/calvin/workspace/strata-validation/toolchains/rocm/lib/python3.10/site-packages/_rocm_sdk_core/include/hip/hip_runtime_api.h:419:3: note: ‘hipError_t’ declared here
  419 | } hipError_t;
      |   ^~~~~~~~~~
/home/calvin/workspace/strata-integration-validation/source/src/prefill/prefill.cpp:2325:32: warning: ignoring returned value of type ‘hipError_t’, declared with attribute ‘nodiscard’ [-Wunused-result]
 2325 |                 cudaEventRecord(m.copied[sl], m.copy);
In file included from /mnt/sda2/home/calvin/workspace/strata-validation/toolchains/rocm/lib/python3.10/site-packages/_rocm_sdk_core/include/hip/hip_runtime.h:65,
                 from /home/calvin/workspace/strata-integration-validation/source/include/strata/hip_compat/cuda_runtime.h:12,
                 from <command-line>:
/mnt/sda2/home/calvin/workspace/strata-validation/toolchains/rocm/lib/python3.10/site-packages/_rocm_sdk_core/include/hip/hip_runtime_api.h:3436:12: note: in call to ‘hipError_t hipEventRecord(hipEvent_t, hipStream_t)’, declared here
 3436 | hipError_t hipEventRecord(hipEvent_t event, hipStream_t stream = NULL);
      |            ^~~~~~~~~~~~~~
In file included from /mnt/sda2/home/calvin/workspace/strata-validation/toolchains/rocm/lib/python3.10/site-packages/_rocm_sdk_core/include/hip/hip_runtime.h:65,
                 from /home/calvin/workspace/strata-integration-validation/source/include/strata/hip_compat/cuda_runtime.h:12,
                 from <command-line>:
/mnt/sda2/home/calvin/workspace/strata-validation/toolchains/rocm/lib/python3.10/site-packages/_rocm_sdk_core/include/hip/hip_runtime_api.h:419:3: note: ‘hipError_t’ declared here
  419 | } hipError_t;
      |   ^~~~~~~~~~
/home/calvin/workspace/strata-integration-validation/source/src/prefill/prefill.cpp: In lambda function:
/home/calvin/workspace/strata-integration-validation/source/src/prefill/prefill.cpp:2363:62: warning: ignoring returned value of type ‘hipError_t’, declared with attribute ‘nodiscard’ [-Wunused-result]
 2363 |                     if (m.stage_live[sl]) cudaStreamWaitEvent(m.copy, m.used[m.used_of[sl]], 0);
In file included from /mnt/sda2/home/calvin/workspace/strata-validation/toolchains/rocm/lib/python3.10/site-packages/_rocm_sdk_core/include/hip/hip_runtime.h:65,
                 from /home/calvin/workspace/strata-integration-validation/source/include/strata/hip_compat/cuda_runtime.h:12,
                 from <command-line>:
/mnt/sda2/home/calvin/workspace/strata-validation/toolchains/rocm/lib/python3.10/site-packages/_rocm_sdk_core/include/hip/hip_runtime_api.h:2950:12: note: in call to ‘hipError_t hipStreamWaitEvent(hipStream_t, hipEvent_t, unsigned int)’, declared here
 2950 | hipError_t hipStreamWaitEvent(hipStream_t stream, hipEvent_t event, unsigned int flags __dparm(0));
      |            ^~~~~~~~~~~~~~~~~~
In file included from /mnt/sda2/home/calvin/workspace/strata-validation/toolchains/rocm/lib/python3.10/site-packages/_rocm_sdk_core/include/hip/hip_runtime.h:65,
                 from /home/calvin/workspace/strata-integration-validation/source/include/strata/hip_compat/cuda_runtime.h:12,
                 from <command-line>:
/mnt/sda2/home/calvin/workspace/strata-validation/toolchains/rocm/lib/python3.10/site-packages/_rocm_sdk_core/include/hip/hip_runtime_api.h:419:3: note: ‘hipError_t’ declared here
  419 | } hipError_t;
      |   ^~~~~~~~~~
/home/calvin/workspace/strata-integration-validation/source/src/prefill/prefill.cpp:2365:40: warning: ignoring returned value of type ‘hipError_t’, declared with attribute ‘nodiscard’ [-Wunused-result]
 2365 |                         cudaMemcpyAsync(m.stage_dev[sl], en.blob, bytes, cudaMemcpyHostToDevice, m.copy);
In file included from /mnt/sda2/home/calvin/workspace/strata-validation/toolchains/rocm/lib/python3.10/site-packages/_rocm_sdk_core/include/hip/hip_runtime.h:65,
                 from /home/calvin/workspace/strata-integration-validation/source/include/strata/hip_compat/cuda_runtime.h:12,
                 from <command-line>:
/mnt/sda2/home/calvin/workspace/strata-validation/toolchains/rocm/lib/python3.10/site-packages/_rocm_sdk_core/include/hip/hip_runtime_api.h:5050:12: note: in call to ‘hipError_t hipMemcpyAsync(void*, const void*, size_t, hipMemcpyKind, hipStream_t)’, declared here
 5050 | hipError_t hipMemcpyAsync(void* dst, const void* src, size_t sizeBytes, hipMemcpyKind kind,
      |            ^~~~~~~~~~~~~~
In file included from /mnt/sda2/home/calvin/workspace/strata-validation/toolchains/rocm/lib/python3.10/site-packages/_rocm_sdk_core/include/hip/hip_runtime.h:65,
                 from /home/calvin/workspace/strata-integration-validation/source/include/strata/hip_compat/cuda_runtime.h:12,
                 from <command-line>:
/mnt/sda2/home/calvin/workspace/strata-validation/toolchains/rocm/lib/python3.10/site-packages/_rocm_sdk_core/include/hip/hip_runtime_api.h:419:3: note: ‘hipError_t’ declared here
  419 | } hipError_t;
      |   ^~~~~~~~~~
/home/calvin/workspace/strata-integration-validation/source/src/prefill/prefill.cpp:2369:40: warning: ignoring returned value of type ‘hipError_t’, declared with attribute ‘nodiscard’ [-Wunused-result]
 2369 |                         cudaMemcpyAsync(m.stage_dev[sl], hb, bytes, cudaMemcpyHostToDevice, m.copy);
In file included from /mnt/sda2/home/calvin/workspace/strata-validation/toolchains/rocm/lib/python3.10/site-packages/_rocm_sdk_core/include/hip/hip_runtime.h:65,
                 from /home/calvin/workspace/strata-integration-validation/source/include/strata/hip_compat/cuda_runtime.h:12,
                 from <command-line>:
/mnt/sda2/home/calvin/workspace/strata-validation/toolchains/rocm/lib/python3.10/site-packages/_rocm_sdk_core/include/hip/hip_runtime_api.h:5050:12: note: in call to ‘hipError_t hipMemcpyAsync(void*, const void*, size_t, hipMemcpyKind, hipStream_t)’, declared here
 5050 | hipError_t hipMemcpyAsync(void* dst, const void* src, size_t sizeBytes, hipMemcpyKind kind,
      |            ^~~~~~~~~~~~~~
In file included from /mnt/sda2/home/calvin/workspace/strata-validation/toolchains/rocm/lib/python3.10/site-packages/_rocm_sdk_core/include/hip/hip_runtime.h:65,
                 from /home/calvin/workspace/strata-integration-validation/source/include/strata/hip_compat/cuda_runtime.h:12,
                 from <command-line>:
/mnt/sda2/home/calvin/workspace/strata-validation/toolchains/rocm/lib/python3.10/site-packages/_rocm_sdk_core/include/hip/hip_runtime_api.h:419:3: note: ‘hipError_t’ declared here
  419 | } hipError_t;
      |   ^~~~~~~~~~
/home/calvin/workspace/strata-integration-validation/source/src/prefill/prefill.cpp:2372:36: warning: ignoring returned value of type ‘hipError_t’, declared with attribute ‘nodiscard’ [-Wunused-result]
 2372 |                     cudaEventRecord(m.copied[sl], m.copy);
In file included from /mnt/sda2/home/calvin/workspace/strata-validation/toolchains/rocm/lib/python3.10/site-packages/_rocm_sdk_core/include/hip/hip_runtime.h:65,
                 from /home/calvin/workspace/strata-integration-validation/source/include/strata/hip_compat/cuda_runtime.h:12,
                 from <command-line>:
/mnt/sda2/home/calvin/workspace/strata-validation/toolchains/rocm/lib/python3.10/site-packages/_rocm_sdk_core/include/hip/hip_runtime_api.h:3436:12: note: in call to ‘hipError_t hipEventRecord(hipEvent_t, hipStream_t)’, declared here
 3436 | hipError_t hipEventRecord(hipEvent_t event, hipStream_t stream = NULL);
      |            ^~~~~~~~~~~~~~
In file included from /mnt/sda2/home/calvin/workspace/strata-validation/toolchains/rocm/lib/python3.10/site-packages/_rocm_sdk_core/include/hip/hip_runtime.h:65,
                 from /home/calvin/workspace/strata-integration-validation/source/include/strata/hip_compat/cuda_runtime.h:12,
                 from <command-line>:
/mnt/sda2/home/calvin/workspace/strata-validation/toolchains/rocm/lib/python3.10/site-packages/_rocm_sdk_core/include/hip/hip_runtime_api.h:419:3: note: ‘hipError_t’ declared here
  419 | } hipError_t;
      |   ^~~~~~~~~~
/home/calvin/workspace/strata-integration-validation/source/src/prefill/prefill.cpp: In member function ‘bool strata::prefill::Prefill::run_impl(const int64_t*, int64_t, int64_t, std::string&)’:
/home/calvin/workspace/strata-integration-validation/source/src/prefill/prefill.cpp:2393:26: warning: ignoring returned value of type ‘hipError_t’, declared with attribute ‘nodiscard’ [-Wunused-result]
 2393 |             cudaGetDevice(&pd);
In file included from /mnt/sda2/home/calvin/workspace/strata-validation/toolchains/rocm/lib/python3.10/site-packages/_rocm_sdk_core/include/hip/hip_runtime.h:65,
                 from /home/calvin/workspace/strata-integration-validation/source/include/strata/hip_compat/cuda_runtime.h:12,
                 from <command-line>:
/mnt/sda2/home/calvin/workspace/strata-validation/toolchains/rocm/lib/python3.10/site-packages/_rocm_sdk_core/include/hip/hip_runtime_api.h:2260:12: note: in call to ‘hipError_t hipGetDevice(int*)’, declared here
 2260 | hipError_t hipGetDevice(int* deviceId);
      |            ^~~~~~~~~~~~
In file included from /mnt/sda2/home/calvin/workspace/strata-validation/toolchains/rocm/lib/python3.10/site-packages/_rocm_sdk_core/include/hip/hip_runtime.h:65,
                 from /home/calvin/workspace/strata-integration-validation/source/include/strata/hip_compat/cuda_runtime.h:12,
                 from <command-line>:
/mnt/sda2/home/calvin/workspace/strata-validation/toolchains/rocm/lib/python3.10/site-packages/_rocm_sdk_core/include/hip/hip_runtime_api.h:419:3: note: ‘hipError_t’ declared here
  419 | } hipError_t;
      |   ^~~~~~~~~~
/home/calvin/workspace/strata-integration-validation/source/src/prefill/prefill.cpp:2394:26: warning: ignoring returned value of type ‘hipError_t’, declared with attribute ‘nodiscard’ [-Wunused-result]
 2394 |             cudaSetDevice(m.pp->dev);
In file included from /mnt/sda2/home/calvin/workspace/strata-validation/toolchains/rocm/lib/python3.10/site-packages/_rocm_sdk_core/include/hip/hip_runtime.h:65,
                 from /home/calvin/workspace/strata-integration-validation/source/include/strata/hip_compat/cuda_runtime.h:12,
                 from <command-line>:
/mnt/sda2/home/calvin/workspace/strata-validation/toolchains/rocm/lib/python3.10/site-packages/_rocm_sdk_core/include/hip/hip_runtime_api.h:2233:12: note: in call to ‘hipError_t hipSetDevice(int)’, declared here
 2233 | hipError_t hipSetDevice(int deviceId);
      |            ^~~~~~~~~~~~
In file included from /mnt/sda2/home/calvin/workspace/strata-validation/toolchains/rocm/lib/python3.10/site-packages/_rocm_sdk_core/include/hip/hip_runtime.h:65,
                 from /home/calvin/workspace/strata-integration-validation/source/include/strata/hip_compat/cuda_runtime.h:12,
                 from <command-line>:
/mnt/sda2/home/calvin/workspace/strata-validation/toolchains/rocm/lib/python3.10/site-packages/_rocm_sdk_core/include/hip/hip_runtime_api.h:419:3: note: ‘hipError_t’ declared here
  419 | } hipError_t;
      |   ^~~~~~~~~~
/home/calvin/workspace/strata-integration-validation/source/src/prefill/prefill.cpp:2396:26: warning: ignoring returned value of type ‘hipError_t’, declared with attribute ‘nodiscard’ [-Wunused-result]
 2396 |             cudaSetDevice(pd);
In file included from /mnt/sda2/home/calvin/workspace/strata-validation/toolchains/rocm/lib/python3.10/site-packages/_rocm_sdk_core/include/hip/hip_runtime.h:65,
                 from /home/calvin/workspace/strata-integration-validation/source/include/strata/hip_compat/cuda_runtime.h:12,
                 from <command-line>:
/mnt/sda2/home/calvin/workspace/strata-validation/toolchains/rocm/lib/python3.10/site-packages/_rocm_sdk_core/include/hip/hip_runtime_api.h:2233:12: note: in call to ‘hipError_t hipSetDevice(int)’, declared here
 2233 | hipError_t hipSetDevice(int deviceId);
      |            ^~~~~~~~~~~~
In file included from /mnt/sda2/home/calvin/workspace/strata-validation/toolchains/rocm/lib/python3.10/site-packages/_rocm_sdk_core/include/hip/hip_runtime.h:65,
                 from /home/calvin/workspace/strata-integration-validation/source/include/strata/hip_compat/cuda_runtime.h:12,
                 from <command-line>:
/mnt/sda2/home/calvin/workspace/strata-validation/toolchains/rocm/lib/python3.10/site-packages/_rocm_sdk_core/include/hip/hip_runtime_api.h:419:3: note: ‘hipError_t’ declared here
  419 | } hipError_t;
      |   ^~~~~~~~~~
/home/calvin/workspace/strata-integration-validation/source/src/prefill/prefill.cpp:2516:40: warning: ignoring returned value of type ‘hipError_t’, declared with attribute ‘nodiscard’ [-Wunused-result]
 2516 |                         cudaMemcpyAsync(ref.data(), m.mixed, ref.size() * 4, cudaMemcpyDeviceToHost, m.cs);
In file included from /mnt/sda2/home/calvin/workspace/strata-validation/toolchains/rocm/lib/python3.10/site-packages/_rocm_sdk_core/include/hip/hip_runtime.h:65,
                 from /home/calvin/workspace/strata-integration-validation/source/include/strata/hip_compat/cuda_runtime.h:12,
                 from <command-line>:
/mnt/sda2/home/calvin/workspace/strata-validation/toolchains/rocm/lib/python3.10/site-packages/_rocm_sdk_core/include/hip/hip_runtime_api.h:5050:12: note: in call to ‘hipError_t hipMemcpyAsync(void*, const void*, size_t, hipMemcpyKind, hipStream_t)’, declared here
 5050 | hipError_t hipMemcpyAsync(void* dst, const void* src, size_t sizeBytes, hipMemcpyKind kind,
      |            ^~~~~~~~~~~~~~
In file included from /mnt/sda2/home/calvin/workspace/strata-validation/toolchains/rocm/lib/python3.10/site-packages/_rocm_sdk_core/include/hip/hip_runtime.h:65,
                 from /home/calvin/workspace/strata-integration-validation/source/include/strata/hip_compat/cuda_runtime.h:12,
                 from <command-line>:
/mnt/sda2/home/calvin/workspace/strata-validation/toolchains/rocm/lib/python3.10/site-packages/_rocm_sdk_core/include/hip/hip_runtime_api.h:419:3: note: ‘hipError_t’ declared here
  419 | } hipError_t;
      |   ^~~~~~~~~~
/home/calvin/workspace/strata-integration-validation/source/src/prefill/prefill.cpp:2519:40: warning: ignoring returned value of type ‘hipError_t’, declared with attribute ‘nodiscard’ [-Wunused-result]
 2519 |                         cudaMemcpyAsync(got.data(), m.mixed, got.size() * 4, cudaMemcpyDeviceToHost, m.cs);
In file included from /mnt/sda2/home/calvin/workspace/strata-validation/toolchains/rocm/lib/python3.10/site-packages/_rocm_sdk_core/include/hip/hip_runtime.h:65,
                 from /home/calvin/workspace/strata-integration-validation/source/include/strata/hip_compat/cuda_runtime.h:12,
                 from <command-line>:
/mnt/sda2/home/calvin/workspace/strata-validation/toolchains/rocm/lib/python3.10/site-packages/_rocm_sdk_core/include/hip/hip_runtime_api.h:5050:12: note: in call to ‘hipError_t hipMemcpyAsync(void*, const void*, size_t, hipMemcpyKind, hipStream_t)’, declared here
 5050 | hipError_t hipMemcpyAsync(void* dst, const void* src, size_t sizeBytes, hipMemcpyKind kind,
      |            ^~~~~~~~~~~~~~
In file included from /mnt/sda2/home/calvin/workspace/strata-validation/toolchains/rocm/lib/python3.10/site-packages/_rocm_sdk_core/include/hip/hip_runtime.h:65,
                 from /home/calvin/workspace/strata-integration-validation/source/include/strata/hip_compat/cuda_runtime.h:12,
                 from <command-line>:
/mnt/sda2/home/calvin/workspace/strata-validation/toolchains/rocm/lib/python3.10/site-packages/_rocm_sdk_core/include/hip/hip_runtime_api.h:419:3: note: ‘hipError_t’ declared here
  419 | } hipError_t;
      |   ^~~~~~~~~~
/home/calvin/workspace/strata-integration-validation/source/src/prefill/prefill.cpp:2520:46: warning: ignoring returned value of type ‘hipError_t’, declared with attribute ‘nodiscard’ [-Wunused-result]
 2520 |                         cudaStreamSynchronize(m.cs);
In file included from /mnt/sda2/home/calvin/workspace/strata-validation/toolchains/rocm/lib/python3.10/site-packages/_rocm_sdk_core/include/hip/hip_runtime.h:65,
                 from /home/calvin/workspace/strata-integration-validation/source/include/strata/hip_compat/cuda_runtime.h:12,
                 from <command-line>:
/mnt/sda2/home/calvin/workspace/strata-validation/toolchains/rocm/lib/python3.10/site-packages/_rocm_sdk_core/include/hip/hip_runtime_api.h:2923:12: note: in call to ‘hipError_t hipStreamSynchronize(hipStream_t)’, declared here
 2923 | hipError_t hipStreamSynchronize(hipStream_t stream);
      |            ^~~~~~~~~~~~~~~~~~~~
In file included from /mnt/sda2/home/calvin/workspace/strata-validation/toolchains/rocm/lib/python3.10/site-packages/_rocm_sdk_core/include/hip/hip_runtime.h:65,
                 from /home/calvin/workspace/strata-integration-validation/source/include/strata/hip_compat/cuda_runtime.h:12,
                 from <command-line>:
/mnt/sda2/home/calvin/workspace/strata-validation/toolchains/rocm/lib/python3.10/site-packages/_rocm_sdk_core/include/hip/hip_runtime_api.h:419:3: note: ‘hipError_t’ declared here
  419 | } hipError_t;
      |   ^~~~~~~~~~
/home/calvin/workspace/strata-integration-validation/source/src/prefill/prefill.cpp:2696:40: warning: ignoring returned value of type ‘hipError_t’, declared with attribute ‘nodiscard’ [-Wunused-result]
 2696 |                         cudaMemcpyAsync(ids.data(), m.sel_ids, ids.size() * 4, cudaMemcpyDeviceToHost, m.cs);
In file included from /mnt/sda2/home/calvin/workspace/strata-validation/toolchains/rocm/lib/python3.10/site-packages/_rocm_sdk_core/include/hip/hip_runtime.h:65,
                 from /home/calvin/workspace/strata-integration-validation/source/include/strata/hip_compat/cuda_runtime.h:12,
                 from <command-line>:
/mnt/sda2/home/calvin/workspace/strata-validation/toolchains/rocm/lib/python3.10/site-packages/_rocm_sdk_core/include/hip/hip_runtime_api.h:5050:12: note: in call to ‘hipError_t hipMemcpyAsync(void*, const void*, size_t, hipMemcpyKind, hipStream_t)’, declared here
 5050 | hipError_t hipMemcpyAsync(void* dst, const void* src, size_t sizeBytes, hipMemcpyKind kind,
      |            ^~~~~~~~~~~~~~
In file included from /mnt/sda2/home/calvin/workspace/strata-validation/toolchains/rocm/lib/python3.10/site-packages/_rocm_sdk_core/include/hip/hip_runtime.h:65,
                 from /home/calvin/workspace/strata-integration-validation/source/include/strata/hip_compat/cuda_runtime.h:12,
                 from <command-line>:
/mnt/sda2/home/calvin/workspace/strata-validation/toolchains/rocm/lib/python3.10/site-packages/_rocm_sdk_core/include/hip/hip_runtime_api.h:419:3: note: ‘hipError_t’ declared here
  419 | } hipError_t;
      |   ^~~~~~~~~~
/home/calvin/workspace/strata-integration-validation/source/src/prefill/prefill.cpp:2697:46: warning: ignoring returned value of type ‘hipError_t’, declared with attribute ‘nodiscard’ [-Wunused-result]
 2697 |                         cudaStreamSynchronize(m.cs);
In file included from /mnt/sda2/home/calvin/workspace/strata-validation/toolchains/rocm/lib/python3.10/site-packages/_rocm_sdk_core/include/hip/hip_runtime.h:65,
                 from /home/calvin/workspace/strata-integration-validation/source/include/strata/hip_compat/cuda_runtime.h:12,
                 from <command-line>:
/mnt/sda2/home/calvin/workspace/strata-validation/toolchains/rocm/lib/python3.10/site-packages/_rocm_sdk_core/include/hip/hip_runtime_api.h:2923:12: note: in call to ‘hipError_t hipStreamSynchronize(hipStream_t)’, declared here
 2923 | hipError_t hipStreamSynchronize(hipStream_t stream);
      |            ^~~~~~~~~~~~~~~~~~~~
In file included from /mnt/sda2/home/calvin/workspace/strata-validation/toolchains/rocm/lib/python3.10/site-packages/_rocm_sdk_core/include/hip/hip_runtime.h:65,
                 from /home/calvin/workspace/strata-integration-validation/source/include/strata/hip_compat/cuda_runtime.h:12,
                 from <command-line>:
/mnt/sda2/home/calvin/workspace/strata-validation/toolchains/rocm/lib/python3.10/site-packages/_rocm_sdk_core/include/hip/hip_runtime_api.h:419:3: note: ‘hipError_t’ declared here
  419 | } hipError_t;
      |   ^~~~~~~~~~
/home/calvin/workspace/strata-integration-validation/source/src/prefill/prefill.cpp:2740:40: warning: ignoring returned value of type ‘hipError_t’, declared with attribute ‘nodiscard’ [-Wunused-result]
 2740 |                         cudaMemcpyAsync(a.data(), m.sel_ids, a.size() * 4, cudaMemcpyDeviceToHost, m.cs);
In file included from /mnt/sda2/home/calvin/workspace/strata-validation/toolchains/rocm/lib/python3.10/site-packages/_rocm_sdk_core/include/hip/hip_runtime.h:65,
                 from /home/calvin/workspace/strata-integration-validation/source/include/strata/hip_compat/cuda_runtime.h:12,
                 from <command-line>:
/mnt/sda2/home/calvin/workspace/strata-validation/toolchains/rocm/lib/python3.10/site-packages/_rocm_sdk_core/include/hip/hip_runtime_api.h:5050:12: note: in call to ‘hipError_t hipMemcpyAsync(void*, const void*, size_t, hipMemcpyKind, hipStream_t)’, declared here
 5050 | hipError_t hipMemcpyAsync(void* dst, const void* src, size_t sizeBytes, hipMemcpyKind kind,
      |            ^~~~~~~~~~~~~~
In file included from /mnt/sda2/home/calvin/workspace/strata-validation/toolchains/rocm/lib/python3.10/site-packages/_rocm_sdk_core/include/hip/hip_runtime.h:65,
                 from /home/calvin/workspace/strata-integration-validation/source/include/strata/hip_compat/cuda_runtime.h:12,
                 from <command-line>:
/mnt/sda2/home/calvin/workspace/strata-validation/toolchains/rocm/lib/python3.10/site-packages/_rocm_sdk_core/include/hip/hip_runtime_api.h:419:3: note: ‘hipError_t’ declared here
  419 | } hipError_t;
      |   ^~~~~~~~~~
/home/calvin/workspace/strata-integration-validation/source/src/prefill/prefill.cpp:2741:40: warning: ignoring returned value of type ‘hipError_t’, declared with attribute ‘nodiscard’ [-Wunused-result]
 2741 |                         cudaMemcpyAsync(b.data(), ids16, b.size() * 4, cudaMemcpyDeviceToHost, m.cs);
In file included from /mnt/sda2/home/calvin/workspace/strata-validation/toolchains/rocm/lib/python3.10/site-packages/_rocm_sdk_core/include/hip/hip_runtime.h:65,
                 from /home/calvin/workspace/strata-integration-validation/source/include/strata/hip_compat/cuda_runtime.h:12,
                 from <command-line>:
/mnt/sda2/home/calvin/workspace/strata-validation/toolchains/rocm/lib/python3.10/site-packages/_rocm_sdk_core/include/hip/hip_runtime_api.h:5050:12: note: in call to ‘hipError_t hipMemcpyAsync(void*, const void*, size_t, hipMemcpyKind, hipStream_t)’, declared here
 5050 | hipError_t hipMemcpyAsync(void* dst, const void* src, size_t sizeBytes, hipMemcpyKind kind,
      |            ^~~~~~~~~~~~~~
In file included from /mnt/sda2/home/calvin/workspace/strata-validation/toolchains/rocm/lib/python3.10/site-packages/_rocm_sdk_core/include/hip/hip_runtime.h:65,
                 from /home/calvin/workspace/strata-integration-validation/source/include/strata/hip_compat/cuda_runtime.h:12,
                 from <command-line>:
/mnt/sda2/home/calvin/workspace/strata-validation/toolchains/rocm/lib/python3.10/site-packages/_rocm_sdk_core/include/hip/hip_runtime_api.h:419:3: note: ‘hipError_t’ declared here
  419 | } hipError_t;
      |   ^~~~~~~~~~
/home/calvin/workspace/strata-integration-validation/source/src/prefill/prefill.cpp:2742:46: warning: ignoring returned value of type ‘hipError_t’, declared with attribute ‘nodiscard’ [-Wunused-result]
 2742 |                         cudaStreamSynchronize(m.cs);
In file included from /mnt/sda2/home/calvin/workspace/strata-validation/toolchains/rocm/lib/python3.10/site-packages/_rocm_sdk_core/include/hip/hip_runtime.h:65,
                 from /home/calvin/workspace/strata-integration-validation/source/include/strata/hip_compat/cuda_runtime.h:12,
                 from <command-line>:
/mnt/sda2/home/calvin/workspace/strata-validation/toolchains/rocm/lib/python3.10/site-packages/_rocm_sdk_core/include/hip/hip_runtime_api.h:2923:12: note: in call to ‘hipError_t hipStreamSynchronize(hipStream_t)’, declared here
 2923 | hipError_t hipStreamSynchronize(hipStream_t stream);
      |            ^~~~~~~~~~~~~~~~~~~~
In file included from /mnt/sda2/home/calvin/workspace/strata-validation/toolchains/rocm/lib/python3.10/site-packages/_rocm_sdk_core/include/hip/hip_runtime.h:65,
                 from /home/calvin/workspace/strata-integration-validation/source/include/strata/hip_compat/cuda_runtime.h:12,
                 from <command-line>:
/mnt/sda2/home/calvin/workspace/strata-validation/toolchains/rocm/lib/python3.10/site-packages/_rocm_sdk_core/include/hip/hip_runtime_api.h:419:3: note: ‘hipError_t’ declared here
  419 | } hipError_t;
      |   ^~~~~~~~~~
/home/calvin/workspace/strata-integration-validation/source/src/prefill/prefill.cpp:2767:44: warning: ignoring returned value of type ‘hipError_t’, declared with attribute ‘nodiscard’ [-Wunused-result]
 2767 |                             cudaMemcpyAsync(h.data(), m.sel_ids, h.size() * 4, cudaMemcpyDeviceToHost, m.cs);
In file included from /mnt/sda2/home/calvin/workspace/strata-validation/toolchains/rocm/lib/python3.10/site-packages/_rocm_sdk_core/include/hip/hip_runtime.h:65,
                 from /home/calvin/workspace/strata-integration-validation/source/include/strata/hip_compat/cuda_runtime.h:12,
                 from <command-line>:
/mnt/sda2/home/calvin/workspace/strata-validation/toolchains/rocm/lib/python3.10/site-packages/_rocm_sdk_core/include/hip/hip_runtime_api.h:5050:12: note: in call to ‘hipError_t hipMemcpyAsync(void*, const void*, size_t, hipMemcpyKind, hipStream_t)’, declared here
 5050 | hipError_t hipMemcpyAsync(void* dst, const void* src, size_t sizeBytes, hipMemcpyKind kind,
      |            ^~~~~~~~~~~~~~
In file included from /mnt/sda2/home/calvin/workspace/strata-validation/toolchains/rocm/lib/python3.10/site-packages/_rocm_sdk_core/include/hip/hip_runtime.h:65,
                 from /home/calvin/workspace/strata-integration-validation/source/include/strata/hip_compat/cuda_runtime.h:12,
                 from <command-line>:
/mnt/sda2/home/calvin/workspace/strata-validation/toolchains/rocm/lib/python3.10/site-packages/_rocm_sdk_core/include/hip/hip_runtime_api.h:419:3: note: ‘hipError_t’ declared here
  419 | } hipError_t;
      |   ^~~~~~~~~~
/home/calvin/workspace/strata-integration-validation/source/src/prefill/prefill.cpp:2768:50: warning: ignoring returned value of type ‘hipError_t’, declared with attribute ‘nodiscard’ [-Wunused-result]
 2768 |                             cudaStreamSynchronize(m.cs);
In file included from /mnt/sda2/home/calvin/workspace/strata-validation/toolchains/rocm/lib/python3.10/site-packages/_rocm_sdk_core/include/hip/hip_runtime.h:65,
                 from /home/calvin/workspace/strata-integration-validation/source/include/strata/hip_compat/cuda_runtime.h:12,
                 from <command-line>:
/mnt/sda2/home/calvin/workspace/strata-validation/toolchains/rocm/lib/python3.10/site-packages/_rocm_sdk_core/include/hip/hip_runtime_api.h:2923:12: note: in call to ‘hipError_t hipStreamSynchronize(hipStream_t)’, declared here
 2923 | hipError_t hipStreamSynchronize(hipStream_t stream);
      |            ^~~~~~~~~~~~~~~~~~~~
In file included from /mnt/sda2/home/calvin/workspace/strata-validation/toolchains/rocm/lib/python3.10/site-packages/_rocm_sdk_core/include/hip/hip_runtime.h:65,
                 from /home/calvin/workspace/strata-integration-validation/source/include/strata/hip_compat/cuda_runtime.h:12,
                 from <command-line>:
/mnt/sda2/home/calvin/workspace/strata-validation/toolchains/rocm/lib/python3.10/site-packages/_rocm_sdk_core/include/hip/hip_runtime_api.h:419:3: note: ‘hipError_t’ declared here
  419 | } hipError_t;
      |   ^~~~~~~~~~
/home/calvin/workspace/strata-integration-validation/source/src/prefill/prefill.cpp:2847:50: warning: ignoring returned value of type ‘hipError_t’, declared with attribute ‘nodiscard’ [-Wunused-result]
 2847 |                             cudaStreamSynchronize((cudaStream_t) m.cs);
In file included from /mnt/sda2/home/calvin/workspace/strata-validation/toolchains/rocm/lib/python3.10/site-packages/_rocm_sdk_core/include/hip/hip_runtime.h:65,
                 from /home/calvin/workspace/strata-integration-validation/source/include/strata/hip_compat/cuda_runtime.h:12,
                 from <command-line>:
/mnt/sda2/home/calvin/workspace/strata-validation/toolchains/rocm/lib/python3.10/site-packages/_rocm_sdk_core/include/hip/hip_runtime_api.h:2923:12: note: in call to ‘hipError_t hipStreamSynchronize(hipStream_t)’, declared here
 2923 | hipError_t hipStreamSynchronize(hipStream_t stream);
      |            ^~~~~~~~~~~~~~~~~~~~
In file included from /mnt/sda2/home/calvin/workspace/strata-validation/toolchains/rocm/lib/python3.10/site-packages/_rocm_sdk_core/include/hip/hip_runtime.h:65,
                 from /home/calvin/workspace/strata-integration-validation/source/include/strata/hip_compat/cuda_runtime.h:12,
                 from <command-line>:
/mnt/sda2/home/calvin/workspace/strata-validation/toolchains/rocm/lib/python3.10/site-packages/_rocm_sdk_core/include/hip/hip_runtime_api.h:419:3: note: ‘hipError_t’ declared here
  419 | } hipError_t;
      |   ^~~~~~~~~~
/home/calvin/workspace/strata-integration-validation/source/src/prefill/prefill.cpp:2850:43: warning: ignoring returned value of type ‘hipError_t’, declared with attribute ‘nodiscard’ [-Wunused-result]
 2850 |                                 cudaMemcpy(hid.data(), m.ids, hid.size() * 4, cudaMemcpyDeviceToHost);
In file included from /mnt/sda2/home/calvin/workspace/strata-validation/toolchains/rocm/lib/python3.10/site-packages/_rocm_sdk_core/include/hip/hip_runtime.h:65,
                 from /home/calvin/workspace/strata-integration-validation/source/include/strata/hip_compat/cuda_runtime.h:12,
                 from <command-line>:
/mnt/sda2/home/calvin/workspace/strata-validation/toolchains/rocm/lib/python3.10/site-packages/_rocm_sdk_core/include/hip/hip_runtime_api.h:4651:12: note: in call to ‘hipError_t hipMemcpy(void*, const void*, size_t, hipMemcpyKind)’, declared here
 4651 | hipError_t hipMemcpy(void* dst, const void* src, size_t sizeBytes, hipMemcpyKind kind);
      |            ^~~~~~~~~
In file included from /mnt/sda2/home/calvin/workspace/strata-validation/toolchains/rocm/lib/python3.10/site-packages/_rocm_sdk_core/include/hip/hip_runtime.h:65,
                 from /home/calvin/workspace/strata-integration-validation/source/include/strata/hip_compat/cuda_runtime.h:12,
                 from <command-line>:
/mnt/sda2/home/calvin/workspace/strata-validation/toolchains/rocm/lib/python3.10/site-packages/_rocm_sdk_core/include/hip/hip_runtime_api.h:419:3: note: ‘hipError_t’ declared here
  419 | } hipError_t;
      |   ^~~~~~~~~~
/home/calvin/workspace/strata-integration-validation/source/src/prefill/prefill.cpp:2851:43: warning: ignoring returned value of type ‘hipError_t’, declared with attribute ‘nodiscard’ [-Wunused-result]
 2851 |                                 cudaMemcpy(hw.data(), m.w, hw.size() * 4, cudaMemcpyDeviceToHost);
In file included from /mnt/sda2/home/calvin/workspace/strata-validation/toolchains/rocm/lib/python3.10/site-packages/_rocm_sdk_core/include/hip/hip_runtime.h:65,
                 from /home/calvin/workspace/strata-integration-validation/source/include/strata/hip_compat/cuda_runtime.h:12,
                 from <command-line>:
/mnt/sda2/home/calvin/workspace/strata-validation/toolchains/rocm/lib/python3.10/site-packages/_rocm_sdk_core/include/hip/hip_runtime_api.h:4651:12: note: in call to ‘hipError_t hipMemcpy(void*, const void*, size_t, hipMemcpyKind)’, declared here
 4651 | hipError_t hipMemcpy(void* dst, const void* src, size_t sizeBytes, hipMemcpyKind kind);
      |            ^~~~~~~~~
In file included from /mnt/sda2/home/calvin/workspace/strata-validation/toolchains/rocm/lib/python3.10/site-packages/_rocm_sdk_core/include/hip/hip_runtime.h:65,
                 from /home/calvin/workspace/strata-integration-validation/source/include/strata/hip_compat/cuda_runtime.h:12,
                 from <command-line>:
/mnt/sda2/home/calvin/workspace/strata-validation/toolchains/rocm/lib/python3.10/site-packages/_rocm_sdk_core/include/hip/hip_runtime_api.h:419:3: note: ‘hipError_t’ declared here
  419 | } hipError_t;
      |   ^~~~~~~~~~
/home/calvin/workspace/strata-integration-validation/source/src/prefill/prefill.cpp:2860:47: warning: ignoring returned value of type ‘hipError_t’, declared with attribute ‘nodiscard’ [-Wunused-result]
 2860 |                                     cudaMemcpy(hx.data(), m.mixed_bf, hx.size() * 2, cudaMemcpyDeviceToHost);
In file included from /mnt/sda2/home/calvin/workspace/strata-validation/toolchains/rocm/lib/python3.10/site-packages/_rocm_sdk_core/include/hip/hip_runtime.h:65,
                 from /home/calvin/workspace/strata-integration-validation/source/include/strata/hip_compat/cuda_runtime.h:12,
                 from <command-line>:
/mnt/sda2/home/calvin/workspace/strata-validation/toolchains/rocm/lib/python3.10/site-packages/_rocm_sdk_core/include/hip/hip_runtime_api.h:4651:12: note: in call to ‘hipError_t hipMemcpy(void*, const void*, size_t, hipMemcpyKind)’, declared here
 4651 | hipError_t hipMemcpy(void* dst, const void* src, size_t sizeBytes, hipMemcpyKind kind);
      |            ^~~~~~~~~
In file included from /mnt/sda2/home/calvin/workspace/strata-validation/toolchains/rocm/lib/python3.10/site-packages/_rocm_sdk_core/include/hip/hip_runtime.h:65,
                 from /home/calvin/workspace/strata-integration-validation/source/include/strata/hip_compat/cuda_runtime.h:12,
                 from <command-line>:
/mnt/sda2/home/calvin/workspace/strata-validation/toolchains/rocm/lib/python3.10/site-packages/_rocm_sdk_core/include/hip/hip_runtime_api.h:419:3: note: ‘hipError_t’ declared here
  419 | } hipError_t;
      |   ^~~~~~~~~~
/home/calvin/workspace/strata-integration-validation/source/src/prefill/prefill.cpp:2866:43: warning: ignoring returned value of type ‘hipError_t’, declared with attribute ‘nodiscard’ [-Wunused-result]
 2866 |                                 cudaMemcpy(m.ids, it->second.ids.data(), (size_t) T * K * 4, cudaMemcpyHostToDevice);
In file included from /mnt/sda2/home/calvin/workspace/strata-validation/toolchains/rocm/lib/python3.10/site-packages/_rocm_sdk_core/include/hip/hip_runtime.h:65,
                 from /home/calvin/workspace/strata-integration-validation/source/include/strata/hip_compat/cuda_runtime.h:12,
                 from <command-line>:
/mnt/sda2/home/calvin/workspace/strata-validation/toolchains/rocm/lib/python3.10/site-packages/_rocm_sdk_core/include/hip/hip_runtime_api.h:4651:12: note: in call to ‘hipError_t hipMemcpy(void*, const void*, size_t, hipMemcpyKind)’, declared here
 4651 | hipError_t hipMemcpy(void* dst, const void* src, size_t sizeBytes, hipMemcpyKind kind);
      |            ^~~~~~~~~
In file included from /mnt/sda2/home/calvin/workspace/strata-validation/toolchains/rocm/lib/python3.10/site-packages/_rocm_sdk_core/include/hip/hip_runtime.h:65,
                 from /home/calvin/workspace/strata-integration-validation/source/include/strata/hip_compat/cuda_runtime.h:12,
                 from <command-line>:
/mnt/sda2/home/calvin/workspace/strata-validation/toolchains/rocm/lib/python3.10/site-packages/_rocm_sdk_core/include/hip/hip_runtime_api.h:419:3: note: ‘hipError_t’ declared here
  419 | } hipError_t;
      |   ^~~~~~~~~~
/home/calvin/workspace/strata-integration-validation/source/src/prefill/prefill.cpp:2867:43: warning: ignoring returned value of type ‘hipError_t’, declared with attribute ‘nodiscard’ [-Wunused-result]
 2867 |                                 cudaMemcpy(m.w, it->second.w.data(), (size_t) T * K * 4, cudaMemcpyHostToDevice);
In file included from /mnt/sda2/home/calvin/workspace/strata-validation/toolchains/rocm/lib/python3.10/site-packages/_rocm_sdk_core/include/hip/hip_runtime.h:65,
                 from /home/calvin/workspace/strata-integration-validation/source/include/strata/hip_compat/cuda_runtime.h:12,
                 from <command-line>:
/mnt/sda2/home/calvin/workspace/strata-validation/toolchains/rocm/lib/python3.10/site-packages/_rocm_sdk_core/include/hip/hip_runtime_api.h:4651:12: note: in call to ‘hipError_t hipMemcpy(void*, const void*, size_t, hipMemcpyKind)’, declared here
 4651 | hipError_t hipMemcpy(void* dst, const void* src, size_t sizeBytes, hipMemcpyKind kind);
      |            ^~~~~~~~~
In file included from /mnt/sda2/home/calvin/workspace/strata-validation/toolchains/rocm/lib/python3.10/site-packages/_rocm_sdk_core/include/hip/hip_runtime.h:65,
                 from /home/calvin/workspace/strata-integration-validation/source/include/strata/hip_compat/cuda_runtime.h:12,
                 from <command-line>:
/mnt/sda2/home/calvin/workspace/strata-validation/toolchains/rocm/lib/python3.10/site-packages/_rocm_sdk_core/include/hip/hip_runtime_api.h:419:3: note: ‘hipError_t’ declared here
  419 | } hipError_t;
      |   ^~~~~~~~~~
/home/calvin/workspace/strata-integration-validation/source/src/prefill/prefill.cpp:2966:52: warning: ignoring returned value of type ‘hipError_t’, declared with attribute ‘nodiscard’ [-Wunused-result]
 2966 |                                 cudaStreamWaitEvent(m.cs, m.copied[(k - 1) % (size_t) m.ring], 0);
In file included from /mnt/sda2/home/calvin/workspace/strata-validation/toolchains/rocm/lib/python3.10/site-packages/_rocm_sdk_core/include/hip/hip_runtime.h:65,
                 from /home/calvin/workspace/strata-integration-validation/source/include/strata/hip_compat/cuda_runtime.h:12,
                 from <command-line>:
/mnt/sda2/home/calvin/workspace/strata-validation/toolchains/rocm/lib/python3.10/site-packages/_rocm_sdk_core/include/hip/hip_runtime_api.h:2950:12: note: in call to ‘hipError_t hipStreamWaitEvent(hipStream_t, hipEvent_t, unsigned int)’, declared here
 2950 | hipError_t hipStreamWaitEvent(hipStream_t stream, hipEvent_t event, unsigned int flags __dparm(0));
      |            ^~~~~~~~~~~~~~~~~~
In file included from /mnt/sda2/home/calvin/workspace/strata-validation/toolchains/rocm/lib/python3.10/site-packages/_rocm_sdk_core/include/hip/hip_runtime.h:65,
                 from /home/calvin/workspace/strata-integration-validation/source/include/strata/hip_compat/cuda_runtime.h:12,
                 from <command-line>:
/mnt/sda2/home/calvin/workspace/strata-validation/toolchains/rocm/lib/python3.10/site-packages/_rocm_sdk_core/include/hip/hip_runtime_api.h:419:3: note: ‘hipError_t’ declared here
  419 | } hipError_t;
      |   ^~~~~~~~~~
/home/calvin/workspace/strata-integration-validation/source/src/prefill/prefill.cpp:2978:48: warning: ignoring returned value of type ‘hipError_t’, declared with attribute ‘nodiscard’ [-Wunused-result]
 2978 |                                 cudaEventRecord(m.used[kk % (size_t) m.ring], m.cs);
In file included from /mnt/sda2/home/calvin/workspace/strata-validation/toolchains/rocm/lib/python3.10/site-packages/_rocm_sdk_core/include/hip/hip_runtime.h:65,
                 from /home/calvin/workspace/strata-integration-validation/source/include/strata/hip_compat/cuda_runtime.h:12,
                 from <command-line>:
/mnt/sda2/home/calvin/workspace/strata-validation/toolchains/rocm/lib/python3.10/site-packages/_rocm_sdk_core/include/hip/hip_runtime_api.h:3436:12: note: in call to ‘hipError_t hipEventRecord(hipEvent_t, hipStream_t)’, declared here
 3436 | hipError_t hipEventRecord(hipEvent_t event, hipStream_t stream = NULL);
      |            ^~~~~~~~~~~~~~
In file included from /mnt/sda2/home/calvin/workspace/strata-validation/toolchains/rocm/lib/python3.10/site-packages/_rocm_sdk_core/include/hip/hip_runtime.h:65,
                 from /home/calvin/workspace/strata-integration-validation/source/include/strata/hip_compat/cuda_runtime.h:12,
                 from <command-line>:
/mnt/sda2/home/calvin/workspace/strata-validation/toolchains/rocm/lib/python3.10/site-packages/_rocm_sdk_core/include/hip/hip_runtime_api.h:419:3: note: ‘hipError_t’ declared here
  419 | } hipError_t;
      |   ^~~~~~~~~~
/home/calvin/workspace/strata-integration-validation/source/src/prefill/prefill.cpp:2996:45: warning: ignoring returned value of type ‘hipError_t’, declared with attribute ‘nodiscard’ [-Wunused-result]
 2996 |                         else cudaMemcpyAsync(m.ids_host.data(), m.ids, (size_t) T * K * 4, cudaMemcpyDeviceToHost, m.cs);
In file included from /mnt/sda2/home/calvin/workspace/strata-validation/toolchains/rocm/lib/python3.10/site-packages/_rocm_sdk_core/include/hip/hip_runtime.h:65,
                 from /home/calvin/workspace/strata-integration-validation/source/include/strata/hip_compat/cuda_runtime.h:12,
                 from <command-line>:
/mnt/sda2/home/calvin/workspace/strata-validation/toolchains/rocm/lib/python3.10/site-packages/_rocm_sdk_core/include/hip/hip_runtime_api.h:5050:12: note: in call to ‘hipError_t hipMemcpyAsync(void*, const void*, size_t, hipMemcpyKind, hipStream_t)’, declared here
 5050 | hipError_t hipMemcpyAsync(void* dst, const void* src, size_t sizeBytes, hipMemcpyKind kind,
      |            ^~~~~~~~~~~~~~
In file included from /mnt/sda2/home/calvin/workspace/strata-validation/toolchains/rocm/lib/python3.10/site-packages/_rocm_sdk_core/include/hip/hip_runtime.h:65,
                 from /home/calvin/workspace/strata-integration-validation/source/include/strata/hip_compat/cuda_runtime.h:12,
                 from <command-line>:
/mnt/sda2/home/calvin/workspace/strata-validation/toolchains/rocm/lib/python3.10/site-packages/_rocm_sdk_core/include/hip/hip_runtime_api.h:419:3: note: ‘hipError_t’ declared here
  419 | } hipError_t;
      |   ^~~~~~~~~~
/home/calvin/workspace/strata-integration-validation/source/src/prefill/prefill.cpp:3014:82: warning: ignoring returned value of type ‘hipError_t’, declared with attribute ‘nodiscard’ [-Wunused-result]
 3014 |                                 for (cudaEvent_t& e : m.cpu_wall) cudaEventCreate(&e);
In file included from /mnt/sda2/home/calvin/workspace/strata-validation/toolchains/rocm/lib/python3.10/site-packages/_rocm_sdk_core/include/hip/hip_runtime.h:65,
                 from /home/calvin/workspace/strata-integration-validation/source/include/strata/hip_compat/cuda_runtime.h:12,
                 from <command-line>:
/mnt/sda2/home/calvin/workspace/strata-validation/toolchains/rocm/lib/python3.10/site-packages/_rocm_sdk_core/include/hip/hip_runtime_api.h:3366:12: note: in call to ‘hipError_t hipEventCreate(ihipEvent_t**)’, declared here
 3366 | hipError_t hipEventCreate(hipEvent_t* event);
      |            ^~~~~~~~~~~~~~
In file included from /mnt/sda2/home/calvin/workspace/strata-validation/toolchains/rocm/lib/python3.10/site-packages/_rocm_sdk_core/include/hip/hip_runtime.h:65,
                 from /home/calvin/workspace/strata-integration-validation/source/include/strata/hip_compat/cuda_runtime.h:12,
                 from <command-line>:
/mnt/sda2/home/calvin/workspace/strata-validation/toolchains/rocm/lib/python3.10/site-packages/_rocm_sdk_core/include/hip/hip_runtime_api.h:419:3: note: ‘hipError_t’ declared here
  419 | } hipError_t;
      |   ^~~~~~~~~~
/home/calvin/workspace/strata-integration-validation/source/src/prefill/prefill.cpp:3016:44: warning: ignoring returned value of type ‘hipError_t’, declared with attribute ‘nodiscard’ [-Wunused-result]
 3016 |                             cudaEventRecord(m.cpu_wall[2 * cpu_set], m.cs);
In file included from /mnt/sda2/home/calvin/workspace/strata-validation/toolchains/rocm/lib/python3.10/site-packages/_rocm_sdk_core/include/hip/hip_runtime.h:65,
                 from /home/calvin/workspace/strata-integration-validation/source/include/strata/hip_compat/cuda_runtime.h:12,
                 from <command-line>:
/mnt/sda2/home/calvin/workspace/strata-validation/toolchains/rocm/lib/python3.10/site-packages/_rocm_sdk_core/include/hip/hip_runtime_api.h:3436:12: note: in call to ‘hipError_t hipEventRecord(hipEvent_t, hipStream_t)’, declared here
 3436 | hipError_t hipEventRecord(hipEvent_t event, hipStream_t stream = NULL);
      |            ^~~~~~~~~~~~~~
In file included from /mnt/sda2/home/calvin/workspace/strata-validation/toolchains/rocm/lib/python3.10/site-packages/_rocm_sdk_core/include/hip/hip_runtime.h:65,
                 from /home/calvin/workspace/strata-integration-validation/source/include/strata/hip_compat/cuda_runtime.h:12,
                 from <command-line>:
/mnt/sda2/home/calvin/workspace/strata-validation/toolchains/rocm/lib/python3.10/site-packages/_rocm_sdk_core/include/hip/hip_runtime_api.h:419:3: note: ‘hipError_t’ declared here
  419 | } hipError_t;
      |   ^~~~~~~~~~
/home/calvin/workspace/strata-integration-validation/source/src/prefill/prefill.cpp:3022:58: warning: ignoring returned value of type ‘hipError_t’, declared with attribute ‘nodiscard’ [-Wunused-result]
 3022 |                                 if (m.cpu_x) cudaFreeHost(m.cpu_x);
In file included from /mnt/sda2/home/calvin/workspace/strata-validation/toolchains/rocm/lib/python3.10/site-packages/_rocm_sdk_core/include/hip/hip_runtime.h:65,
                 from /home/calvin/workspace/strata-integration-validation/source/include/strata/hip_compat/cuda_runtime.h:12,
                 from <command-line>:
/mnt/sda2/home/calvin/workspace/strata-validation/toolchains/rocm/lib/python3.10/site-packages/_rocm_sdk_core/include/hip/hip_runtime_api.h:4604:12: note: in call to ‘hipError_t hipFreeHost(void*)’, declared here
 4604 | hipError_t hipFreeHost(void* ptr);
      |            ^~~~~~~~~~~
In file included from /mnt/sda2/home/calvin/workspace/strata-validation/toolchains/rocm/lib/python3.10/site-packages/_rocm_sdk_core/include/hip/hip_runtime.h:65,
                 from /home/calvin/workspace/strata-integration-validation/source/include/strata/hip_compat/cuda_runtime.h:12,
                 from <command-line>:
/mnt/sda2/home/calvin/workspace/strata-validation/toolchains/rocm/lib/python3.10/site-packages/_rocm_sdk_core/include/hip/hip_runtime_api.h:419:3: note: ‘hipError_t’ declared here
  419 | } hipError_t;
      |   ^~~~~~~~~~
/home/calvin/workspace/strata-integration-validation/source/src/prefill/prefill.cpp:3031:44: warning: ignoring returned value of type ‘hipError_t’, declared with attribute ‘nodiscard’ [-Wunused-result]
 3031 |                             cudaMemcpyAsync(m.cpu_x, m.mixed, want * sizeof(float), cudaMemcpyDeviceToHost, m.cs);
In file included from /mnt/sda2/home/calvin/workspace/strata-validation/toolchains/rocm/lib/python3.10/site-packages/_rocm_sdk_core/include/hip/hip_runtime.h:65,
                 from /home/calvin/workspace/strata-integration-validation/source/include/strata/hip_compat/cuda_runtime.h:12,
                 from <command-line>:
/mnt/sda2/home/calvin/workspace/strata-validation/toolchains/rocm/lib/python3.10/site-packages/_rocm_sdk_core/include/hip/hip_runtime_api.h:5050:12: note: in call to ‘hipError_t hipMemcpyAsync(void*, const void*, size_t, hipMemcpyKind, hipStream_t)’, declared here
 5050 | hipError_t hipMemcpyAsync(void* dst, const void* src, size_t sizeBytes, hipMemcpyKind kind,
      |            ^~~~~~~~~~~~~~
In file included from /mnt/sda2/home/calvin/workspace/strata-validation/toolchains/rocm/lib/python3.10/site-packages/_rocm_sdk_core/include/hip/hip_runtime.h:65,
                 from /home/calvin/workspace/strata-integration-validation/source/include/strata/hip_compat/cuda_runtime.h:12,
                 from <command-line>:
/mnt/sda2/home/calvin/workspace/strata-validation/toolchains/rocm/lib/python3.10/site-packages/_rocm_sdk_core/include/hip/hip_runtime_api.h:419:3: note: ‘hipError_t’ declared here
  419 | } hipError_t;
      |   ^~~~~~~~~~
/home/calvin/workspace/strata-integration-validation/source/src/prefill/prefill.cpp:3037:46: warning: ignoring returned value of type ‘hipError_t’, declared with attribute ‘nodiscard’ [-Wunused-result]
 3037 |                         cudaStreamSynchronize(m.cs);
In file included from /mnt/sda2/home/calvin/workspace/strata-validation/toolchains/rocm/lib/python3.10/site-packages/_rocm_sdk_core/include/hip/hip_runtime.h:65,
                 from /home/calvin/workspace/strata-integration-validation/source/include/strata/hip_compat/cuda_runtime.h:12,
                 from <command-line>:
/mnt/sda2/home/calvin/workspace/strata-validation/toolchains/rocm/lib/python3.10/site-packages/_rocm_sdk_core/include/hip/hip_runtime_api.h:2923:12: note: in call to ‘hipError_t hipStreamSynchronize(hipStream_t)’, declared here
 2923 | hipError_t hipStreamSynchronize(hipStream_t stream);
      |            ^~~~~~~~~~~~~~~~~~~~
In file included from /mnt/sda2/home/calvin/workspace/strata-validation/toolchains/rocm/lib/python3.10/site-packages/_rocm_sdk_core/include/hip/hip_runtime.h:65,
                 from /home/calvin/workspace/strata-integration-validation/source/include/strata/hip_compat/cuda_runtime.h:12,
                 from <command-line>:
/mnt/sda2/home/calvin/workspace/strata-validation/toolchains/rocm/lib/python3.10/site-packages/_rocm_sdk_core/include/hip/hip_runtime_api.h:419:3: note: ‘hipError_t’ declared here
  419 | } hipError_t;
      |   ^~~~~~~~~~
/home/calvin/workspace/strata-integration-validation/source/src/prefill/prefill.cpp:3076:54: warning: ignoring returned value of type ‘hipError_t’, declared with attribute ‘nodiscard’ [-Wunused-result]
 3076 |                             int pd = 0; cudaGetDevice(&pd); cudaSetDevice(pe.dev); cudaStreamSynchronize(m.pp->s); pe.fold(); cudaSetDevice(pd);
In file included from /mnt/sda2/home/calvin/workspace/strata-validation/toolchains/rocm/lib/python3.10/site-packages/_rocm_sdk_core/include/hip/hip_runtime.h:65,
                 from /home/calvin/workspace/strata-integration-validation/source/include/strata/hip_compat/cuda_runtime.h:12,
                 from <command-line>:
/mnt/sda2/home/calvin/workspace/strata-validation/toolchains/rocm/lib/python3.10/site-packages/_rocm_sdk_core/include/hip/hip_runtime_api.h:2260:12: note: in call to ‘hipError_t hipGetDevice(int*)’, declared here
 2260 | hipError_t hipGetDevice(int* deviceId);
      |            ^~~~~~~~~~~~
In file included from /mnt/sda2/home/calvin/workspace/strata-validation/toolchains/rocm/lib/python3.10/site-packages/_rocm_sdk_core/include/hip/hip_runtime.h:65,
                 from /home/calvin/workspace/strata-integration-validation/source/include/strata/hip_compat/cuda_runtime.h:12,
                 from <command-line>:
/mnt/sda2/home/calvin/workspace/strata-validation/toolchains/rocm/lib/python3.10/site-packages/_rocm_sdk_core/include/hip/hip_runtime_api.h:419:3: note: ‘hipError_t’ declared here
  419 | } hipError_t;
      |   ^~~~~~~~~~
/home/calvin/workspace/strata-integration-validation/source/src/prefill/prefill.cpp:3076:74: warning: ignoring returned value of type ‘hipError_t’, declared with attribute ‘nodiscard’ [-Wunused-result]
 3076 |                             int pd = 0; cudaGetDevice(&pd); cudaSetDevice(pe.dev); cudaStreamSynchronize(m.pp->s); pe.fold(); cudaSetDevice(pd);
In file included from /mnt/sda2/home/calvin/workspace/strata-validation/toolchains/rocm/lib/python3.10/site-packages/_rocm_sdk_core/include/hip/hip_runtime.h:65,
                 from /home/calvin/workspace/strata-integration-validation/source/include/strata/hip_compat/cuda_runtime.h:12,
                 from <command-line>:
/mnt/sda2/home/calvin/workspace/strata-validation/toolchains/rocm/lib/python3.10/site-packages/_rocm_sdk_core/include/hip/hip_runtime_api.h:2233:12: note: in call to ‘hipError_t hipSetDevice(int)’, declared here
 2233 | hipError_t hipSetDevice(int deviceId);
      |            ^~~~~~~~~~~~
In file included from /mnt/sda2/home/calvin/workspace/strata-validation/toolchains/rocm/lib/python3.10/site-packages/_rocm_sdk_core/include/hip/hip_runtime.h:65,
                 from /home/calvin/workspace/strata-integration-validation/source/include/strata/hip_compat/cuda_runtime.h:12,
                 from <command-line>:
/mnt/sda2/home/calvin/workspace/strata-validation/toolchains/rocm/lib/python3.10/site-packages/_rocm_sdk_core/include/hip/hip_runtime_api.h:419:3: note: ‘hipError_t’ declared here
  419 | } hipError_t;
      |   ^~~~~~~~~~
/home/calvin/workspace/strata-integration-validation/source/src/prefill/prefill.cpp:3076:105: warning: ignoring returned value of type ‘hipError_t’, declared with attribute ‘nodiscard’ [-Wunused-result]
 3076 |                             int pd = 0; cudaGetDevice(&pd); cudaSetDevice(pe.dev); cudaStreamSynchronize(m.pp->s); pe.fold(); cudaSetDevice(pd);
In file included from /mnt/sda2/home/calvin/workspace/strata-validation/toolchains/rocm/lib/python3.10/site-packages/_rocm_sdk_core/include/hip/hip_runtime.h:65,
                 from /home/calvin/workspace/strata-integration-validation/source/include/strata/hip_compat/cuda_runtime.h:12,
                 from <command-line>:
/mnt/sda2/home/calvin/workspace/strata-validation/toolchains/rocm/lib/python3.10/site-packages/_rocm_sdk_core/include/hip/hip_runtime_api.h:2923:12: note: in call to ‘hipError_t hipStreamSynchronize(hipStream_t)’, declared here
 2923 | hipError_t hipStreamSynchronize(hipStream_t stream);
      |            ^~~~~~~~~~~~~~~~~~~~
In file included from /mnt/sda2/home/calvin/workspace/strata-validation/toolchains/rocm/lib/python3.10/site-packages/_rocm_sdk_core/include/hip/hip_runtime.h:65,
                 from /home/calvin/workspace/strata-integration-validation/source/include/strata/hip_compat/cuda_runtime.h:12,
                 from <command-line>:
/mnt/sda2/home/calvin/workspace/strata-validation/toolchains/rocm/lib/python3.10/site-packages/_rocm_sdk_core/include/hip/hip_runtime_api.h:419:3: note: ‘hipError_t’ declared here
  419 | } hipError_t;
      |   ^~~~~~~~~~
/home/calvin/workspace/strata-integration-validation/source/src/prefill/prefill.cpp:3076:140: warning: ignoring returned value of type ‘hipError_t’, declared with attribute ‘nodiscard’ [-Wunused-result]
 3076 |                             int pd = 0; cudaGetDevice(&pd); cudaSetDevice(pe.dev); cudaStreamSynchronize(m.pp->s); pe.fold(); cudaSetDevice(pd);
In file included from /mnt/sda2/home/calvin/workspace/strata-validation/toolchains/rocm/lib/python3.10/site-packages/_rocm_sdk_core/include/hip/hip_runtime.h:65,
                 from /home/calvin/workspace/strata-integration-validation/source/include/strata/hip_compat/cuda_runtime.h:12,
                 from <command-line>:
/mnt/sda2/home/calvin/workspace/strata-validation/toolchains/rocm/lib/python3.10/site-packages/_rocm_sdk_core/include/hip/hip_runtime_api.h:2233:12: note: in call to ‘hipError_t hipSetDevice(int)’, declared here
 2233 | hipError_t hipSetDevice(int deviceId);
      |            ^~~~~~~~~~~~
In file included from /mnt/sda2/home/calvin/workspace/strata-validation/toolchains/rocm/lib/python3.10/site-packages/_rocm_sdk_core/include/hip/hip_runtime.h:65,
                 from /home/calvin/workspace/strata-integration-validation/source/include/strata/hip_compat/cuda_runtime.h:12,
                 from <command-line>:
/mnt/sda2/home/calvin/workspace/strata-validation/toolchains/rocm/lib/python3.10/site-packages/_rocm_sdk_core/include/hip/hip_runtime_api.h:419:3: note: ‘hipError_t’ declared here
  419 | } hipError_t;
      |   ^~~~~~~~~~
/home/calvin/workspace/strata-integration-validation/source/src/prefill/prefill.cpp:3188:44: warning: ignoring returned value of type ‘hipError_t’, declared with attribute ‘nodiscard’ [-Wunused-result]
 3188 |                             cudaMemcpyAsync(m.slot_dev, m.slot_host.data(), (size_t) T * K * 4, cudaMemcpyHostToDevice, m.cs);
In file included from /mnt/sda2/home/calvin/workspace/strata-validation/toolchains/rocm/lib/python3.10/site-packages/_rocm_sdk_core/include/hip/hip_runtime.h:65,
                 from /home/calvin/workspace/strata-integration-validation/source/include/strata/hip_compat/cuda_runtime.h:12,
                 from <command-line>:
/mnt/sda2/home/calvin/workspace/strata-validation/toolchains/rocm/lib/python3.10/site-packages/_rocm_sdk_core/include/hip/hip_runtime_api.h:5050:12: note: in call to ‘hipError_t hipMemcpyAsync(void*, const void*, size_t, hipMemcpyKind, hipStream_t)’, declared here
 5050 | hipError_t hipMemcpyAsync(void* dst, const void* src, size_t sizeBytes, hipMemcpyKind kind,
      |            ^~~~~~~~~~~~~~
In file included from /mnt/sda2/home/calvin/workspace/strata-validation/toolchains/rocm/lib/python3.10/site-packages/_rocm_sdk_core/include/hip/hip_runtime.h:65,
                 from /home/calvin/workspace/strata-integration-validation/source/include/strata/hip_compat/cuda_runtime.h:12,
                 from <command-line>:
/mnt/sda2/home/calvin/workspace/strata-validation/toolchains/rocm/lib/python3.10/site-packages/_rocm_sdk_core/include/hip/hip_runtime_api.h:419:3: note: ‘hipError_t’ declared here
  419 | } hipError_t;
      |   ^~~~~~~~~~
/home/calvin/workspace/strata-integration-validation/source/src/prefill/prefill.cpp:3189:44: warning: ignoring returned value of type ‘hipError_t’, declared with attribute ‘nodiscard’ [-Wunused-result]
 3189 |                             cudaMemcpyAsync(m.src_dev, m.src_host.data(), (size_t) T * K * 4, cudaMemcpyHostToDevice, m.cs);
In file included from /mnt/sda2/home/calvin/workspace/strata-validation/toolchains/rocm/lib/python3.10/site-packages/_rocm_sdk_core/include/hip/hip_runtime.h:65,
                 from /home/calvin/workspace/strata-integration-validation/source/include/strata/hip_compat/cuda_runtime.h:12,
                 from <command-line>:
/mnt/sda2/home/calvin/workspace/strata-validation/toolchains/rocm/lib/python3.10/site-packages/_rocm_sdk_core/include/hip/hip_runtime_api.h:5050:12: note: in call to ‘hipError_t hipMemcpyAsync(void*, const void*, size_t, hipMemcpyKind, hipStream_t)’, declared here
 5050 | hipError_t hipMemcpyAsync(void* dst, const void* src, size_t sizeBytes, hipMemcpyKind kind,
      |            ^~~~~~~~~~~~~~
In file included from /mnt/sda2/home/calvin/workspace/strata-validation/toolchains/rocm/lib/python3.10/site-packages/_rocm_sdk_core/include/hip/hip_runtime.h:65,
                 from /home/calvin/workspace/strata-integration-validation/source/include/strata/hip_compat/cuda_runtime.h:12,
                 from <command-line>:
/mnt/sda2/home/calvin/workspace/strata-validation/toolchains/rocm/lib/python3.10/site-packages/_rocm_sdk_core/include/hip/hip_runtime_api.h:419:3: note: ‘hipError_t’ declared here
  419 | } hipError_t;
      |   ^~~~~~~~~~
/home/calvin/workspace/strata-integration-validation/source/src/prefill/prefill.cpp:3198:61: warning: ignoring returned value of type ‘hipError_t’, declared with attribute ‘nodiscard’ [-Wunused-result]
 3198 |                                 if (m.cpu_rows) cudaFreeHost(m.cpu_rows);
In file included from /mnt/sda2/home/calvin/workspace/strata-validation/toolchains/rocm/lib/python3.10/site-packages/_rocm_sdk_core/include/hip/hip_runtime.h:65,
                 from /home/calvin/workspace/strata-integration-validation/source/include/strata/hip_compat/cuda_runtime.h:12,
                 from <command-line>:
/mnt/sda2/home/calvin/workspace/strata-validation/toolchains/rocm/lib/python3.10/site-packages/_rocm_sdk_core/include/hip/hip_runtime_api.h:4604:12: note: in call to ‘hipError_t hipFreeHost(void*)’, declared here
 4604 | hipError_t hipFreeHost(void* ptr);
      |            ^~~~~~~~~~~
In file included from /mnt/sda2/home/calvin/workspace/strata-validation/toolchains/rocm/lib/python3.10/site-packages/_rocm_sdk_core/include/hip/hip_runtime.h:65,
                 from /home/calvin/workspace/strata-integration-validation/source/include/strata/hip_compat/cuda_runtime.h:12,
                 from <command-line>:
/mnt/sda2/home/calvin/workspace/strata-validation/toolchains/rocm/lib/python3.10/site-packages/_rocm_sdk_core/include/hip/hip_runtime_api.h:419:3: note: ‘hipError_t’ declared here
  419 | } hipError_t;
      |   ^~~~~~~~~~
/home/calvin/workspace/strata-integration-validation/source/src/prefill/prefill.cpp:3211:78: warning: ignoring returned value of type ‘hipError_t’, declared with attribute ‘nodiscard’ [-Wunused-result]
 3211 |                                 if (m.cpu_ev[0] == nullptr) { cudaEventCreate(&m.cpu_ev[0]); cudaEventCreate(&m.cpu_ev[1]); }
In file included from /mnt/sda2/home/calvin/workspace/strata-validation/toolchains/rocm/lib/python3.10/site-packages/_rocm_sdk_core/include/hip/hip_runtime.h:65,
                 from /home/calvin/workspace/strata-integration-validation/source/include/strata/hip_compat/cuda_runtime.h:12,
                 from <command-line>:
/mnt/sda2/home/calvin/workspace/strata-validation/toolchains/rocm/lib/python3.10/site-packages/_rocm_sdk_core/include/hip/hip_runtime_api.h:3366:12: note: in call to ‘hipError_t hipEventCreate(ihipEvent_t**)’, declared here
 3366 | hipError_t hipEventCreate(hipEvent_t* event);
      |            ^~~~~~~~~~~~~~
In file included from /mnt/sda2/home/calvin/workspace/strata-validation/toolchains/rocm/lib/python3.10/site-packages/_rocm_sdk_core/include/hip/hip_runtime.h:65,
                 from /home/calvin/workspace/strata-integration-validation/source/include/strata/hip_compat/cuda_runtime.h:12,
                 from <command-line>:
/mnt/sda2/home/calvin/workspace/strata-validation/toolchains/rocm/lib/python3.10/site-packages/_rocm_sdk_core/include/hip/hip_runtime_api.h:419:3: note: ‘hipError_t’ declared here
  419 | } hipError_t;
      |   ^~~~~~~~~~
/home/calvin/workspace/strata-integration-validation/source/src/prefill/prefill.cpp:3211:109: warning: ignoring returned value of type ‘hipError_t’, declared with attribute ‘nodiscard’ [-Wunused-result]
 3211 |                                 if (m.cpu_ev[0] == nullptr) { cudaEventCreate(&m.cpu_ev[0]); cudaEventCreate(&m.cpu_ev[1]); }
In file included from /mnt/sda2/home/calvin/workspace/strata-validation/toolchains/rocm/lib/python3.10/site-packages/_rocm_sdk_core/include/hip/hip_runtime.h:65,
                 from /home/calvin/workspace/strata-integration-validation/source/include/strata/hip_compat/cuda_runtime.h:12,
                 from <command-line>:
/mnt/sda2/home/calvin/workspace/strata-validation/toolchains/rocm/lib/python3.10/site-packages/_rocm_sdk_core/include/hip/hip_runtime_api.h:3366:12: note: in call to ‘hipError_t hipEventCreate(ihipEvent_t**)’, declared here
 3366 | hipError_t hipEventCreate(hipEvent_t* event);
      |            ^~~~~~~~~~~~~~
In file included from /mnt/sda2/home/calvin/workspace/strata-validation/toolchains/rocm/lib/python3.10/site-packages/_rocm_sdk_core/include/hip/hip_runtime.h:65,
                 from /home/calvin/workspace/strata-integration-validation/source/include/strata/hip_compat/cuda_runtime.h:12,
                 from <command-line>:
/mnt/sda2/home/calvin/workspace/strata-validation/toolchains/rocm/lib/python3.10/site-packages/_rocm_sdk_core/include/hip/hip_runtime_api.h:419:3: note: ‘hipError_t’ declared here
  419 | } hipError_t;
      |   ^~~~~~~~~~
/home/calvin/workspace/strata-integration-validation/source/src/prefill/prefill.cpp:3212:48: warning: ignoring returned value of type ‘hipError_t’, declared with attribute ‘nodiscard’ [-Wunused-result]
 3212 |                                 cudaEventRecord(m.cpu_ev[0], m.cs);
In file included from /mnt/sda2/home/calvin/workspace/strata-validation/toolchains/rocm/lib/python3.10/site-packages/_rocm_sdk_core/include/hip/hip_runtime.h:65,
                 from /home/calvin/workspace/strata-integration-validation/source/include/strata/hip_compat/cuda_runtime.h:12,
                 from <command-line>:
/mnt/sda2/home/calvin/workspace/strata-validation/toolchains/rocm/lib/python3.10/site-packages/_rocm_sdk_core/include/hip/hip_runtime_api.h:3436:12: note: in call to ‘hipError_t hipEventRecord(hipEvent_t, hipStream_t)’, declared here
 3436 | hipError_t hipEventRecord(hipEvent_t event, hipStream_t stream = NULL);
      |            ^~~~~~~~~~~~~~
In file included from /mnt/sda2/home/calvin/workspace/strata-validation/toolchains/rocm/lib/python3.10/site-packages/_rocm_sdk_core/include/hip/hip_runtime.h:65,
                 from /home/calvin/workspace/strata-integration-validation/source/include/strata/hip_compat/cuda_runtime.h:12,
                 from <command-line>:
/mnt/sda2/home/calvin/workspace/strata-validation/toolchains/rocm/lib/python3.10/site-packages/_rocm_sdk_core/include/hip/hip_runtime_api.h:419:3: note: ‘hipError_t’ declared here
  419 | } hipError_t;
      |   ^~~~~~~~~~
/home/calvin/workspace/strata-integration-validation/source/src/prefill/prefill.cpp:3272:48: warning: ignoring returned value of type ‘hipError_t’, declared with attribute ‘nodiscard’ [-Wunused-result]
 3272 |                                 cudaMemcpyAsync(m.bounds_dev, m.bounds_host.data(), m.bounds_host.size() * 4,
In file included from /mnt/sda2/home/calvin/workspace/strata-validation/toolchains/rocm/lib/python3.10/site-packages/_rocm_sdk_core/include/hip/hip_runtime.h:65,
                 from /home/calvin/workspace/strata-integration-validation/source/include/strata/hip_compat/cuda_runtime.h:12,
                 from <command-line>:
/mnt/sda2/home/calvin/workspace/strata-validation/toolchains/rocm/lib/python3.10/site-packages/_rocm_sdk_core/include/hip/hip_runtime_api.h:5050:12: note: in call to ‘hipError_t hipMemcpyAsync(void*, const void*, size_t, hipMemcpyKind, hipStream_t)’, declared here
 5050 | hipError_t hipMemcpyAsync(void* dst, const void* src, size_t sizeBytes, hipMemcpyKind kind,
      |            ^~~~~~~~~~~~~~
In file included from /mnt/sda2/home/calvin/workspace/strata-validation/toolchains/rocm/lib/python3.10/site-packages/_rocm_sdk_core/include/hip/hip_runtime.h:65,
                 from /home/calvin/workspace/strata-integration-validation/source/include/strata/hip_compat/cuda_runtime.h:12,
                 from <command-line>:
/mnt/sda2/home/calvin/workspace/strata-validation/toolchains/rocm/lib/python3.10/site-packages/_rocm_sdk_core/include/hip/hip_runtime_api.h:419:3: note: ‘hipError_t’ declared here
  419 | } hipError_t;
      |   ^~~~~~~~~~
/home/calvin/workspace/strata-integration-validation/source/src/prefill/prefill.cpp:3286:48: warning: ignoring returned value of type ‘hipError_t’, declared with attribute ‘nodiscard’ [-Wunused-result]
 3286 |                                 cudaEventRecord(P.ev_x, m.cs);
In file included from /mnt/sda2/home/calvin/workspace/strata-validation/toolchains/rocm/lib/python3.10/site-packages/_rocm_sdk_core/include/hip/hip_runtime.h:65,
                 from /home/calvin/workspace/strata-integration-validation/source/include/strata/hip_compat/cuda_runtime.h:12,
                 from <command-line>:
/mnt/sda2/home/calvin/workspace/strata-validation/toolchains/rocm/lib/python3.10/site-packages/_rocm_sdk_core/include/hip/hip_runtime_api.h:3436:12: note: in call to ‘hipError_t hipEventRecord(hipEvent_t, hipStream_t)’, declared here
 3436 | hipError_t hipEventRecord(hipEvent_t event, hipStream_t stream = NULL);
      |            ^~~~~~~~~~~~~~
In file included from /mnt/sda2/home/calvin/workspace/strata-validation/toolchains/rocm/lib/python3.10/site-packages/_rocm_sdk_core/include/hip/hip_runtime.h:65,
                 from /home/calvin/workspace/strata-integration-validation/source/include/strata/hip_compat/cuda_runtime.h:12,
                 from <command-line>:
/mnt/sda2/home/calvin/workspace/strata-validation/toolchains/rocm/lib/python3.10/site-packages/_rocm_sdk_core/include/hip/hip_runtime_api.h:419:3: note: ‘hipError_t’ declared here
  419 | } hipError_t;
      |   ^~~~~~~~~~
/home/calvin/workspace/strata-integration-validation/source/src/prefill/prefill.cpp:3287:52: warning: ignoring returned value of type ‘hipError_t’, declared with attribute ‘nodiscard’ [-Wunused-result]
 3287 |                                 cudaStreamWaitEvent(P.x_stream, P.ev_x, 0);
In file included from /mnt/sda2/home/calvin/workspace/strata-validation/toolchains/rocm/lib/python3.10/site-packages/_rocm_sdk_core/include/hip/hip_runtime.h:65,
                 from /home/calvin/workspace/strata-integration-validation/source/include/strata/hip_compat/cuda_runtime.h:12,
                 from <command-line>:
/mnt/sda2/home/calvin/workspace/strata-validation/toolchains/rocm/lib/python3.10/site-packages/_rocm_sdk_core/include/hip/hip_runtime_api.h:2950:12: note: in call to ‘hipError_t hipStreamWaitEvent(hipStream_t, hipEvent_t, unsigned int)’, declared here
 2950 | hipError_t hipStreamWaitEvent(hipStream_t stream, hipEvent_t event, unsigned int flags __dparm(0));
      |            ^~~~~~~~~~~~~~~~~~
In file included from /mnt/sda2/home/calvin/workspace/strata-validation/toolchains/rocm/lib/python3.10/site-packages/_rocm_sdk_core/include/hip/hip_runtime.h:65,
                 from /home/calvin/workspace/strata-integration-validation/source/include/strata/hip_compat/cuda_runtime.h:12,
                 from <command-line>:
/mnt/sda2/home/calvin/workspace/strata-validation/toolchains/rocm/lib/python3.10/site-packages/_rocm_sdk_core/include/hip/hip_runtime_api.h:419:3: note: ‘hipError_t’ declared here
  419 | } hipError_t;
      |   ^~~~~~~~~~
/home/calvin/workspace/strata-integration-validation/source/src/prefill/prefill.cpp:3290:65: warning: ignoring returned value of type ‘hipError_t’, declared with attribute ‘nodiscard’ [-Wunused-result]
 3290 |                             if (!P.p2p && P.f16) cudaMemcpyAsync(P.host_x16, m.mixed_h, (size_t) T * N * 2, cudaMemcpyDeviceToHost, xs);
In file included from /mnt/sda2/home/calvin/workspace/strata-validation/toolchains/rocm/lib/python3.10/site-packages/_rocm_sdk_core/include/hip/hip_runtime.h:65,
                 from /home/calvin/workspace/strata-integration-validation/source/include/strata/hip_compat/cuda_runtime.h:12,
                 from <command-line>:
/mnt/sda2/home/calvin/workspace/strata-validation/toolchains/rocm/lib/python3.10/site-packages/_rocm_sdk_core/include/hip/hip_runtime_api.h:5050:12: note: in call to ‘hipError_t hipMemcpyAsync(void*, const void*, size_t, hipMemcpyKind, hipStream_t)’, declared here
 5050 | hipError_t hipMemcpyAsync(void* dst, const void* src, size_t sizeBytes, hipMemcpyKind kind,
      |            ^~~~~~~~~~~~~~
In file included from /mnt/sda2/home/calvin/workspace/strata-validation/toolchains/rocm/lib/python3.10/site-packages/_rocm_sdk_core/include/hip/hip_runtime.h:65,
                 from /home/calvin/workspace/strata-integration-validation/source/include/strata/hip_compat/cuda_runtime.h:12,
                 from <command-line>:
/mnt/sda2/home/calvin/workspace/strata-validation/toolchains/rocm/lib/python3.10/site-packages/_rocm_sdk_core/include/hip/hip_runtime_api.h:419:3: note: ‘hipError_t’ declared here
  419 | } hipError_t;
      |   ^~~~~~~~~~
/home/calvin/workspace/strata-integration-validation/source/src/prefill/prefill.cpp:3291:61: warning: ignoring returned value of type ‘hipError_t’, declared with attribute ‘nodiscard’ [-Wunused-result]
 3291 |                             else if (!P.p2p) cudaMemcpyAsync(P.host_x, m.mixed, (size_t) T * N * 4, cudaMemcpyDeviceToHost, xs);
In file included from /mnt/sda2/home/calvin/workspace/strata-validation/toolchains/rocm/lib/python3.10/site-packages/_rocm_sdk_core/include/hip/hip_runtime.h:65,
                 from /home/calvin/workspace/strata-integration-validation/source/include/strata/hip_compat/cuda_runtime.h:12,
                 from <command-line>:
/mnt/sda2/home/calvin/workspace/strata-validation/toolchains/rocm/lib/python3.10/site-packages/_rocm_sdk_core/include/hip/hip_runtime_api.h:5050:12: note: in call to ‘hipError_t hipMemcpyAsync(void*, const void*, size_t, hipMemcpyKind, hipStream_t)’, declared here
 5050 | hipError_t hipMemcpyAsync(void* dst, const void* src, size_t sizeBytes, hipMemcpyKind kind,
      |            ^~~~~~~~~~~~~~
In file included from /mnt/sda2/home/calvin/workspace/strata-validation/toolchains/rocm/lib/python3.10/site-packages/_rocm_sdk_core/include/hip/hip_runtime.h:65,
                 from /home/calvin/workspace/strata-integration-validation/source/include/strata/hip_compat/cuda_runtime.h:12,
                 from <command-line>:
/mnt/sda2/home/calvin/workspace/strata-validation/toolchains/rocm/lib/python3.10/site-packages/_rocm_sdk_core/include/hip/hip_runtime_api.h:419:3: note: ‘hipError_t’ declared here
  419 | } hipError_t;
      |   ^~~~~~~~~~
/home/calvin/workspace/strata-integration-validation/source/src/prefill/prefill.cpp:3293:48: warning: ignoring returned value of type ‘hipError_t’, declared with attribute ‘nodiscard’ [-Wunused-result]
 3293 |                                 cudaMemcpyAsync(P.host_w, m.w, (size_t) T * K * 4, cudaMemcpyDeviceToHost, xs);
In file included from /mnt/sda2/home/calvin/workspace/strata-validation/toolchains/rocm/lib/python3.10/site-packages/_rocm_sdk_core/include/hip/hip_runtime.h:65,
                 from /home/calvin/workspace/strata-integration-validation/source/include/strata/hip_compat/cuda_runtime.h:12,
                 from <command-line>:
/mnt/sda2/home/calvin/workspace/strata-validation/toolchains/rocm/lib/python3.10/site-packages/_rocm_sdk_core/include/hip/hip_runtime_api.h:5050:12: note: in call to ‘hipError_t hipMemcpyAsync(void*, const void*, size_t, hipMemcpyKind, hipStream_t)’, declared here
 5050 | hipError_t hipMemcpyAsync(void* dst, const void* src, size_t sizeBytes, hipMemcpyKind kind,
      |            ^~~~~~~~~~~~~~
In file included from /mnt/sda2/home/calvin/workspace/strata-validation/toolchains/rocm/lib/python3.10/site-packages/_rocm_sdk_core/include/hip/hip_runtime.h:65,
                 from /home/calvin/workspace/strata-integration-validation/source/include/strata/hip_compat/cuda_runtime.h:12,
                 from <command-line>:
/mnt/sda2/home/calvin/workspace/strata-validation/toolchains/rocm/lib/python3.10/site-packages/_rocm_sdk_core/include/hip/hip_runtime_api.h:419:3: note: ‘hipError_t’ declared here
  419 | } hipError_t;
      |   ^~~~~~~~~~
/home/calvin/workspace/strata-integration-validation/source/src/prefill/prefill.cpp:3297:44: warning: ignoring returned value of type ‘hipError_t’, declared with attribute ‘nodiscard’ [-Wunused-result]
 3297 |                             cudaEventRecord(P.ev_in, xs);
In file included from /mnt/sda2/home/calvin/workspace/strata-validation/toolchains/rocm/lib/python3.10/site-packages/_rocm_sdk_core/include/hip/hip_runtime.h:65,
                 from /home/calvin/workspace/strata-integration-validation/source/include/strata/hip_compat/cuda_runtime.h:12,
                 from <command-line>:
/mnt/sda2/home/calvin/workspace/strata-validation/toolchains/rocm/lib/python3.10/site-packages/_rocm_sdk_core/include/hip/hip_runtime_api.h:3436:12: note: in call to ‘hipError_t hipEventRecord(hipEvent_t, hipStream_t)’, declared here
 3436 | hipError_t hipEventRecord(hipEvent_t event, hipStream_t stream = NULL);
      |            ^~~~~~~~~~~~~~
In file included from /mnt/sda2/home/calvin/workspace/strata-validation/toolchains/rocm/lib/python3.10/site-packages/_rocm_sdk_core/include/hip/hip_runtime.h:65,
                 from /home/calvin/workspace/strata-integration-validation/source/include/strata/hip_compat/cuda_runtime.h:12,
                 from <command-line>:
/mnt/sda2/home/calvin/workspace/strata-validation/toolchains/rocm/lib/python3.10/site-packages/_rocm_sdk_core/include/hip/hip_runtime_api.h:419:3: note: ‘hipError_t’ declared here
  419 | } hipError_t;
      |   ^~~~~~~~~~
/home/calvin/workspace/strata-integration-validation/source/src/prefill/prefill.cpp:3299:42: warning: ignoring returned value of type ‘hipError_t’, declared with attribute ‘nodiscard’ [-Wunused-result]
 3299 |                             cudaGetDevice(&prevd);
In file included from /mnt/sda2/home/calvin/workspace/strata-validation/toolchains/rocm/lib/python3.10/site-packages/_rocm_sdk_core/include/hip/hip_runtime.h:65,
                 from /home/calvin/workspace/strata-integration-validation/source/include/strata/hip_compat/cuda_runtime.h:12,
                 from <command-line>:
/mnt/sda2/home/calvin/workspace/strata-validation/toolchains/rocm/lib/python3.10/site-packages/_rocm_sdk_core/include/hip/hip_runtime_api.h:2260:12: note: in call to ‘hipError_t hipGetDevice(int*)’, declared here
 2260 | hipError_t hipGetDevice(int* deviceId);
      |            ^~~~~~~~~~~~
In file included from /mnt/sda2/home/calvin/workspace/strata-validation/toolchains/rocm/lib/python3.10/site-packages/_rocm_sdk_core/include/hip/hip_runtime.h:65,
                 from /home/calvin/workspace/strata-integration-validation/source/include/strata/hip_compat/cuda_runtime.h:12,
                 from <command-line>:
/mnt/sda2/home/calvin/workspace/strata-validation/toolchains/rocm/lib/python3.10/site-packages/_rocm_sdk_core/include/hip/hip_runtime_api.h:419:3: note: ‘hipError_t’ declared here
  419 | } hipError_t;
      |   ^~~~~~~~~~
/home/calvin/workspace/strata-integration-validation/source/src/prefill/prefill.cpp:3300:42: warning: ignoring returned value of type ‘hipError_t’, declared with attribute ‘nodiscard’ [-Wunused-result]
 3300 |                             cudaSetDevice(P.dev);
In file included from /mnt/sda2/home/calvin/workspace/strata-validation/toolchains/rocm/lib/python3.10/site-packages/_rocm_sdk_core/include/hip/hip_runtime.h:65,
                 from /home/calvin/workspace/strata-integration-validation/source/include/strata/hip_compat/cuda_runtime.h:12,
                 from <command-line>:
/mnt/sda2/home/calvin/workspace/strata-validation/toolchains/rocm/lib/python3.10/site-packages/_rocm_sdk_core/include/hip/hip_runtime_api.h:2233:12: note: in call to ‘hipError_t hipSetDevice(int)’, declared here
 2233 | hipError_t hipSetDevice(int deviceId);
      |            ^~~~~~~~~~~~
In file included from /mnt/sda2/home/calvin/workspace/strata-validation/toolchains/rocm/lib/python3.10/site-packages/_rocm_sdk_core/include/hip/hip_runtime.h:65,
                 from /home/calvin/workspace/strata-integration-validation/source/include/strata/hip_compat/cuda_runtime.h:12,
                 from <command-line>:
/mnt/sda2/home/calvin/workspace/strata-validation/toolchains/rocm/lib/python3.10/site-packages/_rocm_sdk_core/include/hip/hip_runtime_api.h:419:3: note: ‘hipError_t’ declared here
  419 | } hipError_t;
      |   ^~~~~~~~~~
/home/calvin/workspace/strata-integration-validation/source/src/prefill/prefill.cpp:3302:48: warning: ignoring returned value of type ‘hipError_t’, declared with attribute ‘nodiscard’ [-Wunused-result]
 3302 |                             cudaStreamWaitEvent(ps, P.ev_in, 0);
In file included from /mnt/sda2/home/calvin/workspace/strata-validation/toolchains/rocm/lib/python3.10/site-packages/_rocm_sdk_core/include/hip/hip_runtime.h:65,
                 from /home/calvin/workspace/strata-integration-validation/source/include/strata/hip_compat/cuda_runtime.h:12,
                 from <command-line>:
/mnt/sda2/home/calvin/workspace/strata-validation/toolchains/rocm/lib/python3.10/site-packages/_rocm_sdk_core/include/hip/hip_runtime_api.h:2950:12: note: in call to ‘hipError_t hipStreamWaitEvent(hipStream_t, hipEvent_t, unsigned int)’, declared here
 2950 | hipError_t hipStreamWaitEvent(hipStream_t stream, hipEvent_t event, unsigned int flags __dparm(0));
      |            ^~~~~~~~~~~~~~~~~~
In file included from /mnt/sda2/home/calvin/workspace/strata-validation/toolchains/rocm/lib/python3.10/site-packages/_rocm_sdk_core/include/hip/hip_runtime.h:65,
                 from /home/calvin/workspace/strata-integration-validation/source/include/strata/hip_compat/cuda_runtime.h:12,
                 from <command-line>:
/mnt/sda2/home/calvin/workspace/strata-validation/toolchains/rocm/lib/python3.10/site-packages/_rocm_sdk_core/include/hip/hip_runtime_api.h:419:3: note: ‘hipError_t’ declared here
  419 | } hipError_t;
      |   ^~~~~~~~~~
/home/calvin/workspace/strata-integration-validation/source/src/prefill/prefill.cpp:3303:69: warning: ignoring returned value of type ‘hipError_t’, declared with attribute ‘nodiscard’ [-Wunused-result]
 3303 |                             if (P.out_pending) { cudaStreamWaitEvent(ps, P.ev_done, 0); P.out_pending = false; }
In file included from /mnt/sda2/home/calvin/workspace/strata-validation/toolchains/rocm/lib/python3.10/site-packages/_rocm_sdk_core/include/hip/hip_runtime.h:65,
                 from /home/calvin/workspace/strata-integration-validation/source/include/strata/hip_compat/cuda_runtime.h:12,
                 from <command-line>:
/mnt/sda2/home/calvin/workspace/strata-validation/toolchains/rocm/lib/python3.10/site-packages/_rocm_sdk_core/include/hip/hip_runtime_api.h:2950:12: note: in call to ‘hipError_t hipStreamWaitEvent(hipStream_t, hipEvent_t, unsigned int)’, declared here
 2950 | hipError_t hipStreamWaitEvent(hipStream_t stream, hipEvent_t event, unsigned int flags __dparm(0));
      |            ^~~~~~~~~~~~~~~~~~
In file included from /mnt/sda2/home/calvin/workspace/strata-validation/toolchains/rocm/lib/python3.10/site-packages/_rocm_sdk_core/include/hip/hip_runtime.h:65,
                 from /home/calvin/workspace/strata-integration-validation/source/include/strata/hip_compat/cuda_runtime.h:12,
                 from <command-line>:
/mnt/sda2/home/calvin/workspace/strata-validation/toolchains/rocm/lib/python3.10/site-packages/_rocm_sdk_core/include/hip/hip_runtime_api.h:419:3: note: ‘hipError_t’ declared here
  419 | } hipError_t;
      |   ^~~~~~~~~~
/home/calvin/workspace/strata-integration-validation/source/src/prefill/prefill.cpp:3305:59: warning: ignoring returned value of type ‘hipError_t’, declared with attribute ‘nodiscard’ [-Wunused-result]
 3305 |                             if (P.p2p) cudaMemcpyPeerAsync(P.mixed, P.dev, m.mixed, prevd, (size_t) T * N * 4, ps);
In file included from /mnt/sda2/home/calvin/workspace/strata-validation/toolchains/rocm/lib/python3.10/site-packages/_rocm_sdk_core/include/hip/hip_runtime.h:65,
                 from /home/calvin/workspace/strata-integration-validation/source/include/strata/hip_compat/cuda_runtime.h:12,
                 from <command-line>:
/mnt/sda2/home/calvin/workspace/strata-validation/toolchains/rocm/lib/python3.10/site-packages/_rocm_sdk_core/include/hip/hip_runtime_api.h:5917:12: note: in call to ‘hipError_t hipMemcpyPeerAsync(void*, int, const void*, int, size_t, hipStream_t)’, declared here
 5917 | hipError_t hipMemcpyPeerAsync(void* dst, int dstDeviceId, const void* src, int srcDevice,
      |            ^~~~~~~~~~~~~~~~~~
In file included from /mnt/sda2/home/calvin/workspace/strata-validation/toolchains/rocm/lib/python3.10/site-packages/_rocm_sdk_core/include/hip/hip_runtime.h:65,
                 from /home/calvin/workspace/strata-integration-validation/source/include/strata/hip_compat/cuda_runtime.h:12,
                 from <command-line>:
/mnt/sda2/home/calvin/workspace/strata-validation/toolchains/rocm/lib/python3.10/site-packages/_rocm_sdk_core/include/hip/hip_runtime_api.h:419:3: note: ‘hipError_t’ declared here
  419 | } hipError_t;
      |   ^~~~~~~~~~
/home/calvin/workspace/strata-integration-validation/source/src/prefill/prefill.cpp:3311:48: warning: ignoring returned value of type ‘hipError_t’, declared with attribute ‘nodiscard’ [-Wunused-result]
 3311 |                                 cudaMemcpyAsync(P.src, src_h + rows_local,   // multi-GPU: the mapped table when on
In file included from /mnt/sda2/home/calvin/workspace/strata-validation/toolchains/rocm/lib/python3.10/site-packages/_rocm_sdk_core/include/hip/hip_runtime.h:65,
                 from /home/calvin/workspace/strata-integration-validation/source/include/strata/hip_compat/cuda_runtime.h:12,
                 from <command-line>:
/mnt/sda2/home/calvin/workspace/strata-validation/toolchains/rocm/lib/python3.10/site-packages/_rocm_sdk_core/include/hip/hip_runtime_api.h:5050:12: note: in call to ‘hipError_t hipMemcpyAsync(void*, const void*, size_t, hipMemcpyKind, hipStream_t)’, declared here
 5050 | hipError_t hipMemcpyAsync(void* dst, const void* src, size_t sizeBytes, hipMemcpyKind kind,
      |            ^~~~~~~~~~~~~~
In file included from /mnt/sda2/home/calvin/workspace/strata-validation/toolchains/rocm/lib/python3.10/site-packages/_rocm_sdk_core/include/hip/hip_runtime.h:65,
                 from /home/calvin/workspace/strata-integration-validation/source/include/strata/hip_compat/cuda_runtime.h:12,
                 from <command-line>:
/mnt/sda2/home/calvin/workspace/strata-validation/toolchains/rocm/lib/python3.10/site-packages/_rocm_sdk_core/include/hip/hip_runtime_api.h:419:3: note: ‘hipError_t’ declared here
  419 | } hipError_t;
      |   ^~~~~~~~~~
/home/calvin/workspace/strata-integration-validation/source/src/prefill/prefill.cpp:3321:48: warning: ignoring returned value of type ‘hipError_t’, declared with attribute ‘nodiscard’ [-Wunused-result]
 3321 |                                 cudaMemsetAsync(P.sum, 0, (size_t) T * N * 4, ps);
In file included from /mnt/sda2/home/calvin/workspace/strata-validation/toolchains/rocm/lib/python3.10/site-packages/_rocm_sdk_core/include/hip/hip_runtime.h:65,
                 from /home/calvin/workspace/strata-integration-validation/source/include/strata/hip_compat/cuda_runtime.h:12,
                 from <command-line>:
/mnt/sda2/home/calvin/workspace/strata-validation/toolchains/rocm/lib/python3.10/site-packages/_rocm_sdk_core/include/hip/hip_runtime_api.h:5141:12: note: in call to ‘hipError_t hipMemsetAsync(void*, int, size_t, hipStream_t)’, declared here
 5141 | hipError_t hipMemsetAsync(void* dst, int value, size_t sizeBytes, hipStream_t stream __dparm(0));
      |            ^~~~~~~~~~~~~~
In file included from /mnt/sda2/home/calvin/workspace/strata-validation/toolchains/rocm/lib/python3.10/site-packages/_rocm_sdk_core/include/hip/hip_runtime.h:65,
                 from /home/calvin/workspace/strata-integration-validation/source/include/strata/hip_compat/cuda_runtime.h:12,
                 from <command-line>:
/mnt/sda2/home/calvin/workspace/strata-validation/toolchains/rocm/lib/python3.10/site-packages/_rocm_sdk_core/include/hip/hip_runtime_api.h:419:3: note: ‘hipError_t’ declared here
  419 | } hipError_t;
      |   ^~~~~~~~~~
/home/calvin/workspace/strata-integration-validation/source/src/prefill/prefill.cpp:3346:52: warning: ignoring returned value of type ‘hipError_t’, declared with attribute ‘nodiscard’ [-Wunused-result]
 3346 |                                     cudaMemcpyAsync(P.bounds, P.bounds_host.data(), P.bounds_host.size() * 4, cudaMemcpyHostToDevice, ps);
In file included from /mnt/sda2/home/calvin/workspace/strata-validation/toolchains/rocm/lib/python3.10/site-packages/_rocm_sdk_core/include/hip/hip_runtime.h:65,
                 from /home/calvin/workspace/strata-integration-validation/source/include/strata/hip_compat/cuda_runtime.h:12,
                 from <command-line>:
/mnt/sda2/home/calvin/workspace/strata-validation/toolchains/rocm/lib/python3.10/site-packages/_rocm_sdk_core/include/hip/hip_runtime_api.h:5050:12: note: in call to ‘hipError_t hipMemcpyAsync(void*, const void*, size_t, hipMemcpyKind, hipStream_t)’, declared here
 5050 | hipError_t hipMemcpyAsync(void* dst, const void* src, size_t sizeBytes, hipMemcpyKind kind,
      |            ^~~~~~~~~~~~~~
In file included from /mnt/sda2/home/calvin/workspace/strata-validation/toolchains/rocm/lib/python3.10/site-packages/_rocm_sdk_core/include/hip/hip_runtime.h:65,
                 from /home/calvin/workspace/strata-integration-validation/source/include/strata/hip_compat/cuda_runtime.h:12,
                 from <command-line>:
/mnt/sda2/home/calvin/workspace/strata-validation/toolchains/rocm/lib/python3.10/site-packages/_rocm_sdk_core/include/hip/hip_runtime_api.h:419:3: note: ‘hipError_t’ declared here
  419 | } hipError_t;
      |   ^~~~~~~~~~
/home/calvin/workspace/strata-integration-validation/source/src/prefill/prefill.cpp:3381:54: warning: ignoring returned value of type ‘hipError_t’, declared with attribute ‘nodiscard’ [-Wunused-result]
 3381 |                                         cudaSetDevice(prevd);
In file included from /mnt/sda2/home/calvin/workspace/strata-validation/toolchains/rocm/lib/python3.10/site-packages/_rocm_sdk_core/include/hip/hip_runtime.h:65,
                 from /home/calvin/workspace/strata-integration-validation/source/include/strata/hip_compat/cuda_runtime.h:12,
                 from <command-line>:
/mnt/sda2/home/calvin/workspace/strata-validation/toolchains/rocm/lib/python3.10/site-packages/_rocm_sdk_core/include/hip/hip_runtime_api.h:2233:12: note: in call to ‘hipError_t hipSetDevice(int)’, declared here
 2233 | hipError_t hipSetDevice(int deviceId);
      |            ^~~~~~~~~~~~
In file included from /mnt/sda2/home/calvin/workspace/strata-validation/toolchains/rocm/lib/python3.10/site-packages/_rocm_sdk_core/include/hip/hip_runtime.h:65,
                 from /home/calvin/workspace/strata-integration-validation/source/include/strata/hip_compat/cuda_runtime.h:12,
                 from <command-line>:
/mnt/sda2/home/calvin/workspace/strata-validation/toolchains/rocm/lib/python3.10/site-packages/_rocm_sdk_core/include/hip/hip_runtime_api.h:419:3: note: ‘hipError_t’ declared here
  419 | } hipError_t;
      |   ^~~~~~~~~~
/home/calvin/workspace/strata-integration-validation/source/src/prefill/prefill.cpp:3401:62: warning: ignoring returned value of type ‘hipError_t’, declared with attribute ‘nodiscard’ [-Wunused-result]
 3401 |                                                 cudaSetDevice(prevd);
In file included from /mnt/sda2/home/calvin/workspace/strata-validation/toolchains/rocm/lib/python3.10/site-packages/_rocm_sdk_core/include/hip/hip_runtime.h:65,
                 from /home/calvin/workspace/strata-integration-validation/source/include/strata/hip_compat/cuda_runtime.h:12,
                 from <command-line>:
/mnt/sda2/home/calvin/workspace/strata-validation/toolchains/rocm/lib/python3.10/site-packages/_rocm_sdk_core/include/hip/hip_runtime_api.h:2233:12: note: in call to ‘hipError_t hipSetDevice(int)’, declared here
 2233 | hipError_t hipSetDevice(int deviceId);
      |            ^~~~~~~~~~~~
In file included from /mnt/sda2/home/calvin/workspace/strata-validation/toolchains/rocm/lib/python3.10/site-packages/_rocm_sdk_core/include/hip/hip_runtime.h:65,
                 from /home/calvin/workspace/strata-integration-validation/source/include/strata/hip_compat/cuda_runtime.h:12,
                 from <command-line>:
/mnt/sda2/home/calvin/workspace/strata-validation/toolchains/rocm/lib/python3.10/site-packages/_rocm_sdk_core/include/hip/hip_runtime_api.h:419:3: note: ‘hipError_t’ declared here
  419 | } hipError_t;
      |   ^~~~~~~~~~
/home/calvin/workspace/strata-integration-validation/source/src/prefill/prefill.cpp:3405:64: warning: ignoring returned value of type ‘hipError_t’, declared with attribute ‘nodiscard’ [-Wunused-result]
 3405 |                                             cudaStreamWaitEvent(ps, P.pcopied[(size_t) psl], 0);
In file included from /mnt/sda2/home/calvin/workspace/strata-validation/toolchains/rocm/lib/python3.10/site-packages/_rocm_sdk_core/include/hip/hip_runtime.h:65,
                 from /home/calvin/workspace/strata-integration-validation/source/include/strata/hip_compat/cuda_runtime.h:12,
                 from <command-line>:
/mnt/sda2/home/calvin/workspace/strata-validation/toolchains/rocm/lib/python3.10/site-packages/_rocm_sdk_core/include/hip/hip_runtime_api.h:2950:12: note: in call to ‘hipError_t hipStreamWaitEvent(hipStream_t, hipEvent_t, unsigned int)’, declared here
 2950 | hipError_t hipStreamWaitEvent(hipStream_t stream, hipEvent_t event, unsigned int flags __dparm(0));
      |            ^~~~~~~~~~~~~~~~~~
In file included from /mnt/sda2/home/calvin/workspace/strata-validation/toolchains/rocm/lib/python3.10/site-packages/_rocm_sdk_core/include/hip/hip_runtime.h:65,
                 from /home/calvin/workspace/strata-integration-validation/source/include/strata/hip_compat/cuda_runtime.h:12,
                 from <command-line>:
/mnt/sda2/home/calvin/workspace/strata-validation/toolchains/rocm/lib/python3.10/site-packages/_rocm_sdk_core/include/hip/hip_runtime_api.h:419:3: note: ‘hipError_t’ declared here
  419 | } hipError_t;
      |   ^~~~~~~~~~
/home/calvin/workspace/strata-integration-validation/source/src/prefill/prefill.cpp:3418:60: warning: ignoring returned value of type ‘hipError_t’, declared with attribute ‘nodiscard’ [-Wunused-result]
 3418 |                                             cudaEventRecord(P.pused[(size_t) psl], ps);
In file included from /mnt/sda2/home/calvin/workspace/strata-validation/toolchains/rocm/lib/python3.10/site-packages/_rocm_sdk_core/include/hip/hip_runtime.h:65,
                 from /home/calvin/workspace/strata-integration-validation/source/include/strata/hip_compat/cuda_runtime.h:12,
                 from <command-line>:
/mnt/sda2/home/calvin/workspace/strata-validation/toolchains/rocm/lib/python3.10/site-packages/_rocm_sdk_core/include/hip/hip_runtime_api.h:3436:12: note: in call to ‘hipError_t hipEventRecord(hipEvent_t, hipStream_t)’, declared here
 3436 | hipError_t hipEventRecord(hipEvent_t event, hipStream_t stream = NULL);
      |            ^~~~~~~~~~~~~~
In file included from /mnt/sda2/home/calvin/workspace/strata-validation/toolchains/rocm/lib/python3.10/site-packages/_rocm_sdk_core/include/hip/hip_runtime.h:65,
                 from /home/calvin/workspace/strata-integration-validation/source/include/strata/hip_compat/cuda_runtime.h:12,
                 from <command-line>:
/mnt/sda2/home/calvin/workspace/strata-validation/toolchains/rocm/lib/python3.10/site-packages/_rocm_sdk_core/include/hip/hip_runtime_api.h:419:3: note: ‘hipError_t’ declared here
  419 | } hipError_t;
      |   ^~~~~~~~~~
/home/calvin/workspace/strata-integration-validation/source/src/prefill/prefill.cpp:3426:52: warning: ignoring returned value of type ‘hipError_t’, declared with attribute ‘nodiscard’ [-Wunused-result]
 3426 |                                     cudaMemsetAsync(P.grp_gu + (size_t) ngx * mmq_gub, 0, MMQ_TAIL, ps);
In file included from /mnt/sda2/home/calvin/workspace/strata-validation/toolchains/rocm/lib/python3.10/site-packages/_rocm_sdk_core/include/hip/hip_runtime.h:65,
                 from /home/calvin/workspace/strata-integration-validation/source/include/strata/hip_compat/cuda_runtime.h:12,
                 from <command-line>:
/mnt/sda2/home/calvin/workspace/strata-validation/toolchains/rocm/lib/python3.10/site-packages/_rocm_sdk_core/include/hip/hip_runtime_api.h:5141:12: note: in call to ‘hipError_t hipMemsetAsync(void*, int, size_t, hipStream_t)’, declared here
 5141 | hipError_t hipMemsetAsync(void* dst, int value, size_t sizeBytes, hipStream_t stream __dparm(0));
      |            ^~~~~~~~~~~~~~
In file included from /mnt/sda2/home/calvin/workspace/strata-validation/toolchains/rocm/lib/python3.10/site-packages/_rocm_sdk_core/include/hip/hip_runtime.h:65,
                 from /home/calvin/workspace/strata-integration-validation/source/include/strata/hip_compat/cuda_runtime.h:12,
                 from <command-line>:
/mnt/sda2/home/calvin/workspace/strata-validation/toolchains/rocm/lib/python3.10/site-packages/_rocm_sdk_core/include/hip/hip_runtime_api.h:419:3: note: ‘hipError_t’ declared here
  419 | } hipError_t;
      |   ^~~~~~~~~~
/home/calvin/workspace/strata-integration-validation/source/src/prefill/prefill.cpp:3427:52: warning: ignoring returned value of type ‘hipError_t’, declared with attribute ‘nodiscard’ [-Wunused-result]
 3427 |                                     cudaMemsetAsync(P.grp_d + (size_t) ngx * mmq_db, 0, MMQ_TAIL, ps);
In file included from /mnt/sda2/home/calvin/workspace/strata-validation/toolchains/rocm/lib/python3.10/site-packages/_rocm_sdk_core/include/hip/hip_runtime.h:65,
                 from /home/calvin/workspace/strata-integration-validation/source/include/strata/hip_compat/cuda_runtime.h:12,
                 from <command-line>:
/mnt/sda2/home/calvin/workspace/strata-validation/toolchains/rocm/lib/python3.10/site-packages/_rocm_sdk_core/include/hip/hip_runtime_api.h:5141:12: note: in call to ‘hipError_t hipMemsetAsync(void*, int, size_t, hipStream_t)’, declared here
 5141 | hipError_t hipMemsetAsync(void* dst, int value, size_t sizeBytes, hipStream_t stream __dparm(0));
      |            ^~~~~~~~~~~~~~
In file included from /mnt/sda2/home/calvin/workspace/strata-validation/toolchains/rocm/lib/python3.10/site-packages/_rocm_sdk_core/include/hip/hip_runtime.h:65,
                 from /home/calvin/workspace/strata-integration-validation/source/include/strata/hip_compat/cuda_runtime.h:12,
                 from <command-line>:
/mnt/sda2/home/calvin/workspace/strata-validation/toolchains/rocm/lib/python3.10/site-packages/_rocm_sdk_core/include/hip/hip_runtime_api.h:419:3: note: ‘hipError_t’ declared here
  419 | } hipError_t;
      |   ^~~~~~~~~~
/home/calvin/workspace/strata-integration-validation/source/src/prefill/prefill.cpp:3437:74: warning: ignoring returned value of type ‘hipError_t’, declared with attribute ‘nodiscard’ [-Wunused-result]
 3437 |                                     if (P.dm_live[b]) cudaStreamWaitEvent(ps, P.ev_dm[b], 0);   // its last rows have left
In file included from /mnt/sda2/home/calvin/workspace/strata-validation/toolchains/rocm/lib/python3.10/site-packages/_rocm_sdk_core/include/hip/hip_runtime.h:65,
                 from /home/calvin/workspace/strata-integration-validation/source/include/strata/hip_compat/cuda_runtime.h:12,
                 from <command-line>:
/mnt/sda2/home/calvin/workspace/strata-validation/toolchains/rocm/lib/python3.10/site-packages/_rocm_sdk_core/include/hip/hip_runtime_api.h:2950:12: note: in call to ‘hipError_t hipStreamWaitEvent(hipStream_t, hipEvent_t, unsigned int)’, declared here
 2950 | hipError_t hipStreamWaitEvent(hipStream_t stream, hipEvent_t event, unsigned int flags __dparm(0));
      |            ^~~~~~~~~~~~~~~~~~
In file included from /mnt/sda2/home/calvin/workspace/strata-validation/toolchains/rocm/lib/python3.10/site-packages/_rocm_sdk_core/include/hip/hip_runtime.h:65,
                 from /home/calvin/workspace/strata-integration-validation/source/include/strata/hip_compat/cuda_runtime.h:12,
                 from <command-line>:
/mnt/sda2/home/calvin/workspace/strata-validation/toolchains/rocm/lib/python3.10/site-packages/_rocm_sdk_core/include/hip/hip_runtime_api.h:419:3: note: ‘hipError_t’ declared here
  419 | } hipError_t;
      |   ^~~~~~~~~~
/home/calvin/workspace/strata-integration-validation/source/src/prefill/prefill.cpp:3456:52: warning: ignoring returned value of type ‘hipError_t’, declared with attribute ‘nodiscard’ [-Wunused-result]
 3456 |                                     cudaEventRecord(P.ev_grp[g2 % PeerPrefill::kGrpEv], ps);
In file included from /mnt/sda2/home/calvin/workspace/strata-validation/toolchains/rocm/lib/python3.10/site-packages/_rocm_sdk_core/include/hip/hip_runtime.h:65,
                 from /home/calvin/workspace/strata-integration-validation/source/include/strata/hip_compat/cuda_runtime.h:12,
                 from <command-line>:
/mnt/sda2/home/calvin/workspace/strata-validation/toolchains/rocm/lib/python3.10/site-packages/_rocm_sdk_core/include/hip/hip_runtime_api.h:3436:12: note: in call to ‘hipError_t hipEventRecord(hipEvent_t, hipStream_t)’, declared here
 3436 | hipError_t hipEventRecord(hipEvent_t event, hipStream_t stream = NULL);
      |            ^~~~~~~~~~~~~~
In file included from /mnt/sda2/home/calvin/workspace/strata-validation/toolchains/rocm/lib/python3.10/site-packages/_rocm_sdk_core/include/hip/hip_runtime.h:65,
                 from /home/calvin/workspace/strata-integration-validation/source/include/strata/hip_compat/cuda_runtime.h:12,
                 from <command-line>:
/mnt/sda2/home/calvin/workspace/strata-validation/toolchains/rocm/lib/python3.10/site-packages/_rocm_sdk_core/include/hip/hip_runtime_api.h:419:3: note: ‘hipError_t’ declared here
  419 | } hipError_t;
      |   ^~~~~~~~~~
/home/calvin/workspace/strata-integration-validation/source/src/prefill/prefill.cpp:3457:56: warning: ignoring returned value of type ‘hipError_t’, declared with attribute ‘nodiscard’ [-Wunused-result]
 3457 |                                     cudaStreamWaitEvent(P.s_out, P.ev_grp[g2 % PeerPrefill::kGrpEv], 0);
In file included from /mnt/sda2/home/calvin/workspace/strata-validation/toolchains/rocm/lib/python3.10/site-packages/_rocm_sdk_core/include/hip/hip_runtime.h:65,
                 from /home/calvin/workspace/strata-integration-validation/source/include/strata/hip_compat/cuda_runtime.h:12,
                 from <command-line>:
/mnt/sda2/home/calvin/workspace/strata-validation/toolchains/rocm/lib/python3.10/site-packages/_rocm_sdk_core/include/hip/hip_runtime_api.h:2950:12: note: in call to ‘hipError_t hipStreamWaitEvent(hipStream_t, hipEvent_t, unsigned int)’, declared here
 2950 | hipError_t hipStreamWaitEvent(hipStream_t stream, hipEvent_t event, unsigned int flags __dparm(0));
      |            ^~~~~~~~~~~~~~~~~~
In file included from /mnt/sda2/home/calvin/workspace/strata-validation/toolchains/rocm/lib/python3.10/site-packages/_rocm_sdk_core/include/hip/hip_runtime.h:65,
                 from /home/calvin/workspace/strata-integration-validation/source/include/strata/hip_compat/cuda_runtime.h:12,
                 from <command-line>:
/mnt/sda2/home/calvin/workspace/strata-validation/toolchains/rocm/lib/python3.10/site-packages/_rocm_sdk_core/include/hip/hip_runtime_api.h:419:3: note: ‘hipError_t’ declared here
  419 | } hipError_t;
      |   ^~~~~~~~~~
/home/calvin/workspace/strata-integration-validation/source/src/prefill/prefill.cpp:3459:60: warning: ignoring returned value of type ‘hipError_t’, declared with attribute ‘nodiscard’ [-Wunused-result]
 3459 |                                         cudaMemcpyPeerAsync(m.Dm + (size_t) (rows_local + r0) * N, prevd, P.Dm_b[b], P.dev,
In file included from /mnt/sda2/home/calvin/workspace/strata-validation/toolchains/rocm/lib/python3.10/site-packages/_rocm_sdk_core/include/hip/hip_runtime.h:65,
                 from /home/calvin/workspace/strata-integration-validation/source/include/strata/hip_compat/cuda_runtime.h:12,
                 from <command-line>:
/mnt/sda2/home/calvin/workspace/strata-validation/toolchains/rocm/lib/python3.10/site-packages/_rocm_sdk_core/include/hip/hip_runtime_api.h:5917:12: note: in call to ‘hipError_t hipMemcpyPeerAsync(void*, int, const void*, int, size_t, hipStream_t)’, declared here
 5917 | hipError_t hipMemcpyPeerAsync(void* dst, int dstDeviceId, const void* src, int srcDevice,
      |            ^~~~~~~~~~~~~~~~~~
In file included from /mnt/sda2/home/calvin/workspace/strata-validation/toolchains/rocm/lib/python3.10/site-packages/_rocm_sdk_core/include/hip/hip_runtime.h:65,
                 from /home/calvin/workspace/strata-integration-validation/source/include/strata/hip_compat/cuda_runtime.h:12,
                 from <command-line>:
/mnt/sda2/home/calvin/workspace/strata-validation/toolchains/rocm/lib/python3.10/site-packages/_rocm_sdk_core/include/hip/hip_runtime_api.h:419:3: note: ‘hipError_t’ declared here
  419 | } hipError_t;
      |   ^~~~~~~~~~
/home/calvin/workspace/strata-integration-validation/source/src/prefill/prefill.cpp:3462:56: warning: ignoring returned value of type ‘hipError_t’, declared with attribute ‘nodiscard’ [-Wunused-result]
 3462 |                                         cudaMemcpyAsync(P.host_rows + (size_t) r0 * N, P.Dm_b[b], (size_t) nr * N * 4,
In file included from /mnt/sda2/home/calvin/workspace/strata-validation/toolchains/rocm/lib/python3.10/site-packages/_rocm_sdk_core/include/hip/hip_runtime.h:65,
                 from /home/calvin/workspace/strata-integration-validation/source/include/strata/hip_compat/cuda_runtime.h:12,
                 from <command-line>:
/mnt/sda2/home/calvin/workspace/strata-validation/toolchains/rocm/lib/python3.10/site-packages/_rocm_sdk_core/include/hip/hip_runtime_api.h:5050:12: note: in call to ‘hipError_t hipMemcpyAsync(void*, const void*, size_t, hipMemcpyKind, hipStream_t)’, declared here
 5050 | hipError_t hipMemcpyAsync(void* dst, const void* src, size_t sizeBytes, hipMemcpyKind kind,
      |            ^~~~~~~~~~~~~~
In file included from /mnt/sda2/home/calvin/workspace/strata-validation/toolchains/rocm/lib/python3.10/site-packages/_rocm_sdk_core/include/hip/hip_runtime.h:65,
                 from /home/calvin/workspace/strata-integration-validation/source/include/strata/hip_compat/cuda_runtime.h:12,
                 from <command-line>:
/mnt/sda2/home/calvin/workspace/strata-validation/toolchains/rocm/lib/python3.10/site-packages/_rocm_sdk_core/include/hip/hip_runtime_api.h:419:3: note: ‘hipError_t’ declared here
  419 | } hipError_t;
      |   ^~~~~~~~~~
/home/calvin/workspace/strata-integration-validation/source/src/prefill/prefill.cpp:3464:52: warning: ignoring returned value of type ‘hipError_t’, declared with attribute ‘nodiscard’ [-Wunused-result]
 3464 |                                     cudaEventRecord(P.ev_dm[b], P.s_out);
In file included from /mnt/sda2/home/calvin/workspace/strata-validation/toolchains/rocm/lib/python3.10/site-packages/_rocm_sdk_core/include/hip/hip_runtime.h:65,
                 from /home/calvin/workspace/strata-integration-validation/source/include/strata/hip_compat/cuda_runtime.h:12,
                 from <command-line>:
/mnt/sda2/home/calvin/workspace/strata-validation/toolchains/rocm/lib/python3.10/site-packages/_rocm_sdk_core/include/hip/hip_runtime_api.h:3436:12: note: in call to ‘hipError_t hipEventRecord(hipEvent_t, hipStream_t)’, declared here
 3436 | hipError_t hipEventRecord(hipEvent_t event, hipStream_t stream = NULL);
      |            ^~~~~~~~~~~~~~
In file included from /mnt/sda2/home/calvin/workspace/strata-validation/toolchains/rocm/lib/python3.10/site-packages/_rocm_sdk_core/include/hip/hip_runtime.h:65,
                 from /home/calvin/workspace/strata-integration-validation/source/include/strata/hip_compat/cuda_runtime.h:12,
                 from <command-line>:
/mnt/sda2/home/calvin/workspace/strata-validation/toolchains/rocm/lib/python3.10/site-packages/_rocm_sdk_core/include/hip/hip_runtime_api.h:419:3: note: ‘hipError_t’ declared here
  419 | } hipError_t;
      |   ^~~~~~~~~~
/home/calvin/workspace/strata-integration-validation/source/src/prefill/prefill.cpp:3477:52: warning: ignoring returned value of type ‘hipError_t’, declared with attribute ‘nodiscard’ [-Wunused-result]
 3477 |                                     cudaMemcpyAsync(P.bounds, P.bounds_host.data(), P.bounds_host.size() * 4, cudaMemcpyHostToDevice, ps);
In file included from /mnt/sda2/home/calvin/workspace/strata-validation/toolchains/rocm/lib/python3.10/site-packages/_rocm_sdk_core/include/hip/hip_runtime.h:65,
                 from /home/calvin/workspace/strata-integration-validation/source/include/strata/hip_compat/cuda_runtime.h:12,
                 from <command-line>:
/mnt/sda2/home/calvin/workspace/strata-validation/toolchains/rocm/lib/python3.10/site-packages/_rocm_sdk_core/include/hip/hip_runtime_api.h:5050:12: note: in call to ‘hipError_t hipMemcpyAsync(void*, const void*, size_t, hipMemcpyKind, hipStream_t)’, declared here
 5050 | hipError_t hipMemcpyAsync(void* dst, const void* src, size_t sizeBytes, hipMemcpyKind kind,
      |            ^~~~~~~~~~~~~~
In file included from /mnt/sda2/home/calvin/workspace/strata-validation/toolchains/rocm/lib/python3.10/site-packages/_rocm_sdk_core/include/hip/hip_runtime.h:65,
                 from /home/calvin/workspace/strata-integration-validation/source/include/strata/hip_compat/cuda_runtime.h:12,
                 from <command-line>:
/mnt/sda2/home/calvin/workspace/strata-validation/toolchains/rocm/lib/python3.10/site-packages/_rocm_sdk_core/include/hip/hip_runtime_api.h:419:3: note: ‘hipError_t’ declared here
  419 | } hipError_t;
      |   ^~~~~~~~~~
/home/calvin/workspace/strata-integration-validation/source/src/prefill/prefill.cpp:3500:52: warning: ignoring returned value of type ‘hipError_t’, declared with attribute ‘nodiscard’ [-Wunused-result]
 3500 |                                     cudaMemsetAsync(P.grp_gu + (size_t) ngx * mmq_gub, 0, MMQ_TAIL, ps);
In file included from /mnt/sda2/home/calvin/workspace/strata-validation/toolchains/rocm/lib/python3.10/site-packages/_rocm_sdk_core/include/hip/hip_runtime.h:65,
                 from /home/calvin/workspace/strata-integration-validation/source/include/strata/hip_compat/cuda_runtime.h:12,
                 from <command-line>:
/mnt/sda2/home/calvin/workspace/strata-validation/toolchains/rocm/lib/python3.10/site-packages/_rocm_sdk_core/include/hip/hip_runtime_api.h:5141:12: note: in call to ‘hipError_t hipMemsetAsync(void*, int, size_t, hipStream_t)’, declared here
 5141 | hipError_t hipMemsetAsync(void* dst, int value, size_t sizeBytes, hipStream_t stream __dparm(0));
      |            ^~~~~~~~~~~~~~
In file included from /mnt/sda2/home/calvin/workspace/strata-validation/toolchains/rocm/lib/python3.10/site-packages/_rocm_sdk_core/include/hip/hip_runtime.h:65,
                 from /home/calvin/workspace/strata-integration-validation/source/include/strata/hip_compat/cuda_runtime.h:12,
                 from <command-line>:
/mnt/sda2/home/calvin/workspace/strata-validation/toolchains/rocm/lib/python3.10/site-packages/_rocm_sdk_core/include/hip/hip_runtime_api.h:419:3: note: ‘hipError_t’ declared here
  419 | } hipError_t;
      |   ^~~~~~~~~~
/home/calvin/workspace/strata-integration-validation/source/src/prefill/prefill.cpp:3501:52: warning: ignoring returned value of type ‘hipError_t’, declared with attribute ‘nodiscard’ [-Wunused-result]
 3501 |                                     cudaMemsetAsync(P.grp_d + (size_t) ngx * mmq_db, 0, MMQ_TAIL, ps);
In file included from /mnt/sda2/home/calvin/workspace/strata-validation/toolchains/rocm/lib/python3.10/site-packages/_rocm_sdk_core/include/hip/hip_runtime.h:65,
                 from /home/calvin/workspace/strata-integration-validation/source/include/strata/hip_compat/cuda_runtime.h:12,
                 from <command-line>:
/mnt/sda2/home/calvin/workspace/strata-validation/toolchains/rocm/lib/python3.10/site-packages/_rocm_sdk_core/include/hip/hip_runtime_api.h:5141:12: note: in call to ‘hipError_t hipMemsetAsync(void*, int, size_t, hipStream_t)’, declared here
 5141 | hipError_t hipMemsetAsync(void* dst, int value, size_t sizeBytes, hipStream_t stream __dparm(0));
      |            ^~~~~~~~~~~~~~
In file included from /mnt/sda2/home/calvin/workspace/strata-validation/toolchains/rocm/lib/python3.10/site-packages/_rocm_sdk_core/include/hip/hip_runtime.h:65,
                 from /home/calvin/workspace/strata-integration-validation/source/include/strata/hip_compat/cuda_runtime.h:12,
                 from <command-line>:
/mnt/sda2/home/calvin/workspace/strata-validation/toolchains/rocm/lib/python3.10/site-packages/_rocm_sdk_core/include/hip/hip_runtime_api.h:419:3: note: ‘hipError_t’ declared here
  419 | } hipError_t;
      |   ^~~~~~~~~~
/home/calvin/workspace/strata-integration-validation/source/src/prefill/prefill.cpp:3516:56: warning: ignoring returned value of type ‘hipError_t’, declared with attribute ‘nodiscard’ [-Wunused-result]
 3516 |                                         cudaEventRecord(P.ev_grp[g2], ps);
In file included from /mnt/sda2/home/calvin/workspace/strata-validation/toolchains/rocm/lib/python3.10/site-packages/_rocm_sdk_core/include/hip/hip_runtime.h:65,
                 from /home/calvin/workspace/strata-integration-validation/source/include/strata/hip_compat/cuda_runtime.h:12,
                 from <command-line>:
/mnt/sda2/home/calvin/workspace/strata-validation/toolchains/rocm/lib/python3.10/site-packages/_rocm_sdk_core/include/hip/hip_runtime_api.h:3436:12: note: in call to ‘hipError_t hipEventRecord(hipEvent_t, hipStream_t)’, declared here
 3436 | hipError_t hipEventRecord(hipEvent_t event, hipStream_t stream = NULL);
      |            ^~~~~~~~~~~~~~
In file included from /mnt/sda2/home/calvin/workspace/strata-validation/toolchains/rocm/lib/python3.10/site-packages/_rocm_sdk_core/include/hip/hip_runtime.h:65,
                 from /home/calvin/workspace/strata-integration-validation/source/include/strata/hip_compat/cuda_runtime.h:12,
                 from <command-line>:
/mnt/sda2/home/calvin/workspace/strata-validation/toolchains/rocm/lib/python3.10/site-packages/_rocm_sdk_core/include/hip/hip_runtime_api.h:419:3: note: ‘hipError_t’ declared here
  419 | } hipError_t;
      |   ^~~~~~~~~~
/home/calvin/workspace/strata-integration-validation/source/src/prefill/prefill.cpp:3517:60: warning: ignoring returned value of type ‘hipError_t’, declared with attribute ‘nodiscard’ [-Wunused-result]
 3517 |                                         cudaStreamWaitEvent(P.s_out, P.ev_grp[g2], 0);
In file included from /mnt/sda2/home/calvin/workspace/strata-validation/toolchains/rocm/lib/python3.10/site-packages/_rocm_sdk_core/include/hip/hip_runtime.h:65,
                 from /home/calvin/workspace/strata-integration-validation/source/include/strata/hip_compat/cuda_runtime.h:12,
                 from <command-line>:
/mnt/sda2/home/calvin/workspace/strata-validation/toolchains/rocm/lib/python3.10/site-packages/_rocm_sdk_core/include/hip/hip_runtime_api.h:2950:12: note: in call to ‘hipError_t hipStreamWaitEvent(hipStream_t, hipEvent_t, unsigned int)’, declared here
 2950 | hipError_t hipStreamWaitEvent(hipStream_t stream, hipEvent_t event, unsigned int flags __dparm(0));
      |            ^~~~~~~~~~~~~~~~~~
In file included from /mnt/sda2/home/calvin/workspace/strata-validation/toolchains/rocm/lib/python3.10/site-packages/_rocm_sdk_core/include/hip/hip_runtime.h:65,
                 from /home/calvin/workspace/strata-integration-validation/source/include/strata/hip_compat/cuda_runtime.h:12,
                 from <command-line>:
/mnt/sda2/home/calvin/workspace/strata-validation/toolchains/rocm/lib/python3.10/site-packages/_rocm_sdk_core/include/hip/hip_runtime_api.h:419:3: note: ‘hipError_t’ declared here
  419 | } hipError_t;
      |   ^~~~~~~~~~
/home/calvin/workspace/strata-integration-validation/source/src/prefill/prefill.cpp:3518:60: warning: ignoring returned value of type ‘hipError_t’, declared with attribute ‘nodiscard’ [-Wunused-result]
 3518 |                                         cudaMemcpyPeerAsync(m.Dm + (size_t) (rows_local + r0) * N, prevd, P.Dm + (size_t) r0 * N,
In file included from /mnt/sda2/home/calvin/workspace/strata-validation/toolchains/rocm/lib/python3.10/site-packages/_rocm_sdk_core/include/hip/hip_runtime.h:65,
                 from /home/calvin/workspace/strata-integration-validation/source/include/strata/hip_compat/cuda_runtime.h:12,
                 from <command-line>:
/mnt/sda2/home/calvin/workspace/strata-validation/toolchains/rocm/lib/python3.10/site-packages/_rocm_sdk_core/include/hip/hip_runtime_api.h:5917:12: note: in call to ‘hipError_t hipMemcpyPeerAsync(void*, int, const void*, int, size_t, hipStream_t)’, declared here
 5917 | hipError_t hipMemcpyPeerAsync(void* dst, int dstDeviceId, const void* src, int srcDevice,
      |            ^~~~~~~~~~~~~~~~~~
In file included from /mnt/sda2/home/calvin/workspace/strata-validation/toolchains/rocm/lib/python3.10/site-packages/_rocm_sdk_core/include/hip/hip_runtime.h:65,
                 from /home/calvin/workspace/strata-integration-validation/source/include/strata/hip_compat/cuda_runtime.h:12,
                 from <command-line>:
/mnt/sda2/home/calvin/workspace/strata-validation/toolchains/rocm/lib/python3.10/site-packages/_rocm_sdk_core/include/hip/hip_runtime_api.h:419:3: note: ‘hipError_t’ declared here
  419 | } hipError_t;
      |   ^~~~~~~~~~
/home/calvin/workspace/strata-integration-validation/source/src/prefill/prefill.cpp:3527:52: warning: ignoring returned value of type ‘hipError_t’, declared with attribute ‘nodiscard’ [-Wunused-result]
 3527 |                                     cudaMemcpyAsync(P.host_sum16, P.sum16, (size_t) T * N * 2, cudaMemcpyDeviceToHost, ps);
In file included from /mnt/sda2/home/calvin/workspace/strata-validation/toolchains/rocm/lib/python3.10/site-packages/_rocm_sdk_core/include/hip/hip_runtime.h:65,
                 from /home/calvin/workspace/strata-integration-validation/source/include/strata/hip_compat/cuda_runtime.h:12,
                 from <command-line>:
/mnt/sda2/home/calvin/workspace/strata-validation/toolchains/rocm/lib/python3.10/site-packages/_rocm_sdk_core/include/hip/hip_runtime_api.h:5050:12: note: in call to ‘hipError_t hipMemcpyAsync(void*, const void*, size_t, hipMemcpyKind, hipStream_t)’, declared here
 5050 | hipError_t hipMemcpyAsync(void* dst, const void* src, size_t sizeBytes, hipMemcpyKind kind,
      |            ^~~~~~~~~~~~~~
In file included from /mnt/sda2/home/calvin/workspace/strata-validation/toolchains/rocm/lib/python3.10/site-packages/_rocm_sdk_core/include/hip/hip_runtime.h:65,
                 from /home/calvin/workspace/strata-integration-validation/source/include/strata/hip_compat/cuda_runtime.h:12,
                 from <command-line>:
/mnt/sda2/home/calvin/workspace/strata-validation/toolchains/rocm/lib/python3.10/site-packages/_rocm_sdk_core/include/hip/hip_runtime_api.h:419:3: note: ‘hipError_t’ declared here
  419 | } hipError_t;
      |   ^~~~~~~~~~
/home/calvin/workspace/strata-integration-validation/source/src/prefill/prefill.cpp:3529:52: warning: ignoring returned value of type ‘hipError_t’, declared with attribute ‘nodiscard’ [-Wunused-result]
 3529 |                                     cudaMemcpyAsync(P.host_sum, P.sum, (size_t) T * N * 4, cudaMemcpyDeviceToHost, ps);
In file included from /mnt/sda2/home/calvin/workspace/strata-validation/toolchains/rocm/lib/python3.10/site-packages/_rocm_sdk_core/include/hip/hip_runtime.h:65,
                 from /home/calvin/workspace/strata-integration-validation/source/include/strata/hip_compat/cuda_runtime.h:12,
                 from <command-line>:
/mnt/sda2/home/calvin/workspace/strata-validation/toolchains/rocm/lib/python3.10/site-packages/_rocm_sdk_core/include/hip/hip_runtime_api.h:5050:12: note: in call to ‘hipError_t hipMemcpyAsync(void*, const void*, size_t, hipMemcpyKind, hipStream_t)’, declared here
 5050 | hipError_t hipMemcpyAsync(void* dst, const void* src, size_t sizeBytes, hipMemcpyKind kind,
      |            ^~~~~~~~~~~~~~
In file included from /mnt/sda2/home/calvin/workspace/strata-validation/toolchains/rocm/lib/python3.10/site-packages/_rocm_sdk_core/include/hip/hip_runtime.h:65,
                 from /home/calvin/workspace/strata-integration-validation/source/include/strata/hip_compat/cuda_runtime.h:12,
                 from <command-line>:
/mnt/sda2/home/calvin/workspace/strata-validation/toolchains/rocm/lib/python3.10/site-packages/_rocm_sdk_core/include/hip/hip_runtime_api.h:419:3: note: ‘hipError_t’ declared here
  419 | } hipError_t;
      |   ^~~~~~~~~~
/home/calvin/workspace/strata-integration-validation/source/src/prefill/prefill.cpp:3531:48: warning: ignoring returned value of type ‘hipError_t’, declared with attribute ‘nodiscard’ [-Wunused-result]
 3531 |                                 cudaEventRecord(P.ev_done, ps);
In file included from /mnt/sda2/home/calvin/workspace/strata-validation/toolchains/rocm/lib/python3.10/site-packages/_rocm_sdk_core/include/hip/hip_runtime.h:65,
                 from /home/calvin/workspace/strata-integration-validation/source/include/strata/hip_compat/cuda_runtime.h:12,
                 from <command-line>:
/mnt/sda2/home/calvin/workspace/strata-validation/toolchains/rocm/lib/python3.10/site-packages/_rocm_sdk_core/include/hip/hip_runtime_api.h:3436:12: note: in call to ‘hipError_t hipEventRecord(hipEvent_t, hipStream_t)’, declared here
 3436 | hipError_t hipEventRecord(hipEvent_t event, hipStream_t stream = NULL);
      |            ^~~~~~~~~~~~~~
In file included from /mnt/sda2/home/calvin/workspace/strata-validation/toolchains/rocm/lib/python3.10/site-packages/_rocm_sdk_core/include/hip/hip_runtime.h:65,
                 from /home/calvin/workspace/strata-integration-validation/source/include/strata/hip_compat/cuda_runtime.h:12,
                 from <command-line>:
/mnt/sda2/home/calvin/workspace/strata-validation/toolchains/rocm/lib/python3.10/site-packages/_rocm_sdk_core/include/hip/hip_runtime_api.h:419:3: note: ‘hipError_t’ declared here
  419 | } hipError_t;
      |   ^~~~~~~~~~
/home/calvin/workspace/strata-integration-validation/source/src/prefill/prefill.cpp:3534:48: warning: ignoring returned value of type ‘hipError_t’, declared with attribute ‘nodiscard’ [-Wunused-result]
 3534 |                                 cudaEventRecord(P.ev_done, P.s_out);
In file included from /mnt/sda2/home/calvin/workspace/strata-validation/toolchains/rocm/lib/python3.10/site-packages/_rocm_sdk_core/include/hip/hip_runtime.h:65,
                 from /home/calvin/workspace/strata-integration-validation/source/include/strata/hip_compat/cuda_runtime.h:12,
                 from <command-line>:
/mnt/sda2/home/calvin/workspace/strata-validation/toolchains/rocm/lib/python3.10/site-packages/_rocm_sdk_core/include/hip/hip_runtime_api.h:3436:12: note: in call to ‘hipError_t hipEventRecord(hipEvent_t, hipStream_t)’, declared here
 3436 | hipError_t hipEventRecord(hipEvent_t event, hipStream_t stream = NULL);
      |            ^~~~~~~~~~~~~~
In file included from /mnt/sda2/home/calvin/workspace/strata-validation/toolchains/rocm/lib/python3.10/site-packages/_rocm_sdk_core/include/hip/hip_runtime.h:65,
                 from /home/calvin/workspace/strata-integration-validation/source/include/strata/hip_compat/cuda_runtime.h:12,
                 from <command-line>:
/mnt/sda2/home/calvin/workspace/strata-validation/toolchains/rocm/lib/python3.10/site-packages/_rocm_sdk_core/include/hip/hip_runtime_api.h:419:3: note: ‘hipError_t’ declared here
  419 | } hipError_t;
      |   ^~~~~~~~~~
/home/calvin/workspace/strata-integration-validation/source/src/prefill/prefill.cpp:3537:52: warning: ignoring returned value of type ‘hipError_t’, declared with attribute ‘nodiscard’ [-Wunused-result]
 3537 |                                 cudaMemcpyPeerAsync(m.Dm + (size_t) rows_local * N, prevd, P.Dm, P.dev, (size_t) rows_peer * N * 4, ps);
In file included from /mnt/sda2/home/calvin/workspace/strata-validation/toolchains/rocm/lib/python3.10/site-packages/_rocm_sdk_core/include/hip/hip_runtime.h:65,
                 from /home/calvin/workspace/strata-integration-validation/source/include/strata/hip_compat/cuda_runtime.h:12,
                 from <command-line>:
/mnt/sda2/home/calvin/workspace/strata-validation/toolchains/rocm/lib/python3.10/site-packages/_rocm_sdk_core/include/hip/hip_runtime_api.h:5917:12: note: in call to ‘hipError_t hipMemcpyPeerAsync(void*, int, const void*, int, size_t, hipStream_t)’, declared here
 5917 | hipError_t hipMemcpyPeerAsync(void* dst, int dstDeviceId, const void* src, int srcDevice,
      |            ^~~~~~~~~~~~~~~~~~
In file included from /mnt/sda2/home/calvin/workspace/strata-validation/toolchains/rocm/lib/python3.10/site-packages/_rocm_sdk_core/include/hip/hip_runtime.h:65,
                 from /home/calvin/workspace/strata-integration-validation/source/include/strata/hip_compat/cuda_runtime.h:12,
                 from <command-line>:
/mnt/sda2/home/calvin/workspace/strata-validation/toolchains/rocm/lib/python3.10/site-packages/_rocm_sdk_core/include/hip/hip_runtime_api.h:419:3: note: ‘hipError_t’ declared here
  419 | } hipError_t;
      |   ^~~~~~~~~~
/home/calvin/workspace/strata-integration-validation/source/src/prefill/prefill.cpp:3538:48: warning: ignoring returned value of type ‘hipError_t’, declared with attribute ‘nodiscard’ [-Wunused-result]
 3538 |                                 cudaEventRecord(P.ev_done, ps);
In file included from /mnt/sda2/home/calvin/workspace/strata-validation/toolchains/rocm/lib/python3.10/site-packages/_rocm_sdk_core/include/hip/hip_runtime.h:65,
                 from /home/calvin/workspace/strata-integration-validation/source/include/strata/hip_compat/cuda_runtime.h:12,
                 from <command-line>:
/mnt/sda2/home/calvin/workspace/strata-validation/toolchains/rocm/lib/python3.10/site-packages/_rocm_sdk_core/include/hip/hip_runtime_api.h:3436:12: note: in call to ‘hipError_t hipEventRecord(hipEvent_t, hipStream_t)’, declared here
 3436 | hipError_t hipEventRecord(hipEvent_t event, hipStream_t stream = NULL);
      |            ^~~~~~~~~~~~~~
In file included from /mnt/sda2/home/calvin/workspace/strata-validation/toolchains/rocm/lib/python3.10/site-packages/_rocm_sdk_core/include/hip/hip_runtime.h:65,
                 from /home/calvin/workspace/strata-integration-validation/source/include/strata/hip_compat/cuda_runtime.h:12,
                 from <command-line>:
/mnt/sda2/home/calvin/workspace/strata-validation/toolchains/rocm/lib/python3.10/site-packages/_rocm_sdk_core/include/hip/hip_runtime_api.h:419:3: note: ‘hipError_t’ declared here
  419 | } hipError_t;
      |   ^~~~~~~~~~
/home/calvin/workspace/strata-integration-validation/source/src/prefill/prefill.cpp:3541:42: warning: ignoring returned value of type ‘hipError_t’, declared with attribute ‘nodiscard’ [-Wunused-result]
 3541 |                             cudaSetDevice(prevd);
In file included from /mnt/sda2/home/calvin/workspace/strata-validation/toolchains/rocm/lib/python3.10/site-packages/_rocm_sdk_core/include/hip/hip_runtime.h:65,
                 from /home/calvin/workspace/strata-integration-validation/source/include/strata/hip_compat/cuda_runtime.h:12,
                 from <command-line>:
/mnt/sda2/home/calvin/workspace/strata-validation/toolchains/rocm/lib/python3.10/site-packages/_rocm_sdk_core/include/hip/hip_runtime_api.h:2233:12: note: in call to ‘hipError_t hipSetDevice(int)’, declared here
 2233 | hipError_t hipSetDevice(int deviceId);
      |            ^~~~~~~~~~~~
In file included from /mnt/sda2/home/calvin/workspace/strata-validation/toolchains/rocm/lib/python3.10/site-packages/_rocm_sdk_core/include/hip/hip_runtime.h:65,
                 from /home/calvin/workspace/strata-integration-validation/source/include/strata/hip_compat/cuda_runtime.h:12,
                 from <command-line>:
/mnt/sda2/home/calvin/workspace/strata-validation/toolchains/rocm/lib/python3.10/site-packages/_rocm_sdk_core/include/hip/hip_runtime_api.h:419:3: note: ‘hipError_t’ declared here
  419 | } hipError_t;
      |   ^~~~~~~~~~
/home/calvin/workspace/strata-integration-validation/source/src/prefill/prefill.cpp:3548:42: warning: ignoring returned value of type ‘hipError_t’, declared with attribute ‘nodiscard’ [-Wunused-result]
 3548 |                             cudaGetDevice(&pd);
In file included from /mnt/sda2/home/calvin/workspace/strata-validation/toolchains/rocm/lib/python3.10/site-packages/_rocm_sdk_core/include/hip/hip_runtime.h:65,
                 from /home/calvin/workspace/strata-integration-validation/source/include/strata/hip_compat/cuda_runtime.h:12,
                 from <command-line>:
/mnt/sda2/home/calvin/workspace/strata-validation/toolchains/rocm/lib/python3.10/site-packages/_rocm_sdk_core/include/hip/hip_runtime_api.h:2260:12: note: in call to ‘hipError_t hipGetDevice(int*)’, declared here
 2260 | hipError_t hipGetDevice(int* deviceId);
      |            ^~~~~~~~~~~~
In file included from /mnt/sda2/home/calvin/workspace/strata-validation/toolchains/rocm/lib/python3.10/site-packages/_rocm_sdk_core/include/hip/hip_runtime.h:65,
                 from /home/calvin/workspace/strata-integration-validation/source/include/strata/hip_compat/cuda_runtime.h:12,
                 from <command-line>:
/mnt/sda2/home/calvin/workspace/strata-validation/toolchains/rocm/lib/python3.10/site-packages/_rocm_sdk_core/include/hip/hip_runtime_api.h:419:3: note: ‘hipError_t’ declared here
  419 | } hipError_t;
      |   ^~~~~~~~~~
/home/calvin/workspace/strata-integration-validation/source/src/prefill/prefill.cpp:3549:42: warning: ignoring returned value of type ‘hipError_t’, declared with attribute ‘nodiscard’ [-Wunused-result]
 3549 |                             cudaSetDevice(m.pp->dev);
In file included from /mnt/sda2/home/calvin/workspace/strata-validation/toolchains/rocm/lib/python3.10/site-packages/_rocm_sdk_core/include/hip/hip_runtime.h:65,
                 from /home/calvin/workspace/strata-integration-validation/source/include/strata/hip_compat/cuda_runtime.h:12,
                 from <command-line>:
/mnt/sda2/home/calvin/workspace/strata-validation/toolchains/rocm/lib/python3.10/site-packages/_rocm_sdk_core/include/hip/hip_runtime_api.h:2233:12: note: in call to ‘hipError_t hipSetDevice(int)’, declared here
 2233 | hipError_t hipSetDevice(int deviceId);
      |            ^~~~~~~~~~~~
In file included from /mnt/sda2/home/calvin/workspace/strata-validation/toolchains/rocm/lib/python3.10/site-packages/_rocm_sdk_core/include/hip/hip_runtime.h:65,
                 from /home/calvin/workspace/strata-integration-validation/source/include/strata/hip_compat/cuda_runtime.h:12,
                 from <command-line>:
/mnt/sda2/home/calvin/workspace/strata-validation/toolchains/rocm/lib/python3.10/site-packages/_rocm_sdk_core/include/hip/hip_runtime_api.h:419:3: note: ‘hipError_t’ declared here
  419 | } hipError_t;
      |   ^~~~~~~~~~
/home/calvin/workspace/strata-integration-validation/source/src/prefill/prefill.cpp:3551:42: warning: ignoring returned value of type ‘hipError_t’, declared with attribute ‘nodiscard’ [-Wunused-result]
 3551 |                             cudaSetDevice(pd);
In file included from /mnt/sda2/home/calvin/workspace/strata-validation/toolchains/rocm/lib/python3.10/site-packages/_rocm_sdk_core/include/hip/hip_runtime.h:65,
                 from /home/calvin/workspace/strata-integration-validation/source/include/strata/hip_compat/cuda_runtime.h:12,
                 from <command-line>:
/mnt/sda2/home/calvin/workspace/strata-validation/toolchains/rocm/lib/python3.10/site-packages/_rocm_sdk_core/include/hip/hip_runtime_api.h:2233:12: note: in call to ‘hipError_t hipSetDevice(int)’, declared here
 2233 | hipError_t hipSetDevice(int deviceId);
      |            ^~~~~~~~~~~~
In file included from /mnt/sda2/home/calvin/workspace/strata-validation/toolchains/rocm/lib/python3.10/site-packages/_rocm_sdk_core/include/hip/hip_runtime.h:65,
                 from /home/calvin/workspace/strata-integration-validation/source/include/strata/hip_compat/cuda_runtime.h:12,
                 from <command-line>:
/mnt/sda2/home/calvin/workspace/strata-validation/toolchains/rocm/lib/python3.10/site-packages/_rocm_sdk_core/include/hip/hip_runtime_api.h:419:3: note: ‘hipError_t’ declared here
  419 | } hipError_t;
      |   ^~~~~~~~~~
/home/calvin/workspace/strata-integration-validation/source/src/prefill/prefill.cpp: In lambda function:
/home/calvin/workspace/strata-integration-validation/source/src/prefill/prefill.cpp:3588:74: warning: ignoring returned value of type ‘hipError_t’, declared with attribute ‘nodiscard’ [-Wunused-result]
 3588 |                                 if (m.stage_live[sl]) cudaStreamWaitEvent(m.copy, m.used[m.used_of[sl]], 0);
In file included from /mnt/sda2/home/calvin/workspace/strata-validation/toolchains/rocm/lib/python3.10/site-packages/_rocm_sdk_core/include/hip/hip_runtime.h:65,
                 from /home/calvin/workspace/strata-integration-validation/source/include/strata/hip_compat/cuda_runtime.h:12,
                 from <command-line>:
/mnt/sda2/home/calvin/workspace/strata-validation/toolchains/rocm/lib/python3.10/site-packages/_rocm_sdk_core/include/hip/hip_runtime_api.h:2950:12: note: in call to ‘hipError_t hipStreamWaitEvent(hipStream_t, hipEvent_t, unsigned int)’, declared here
 2950 | hipError_t hipStreamWaitEvent(hipStream_t stream, hipEvent_t event, unsigned int flags __dparm(0));
      |            ^~~~~~~~~~~~~~~~~~
In file included from /mnt/sda2/home/calvin/workspace/strata-validation/toolchains/rocm/lib/python3.10/site-packages/_rocm_sdk_core/include/hip/hip_runtime.h:65,
                 from /home/calvin/workspace/strata-integration-validation/source/include/strata/hip_compat/cuda_runtime.h:12,
                 from <command-line>:
/mnt/sda2/home/calvin/workspace/strata-validation/toolchains/rocm/lib/python3.10/site-packages/_rocm_sdk_core/include/hip/hip_runtime_api.h:419:3: note: ‘hipError_t’ declared here
  419 | } hipError_t;
      |   ^~~~~~~~~~
/home/calvin/workspace/strata-integration-validation/source/src/prefill/prefill.cpp:3589:48: warning: ignoring returned value of type ‘hipError_t’, declared with attribute ‘nodiscard’ [-Wunused-result]
 3589 |                                 cudaMemcpyAsync(m.stage_dev[sl], b, (size_t) lay.blob_bytes(l), cudaMemcpyHostToDevice, m.copy);
In file included from /mnt/sda2/home/calvin/workspace/strata-validation/toolchains/rocm/lib/python3.10/site-packages/_rocm_sdk_core/include/hip/hip_runtime.h:65,
                 from /home/calvin/workspace/strata-integration-validation/source/include/strata/hip_compat/cuda_runtime.h:12,
                 from <command-line>:
/mnt/sda2/home/calvin/workspace/strata-validation/toolchains/rocm/lib/python3.10/site-packages/_rocm_sdk_core/include/hip/hip_runtime_api.h:5050:12: note: in call to ‘hipError_t hipMemcpyAsync(void*, const void*, size_t, hipMemcpyKind, hipStream_t)’, declared here
 5050 | hipError_t hipMemcpyAsync(void* dst, const void* src, size_t sizeBytes, hipMemcpyKind kind,
      |            ^~~~~~~~~~~~~~
In file included from /mnt/sda2/home/calvin/workspace/strata-validation/toolchains/rocm/lib/python3.10/site-packages/_rocm_sdk_core/include/hip/hip_runtime.h:65,
                 from /home/calvin/workspace/strata-integration-validation/source/include/strata/hip_compat/cuda_runtime.h:12,
                 from <command-line>:
/mnt/sda2/home/calvin/workspace/strata-validation/toolchains/rocm/lib/python3.10/site-packages/_rocm_sdk_core/include/hip/hip_runtime_api.h:419:3: note: ‘hipError_t’ declared here
  419 | } hipError_t;
      |   ^~~~~~~~~~
/home/calvin/workspace/strata-integration-validation/source/src/prefill/prefill.cpp:3594:74: warning: ignoring returned value of type ‘hipError_t’, declared with attribute ‘nodiscard’ [-Wunused-result]
 3594 |                                 if (m.stage_live[sl]) cudaStreamWaitEvent(m.copy, m.used[m.used_of[sl]], 0);
In file included from /mnt/sda2/home/calvin/workspace/strata-validation/toolchains/rocm/lib/python3.10/site-packages/_rocm_sdk_core/include/hip/hip_runtime.h:65,
                 from /home/calvin/workspace/strata-integration-validation/source/include/strata/hip_compat/cuda_runtime.h:12,
                 from <command-line>:
/mnt/sda2/home/calvin/workspace/strata-validation/toolchains/rocm/lib/python3.10/site-packages/_rocm_sdk_core/include/hip/hip_runtime_api.h:2950:12: note: in call to ‘hipError_t hipStreamWaitEvent(hipStream_t, hipEvent_t, unsigned int)’, declared here
 2950 | hipError_t hipStreamWaitEvent(hipStream_t stream, hipEvent_t event, unsigned int flags __dparm(0));
      |            ^~~~~~~~~~~~~~~~~~
In file included from /mnt/sda2/home/calvin/workspace/strata-validation/toolchains/rocm/lib/python3.10/site-packages/_rocm_sdk_core/include/hip/hip_runtime.h:65,
                 from /home/calvin/workspace/strata-integration-validation/source/include/strata/hip_compat/cuda_runtime.h:12,
                 from <command-line>:
/mnt/sda2/home/calvin/workspace/strata-validation/toolchains/rocm/lib/python3.10/site-packages/_rocm_sdk_core/include/hip/hip_runtime_api.h:419:3: note: ‘hipError_t’ declared here
  419 | } hipError_t;
      |   ^~~~~~~~~~
/home/calvin/workspace/strata-integration-validation/source/src/prefill/prefill.cpp:3595:48: warning: ignoring returned value of type ‘hipError_t’, declared with attribute ‘nodiscard’ [-Wunused-result]
 3595 |                                 cudaMemcpyAsync(m.stage_dev[sl], hb, (size_t) lay.blob_bytes(l), cudaMemcpyHostToDevice, m.copy);
In file included from /mnt/sda2/home/calvin/workspace/strata-validation/toolchains/rocm/lib/python3.10/site-packages/_rocm_sdk_core/include/hip/hip_runtime.h:65,
                 from /home/calvin/workspace/strata-integration-validation/source/include/strata/hip_compat/cuda_runtime.h:12,
                 from <command-line>:
/mnt/sda2/home/calvin/workspace/strata-validation/toolchains/rocm/lib/python3.10/site-packages/_rocm_sdk_core/include/hip/hip_runtime_api.h:5050:12: note: in call to ‘hipError_t hipMemcpyAsync(void*, const void*, size_t, hipMemcpyKind, hipStream_t)’, declared here
 5050 | hipError_t hipMemcpyAsync(void* dst, const void* src, size_t sizeBytes, hipMemcpyKind kind,
      |            ^~~~~~~~~~~~~~
In file included from /mnt/sda2/home/calvin/workspace/strata-validation/toolchains/rocm/lib/python3.10/site-packages/_rocm_sdk_core/include/hip/hip_runtime.h:65,
                 from /home/calvin/workspace/strata-integration-validation/source/include/strata/hip_compat/cuda_runtime.h:12,
                 from <command-line>:
/mnt/sda2/home/calvin/workspace/strata-validation/toolchains/rocm/lib/python3.10/site-packages/_rocm_sdk_core/include/hip/hip_runtime_api.h:419:3: note: ‘hipError_t’ declared here
  419 | } hipError_t;
      |   ^~~~~~~~~~
/home/calvin/workspace/strata-integration-validation/source/src/prefill/prefill.cpp:3598:44: warning: ignoring returned value of type ‘hipError_t’, declared with attribute ‘nodiscard’ [-Wunused-result]
 3598 |                             cudaEventRecord(m.copied[sl], m.copy);
In file included from /mnt/sda2/home/calvin/workspace/strata-validation/toolchains/rocm/lib/python3.10/site-packages/_rocm_sdk_core/include/hip/hip_runtime.h:65,
                 from /home/calvin/workspace/strata-integration-validation/source/include/strata/hip_compat/cuda_runtime.h:12,
                 from <command-line>:
/mnt/sda2/home/calvin/workspace/strata-validation/toolchains/rocm/lib/python3.10/site-packages/_rocm_sdk_core/include/hip/hip_runtime_api.h:3436:12: note: in call to ‘hipError_t hipEventRecord(hipEvent_t, hipStream_t)’, declared here
 3436 | hipError_t hipEventRecord(hipEvent_t event, hipStream_t stream = NULL);
      |            ^~~~~~~~~~~~~~
In file included from /mnt/sda2/home/calvin/workspace/strata-validation/toolchains/rocm/lib/python3.10/site-packages/_rocm_sdk_core/include/hip/hip_runtime.h:65,
                 from /home/calvin/workspace/strata-integration-validation/source/include/strata/hip_compat/cuda_runtime.h:12,
                 from <command-line>:
/mnt/sda2/home/calvin/workspace/strata-validation/toolchains/rocm/lib/python3.10/site-packages/_rocm_sdk_core/include/hip/hip_runtime_api.h:419:3: note: ‘hipError_t’ declared here
  419 | } hipError_t;
      |   ^~~~~~~~~~
/home/calvin/workspace/strata-integration-validation/source/src/prefill/prefill.cpp: In lambda function:
/home/calvin/workspace/strata-integration-validation/source/src/prefill/prefill.cpp:3626:52: warning: ignoring returned value of type ‘hipError_t’, declared with attribute ‘nodiscard’ [-Wunused-result]
 3626 |                                 cudaStreamWaitEvent(m.cs, m.copied[gg_slots[gg_nslots - 1]], 0);
In file included from /mnt/sda2/home/calvin/workspace/strata-validation/toolchains/rocm/lib/python3.10/site-packages/_rocm_sdk_core/include/hip/hip_runtime.h:65,
                 from /home/calvin/workspace/strata-integration-validation/source/include/strata/hip_compat/cuda_runtime.h:12,
                 from <command-line>:
/mnt/sda2/home/calvin/workspace/strata-validation/toolchains/rocm/lib/python3.10/site-packages/_rocm_sdk_core/include/hip/hip_runtime_api.h:2950:12: note: in call to ‘hipError_t hipStreamWaitEvent(hipStream_t, hipEvent_t, unsigned int)’, declared here
 2950 | hipError_t hipStreamWaitEvent(hipStream_t stream, hipEvent_t event, unsigned int flags __dparm(0));
      |            ^~~~~~~~~~~~~~~~~~
In file included from /mnt/sda2/home/calvin/workspace/strata-validation/toolchains/rocm/lib/python3.10/site-packages/_rocm_sdk_core/include/hip/hip_runtime.h:65,
                 from /home/calvin/workspace/strata-integration-validation/source/include/strata/hip_compat/cuda_runtime.h:12,
                 from <command-line>:
/mnt/sda2/home/calvin/workspace/strata-validation/toolchains/rocm/lib/python3.10/site-packages/_rocm_sdk_core/include/hip/hip_runtime_api.h:419:3: note: ‘hipError_t’ declared here
  419 | } hipError_t;
      |   ^~~~~~~~~~
/home/calvin/workspace/strata-integration-validation/source/src/prefill/prefill.cpp:3639:48: warning: ignoring returned value of type ‘hipError_t’, declared with attribute ‘nodiscard’ [-Wunused-result]
 3639 |                                 cudaEventRecord(m.used[rel], m.cs);
In file included from /mnt/sda2/home/calvin/workspace/strata-validation/toolchains/rocm/lib/python3.10/site-packages/_rocm_sdk_core/include/hip/hip_runtime.h:65,
                 from /home/calvin/workspace/strata-integration-validation/source/include/strata/hip_compat/cuda_runtime.h:12,
                 from <command-line>:
/mnt/sda2/home/calvin/workspace/strata-validation/toolchains/rocm/lib/python3.10/site-packages/_rocm_sdk_core/include/hip/hip_runtime_api.h:3436:12: note: in call to ‘hipError_t hipEventRecord(hipEvent_t, hipStream_t)’, declared here
 3436 | hipError_t hipEventRecord(hipEvent_t event, hipStream_t stream = NULL);
      |            ^~~~~~~~~~~~~~
In file included from /mnt/sda2/home/calvin/workspace/strata-validation/toolchains/rocm/lib/python3.10/site-packages/_rocm_sdk_core/include/hip/hip_runtime.h:65,
                 from /home/calvin/workspace/strata-integration-validation/source/include/strata/hip_compat/cuda_runtime.h:12,
                 from <command-line>:
/mnt/sda2/home/calvin/workspace/strata-validation/toolchains/rocm/lib/python3.10/site-packages/_rocm_sdk_core/include/hip/hip_runtime_api.h:419:3: note: ‘hipError_t’ declared here
  419 | } hipError_t;
      |   ^~~~~~~~~~
/home/calvin/workspace/strata-integration-validation/source/src/prefill/prefill.cpp: In lambda function:
/home/calvin/workspace/strata-integration-validation/source/src/prefill/prefill.cpp:3667:82: warning: ignoring returned value of type ‘hipError_t’, declared with attribute ‘nodiscard’ [-Wunused-result]
 3667 |                                 if (slot >= 0 && !group_gather) { cudaEventRecord(m.used[slot], m.cs); m.used_of[slot] = slot; }
In file included from /mnt/sda2/home/calvin/workspace/strata-validation/toolchains/rocm/lib/python3.10/site-packages/_rocm_sdk_core/include/hip/hip_runtime.h:65,
                 from /home/calvin/workspace/strata-integration-validation/source/include/strata/hip_compat/cuda_runtime.h:12,
                 from <command-line>:
/mnt/sda2/home/calvin/workspace/strata-validation/toolchains/rocm/lib/python3.10/site-packages/_rocm_sdk_core/include/hip/hip_runtime_api.h:3436:12: note: in call to ‘hipError_t hipEventRecord(hipEvent_t, hipStream_t)’, declared here
 3436 | hipError_t hipEventRecord(hipEvent_t event, hipStream_t stream = NULL);
      |            ^~~~~~~~~~~~~~
In file included from /mnt/sda2/home/calvin/workspace/strata-validation/toolchains/rocm/lib/python3.10/site-packages/_rocm_sdk_core/include/hip/hip_runtime.h:65,
                 from /home/calvin/workspace/strata-integration-validation/source/include/strata/hip_compat/cuda_runtime.h:12,
                 from <command-line>:
/mnt/sda2/home/calvin/workspace/strata-validation/toolchains/rocm/lib/python3.10/site-packages/_rocm_sdk_core/include/hip/hip_runtime_api.h:419:3: note: ‘hipError_t’ declared here
  419 | } hipError_t;
      |   ^~~~~~~~~~
/home/calvin/workspace/strata-integration-validation/source/src/prefill/prefill.cpp:3677:48: warning: ignoring returned value of type ‘hipError_t’, declared with attribute ‘nodiscard’ [-Wunused-result]
 3677 |                                 cudaMemsetAsync(m.grp_gu + (size_t) ngx * mmq_gub, 0, MMQ_TAIL, m.cs);
In file included from /mnt/sda2/home/calvin/workspace/strata-validation/toolchains/rocm/lib/python3.10/site-packages/_rocm_sdk_core/include/hip/hip_runtime.h:65,
                 from /home/calvin/workspace/strata-integration-validation/source/include/strata/hip_compat/cuda_runtime.h:12,
                 from <command-line>:
/mnt/sda2/home/calvin/workspace/strata-validation/toolchains/rocm/lib/python3.10/site-packages/_rocm_sdk_core/include/hip/hip_runtime_api.h:5141:12: note: in call to ‘hipError_t hipMemsetAsync(void*, int, size_t, hipStream_t)’, declared here
 5141 | hipError_t hipMemsetAsync(void* dst, int value, size_t sizeBytes, hipStream_t stream __dparm(0));
      |            ^~~~~~~~~~~~~~
In file included from /mnt/sda2/home/calvin/workspace/strata-validation/toolchains/rocm/lib/python3.10/site-packages/_rocm_sdk_core/include/hip/hip_runtime.h:65,
                 from /home/calvin/workspace/strata-integration-validation/source/include/strata/hip_compat/cuda_runtime.h:12,
                 from <command-line>:
/mnt/sda2/home/calvin/workspace/strata-validation/toolchains/rocm/lib/python3.10/site-packages/_rocm_sdk_core/include/hip/hip_runtime_api.h:419:3: note: ‘hipError_t’ declared here
  419 | } hipError_t;
      |   ^~~~~~~~~~
/home/calvin/workspace/strata-integration-validation/source/src/prefill/prefill.cpp:3678:48: warning: ignoring returned value of type ‘hipError_t’, declared with attribute ‘nodiscard’ [-Wunused-result]
 3678 |                                 cudaMemsetAsync(m.grp_d + (size_t) ngx * mmq_db, 0, MMQ_TAIL, m.cs);
In file included from /mnt/sda2/home/calvin/workspace/strata-validation/toolchains/rocm/lib/python3.10/site-packages/_rocm_sdk_core/include/hip/hip_runtime.h:65,
                 from /home/calvin/workspace/strata-integration-validation/source/include/strata/hip_compat/cuda_runtime.h:12,
                 from <command-line>:
/mnt/sda2/home/calvin/workspace/strata-validation/toolchains/rocm/lib/python3.10/site-packages/_rocm_sdk_core/include/hip/hip_runtime_api.h:5141:12: note: in call to ‘hipError_t hipMemsetAsync(void*, int, size_t, hipStream_t)’, declared here
 5141 | hipError_t hipMemsetAsync(void* dst, int value, size_t sizeBytes, hipStream_t stream __dparm(0));
      |            ^~~~~~~~~~~~~~
In file included from /mnt/sda2/home/calvin/workspace/strata-validation/toolchains/rocm/lib/python3.10/site-packages/_rocm_sdk_core/include/hip/hip_runtime.h:65,
                 from /home/calvin/workspace/strata-integration-validation/source/include/strata/hip_compat/cuda_runtime.h:12,
                 from <command-line>:
/mnt/sda2/home/calvin/workspace/strata-validation/toolchains/rocm/lib/python3.10/site-packages/_rocm_sdk_core/include/hip/hip_runtime_api.h:419:3: note: ‘hipError_t’ declared here
  419 | } hipError_t;
      |   ^~~~~~~~~~
/home/calvin/workspace/strata-integration-validation/source/src/prefill/prefill.cpp:3705:61: warning: ignoring returned value of type ‘hipError_t’, declared with attribute ‘nodiscard’ [-Wunused-result]
 3705 |                             if (slot >= 0) { cudaEventRecord(m.used[slot], m.cs); m.used_of[slot] = slot; }
In file included from /mnt/sda2/home/calvin/workspace/strata-validation/toolchains/rocm/lib/python3.10/site-packages/_rocm_sdk_core/include/hip/hip_runtime.h:65,
                 from /home/calvin/workspace/strata-integration-validation/source/include/strata/hip_compat/cuda_runtime.h:12,
                 from <command-line>:
/mnt/sda2/home/calvin/workspace/strata-validation/toolchains/rocm/lib/python3.10/site-packages/_rocm_sdk_core/include/hip/hip_runtime_api.h:3436:12: note: in call to ‘hipError_t hipEventRecord(hipEvent_t, hipStream_t)’, declared here
 3436 | hipError_t hipEventRecord(hipEvent_t event, hipStream_t stream = NULL);
      |            ^~~~~~~~~~~~~~
In file included from /mnt/sda2/home/calvin/workspace/strata-validation/toolchains/rocm/lib/python3.10/site-packages/_rocm_sdk_core/include/hip/hip_runtime.h:65,
                 from /home/calvin/workspace/strata-integration-validation/source/include/strata/hip_compat/cuda_runtime.h:12,
                 from <command-line>:
/mnt/sda2/home/calvin/workspace/strata-validation/toolchains/rocm/lib/python3.10/site-packages/_rocm_sdk_core/include/hip/hip_runtime_api.h:419:3: note: ‘hipError_t’ declared here
  419 | } hipError_t;
      |   ^~~~~~~~~~
/home/calvin/workspace/strata-integration-validation/source/src/prefill/prefill.cpp: In member function ‘bool strata::prefill::Prefill::run_impl(const int64_t*, int64_t, int64_t, std::string&)’:
/home/calvin/workspace/strata-integration-validation/source/src/prefill/prefill.cpp:3733:56: warning: ignoring returned value of type ‘hipError_t’, declared with attribute ‘nodiscard’ [-Wunused-result]
 3733 |                                     cudaStreamWaitEvent(m.cs, m.copied[stage_of[j]], 0);
In file included from /mnt/sda2/home/calvin/workspace/strata-validation/toolchains/rocm/lib/python3.10/site-packages/_rocm_sdk_core/include/hip/hip_runtime.h:65,
                 from /home/calvin/workspace/strata-integration-validation/source/include/strata/hip_compat/cuda_runtime.h:12,
                 from <command-line>:
/mnt/sda2/home/calvin/workspace/strata-validation/toolchains/rocm/lib/python3.10/site-packages/_rocm_sdk_core/include/hip/hip_runtime_api.h:2950:12: note: in call to ‘hipError_t hipStreamWaitEvent(hipStream_t, hipEvent_t, unsigned int)’, declared here
 2950 | hipError_t hipStreamWaitEvent(hipStream_t stream, hipEvent_t event, unsigned int flags __dparm(0));
      |            ^~~~~~~~~~~~~~~~~~
In file included from /mnt/sda2/home/calvin/workspace/strata-validation/toolchains/rocm/lib/python3.10/site-packages/_rocm_sdk_core/include/hip/hip_runtime.h:65,
                 from /home/calvin/workspace/strata-integration-validation/source/include/strata/hip_compat/cuda_runtime.h:12,
                 from <command-line>:
/mnt/sda2/home/calvin/workspace/strata-validation/toolchains/rocm/lib/python3.10/site-packages/_rocm_sdk_core/include/hip/hip_runtime_api.h:419:3: note: ‘hipError_t’ declared here
  419 | } hipError_t;
      |   ^~~~~~~~~~
/home/calvin/workspace/strata-integration-validation/source/src/prefill/prefill.cpp: In lambda function:
/home/calvin/workspace/strata-integration-validation/source/src/prefill/prefill.cpp:3747:52: warning: ignoring returned value of type ‘hipError_t’, declared with attribute ‘nodiscard’ [-Wunused-result]
 3747 |                                     cudaEventRecord(m.used[sl], m.cs);
In file included from /mnt/sda2/home/calvin/workspace/strata-validation/toolchains/rocm/lib/python3.10/site-packages/_rocm_sdk_core/include/hip/hip_runtime.h:65,
                 from /home/calvin/workspace/strata-integration-validation/source/include/strata/hip_compat/cuda_runtime.h:12,
                 from <command-line>:
/mnt/sda2/home/calvin/workspace/strata-validation/toolchains/rocm/lib/python3.10/site-packages/_rocm_sdk_core/include/hip/hip_runtime_api.h:3436:12: note: in call to ‘hipError_t hipEventRecord(hipEvent_t, hipStream_t)’, declared here
 3436 | hipError_t hipEventRecord(hipEvent_t event, hipStream_t stream = NULL);
      |            ^~~~~~~~~~~~~~
In file included from /mnt/sda2/home/calvin/workspace/strata-validation/toolchains/rocm/lib/python3.10/site-packages/_rocm_sdk_core/include/hip/hip_runtime.h:65,
                 from /home/calvin/workspace/strata-integration-validation/source/include/strata/hip_compat/cuda_runtime.h:12,
                 from <command-line>:
/mnt/sda2/home/calvin/workspace/strata-validation/toolchains/rocm/lib/python3.10/site-packages/_rocm_sdk_core/include/hip/hip_runtime_api.h:419:3: note: ‘hipError_t’ declared here
  419 | } hipError_t;
      |   ^~~~~~~~~~
/home/calvin/workspace/strata-integration-validation/source/src/prefill/prefill.cpp: In member function ‘bool strata::prefill::Prefill::run_impl(const int64_t*, int64_t, int64_t, std::string&)’:
/home/calvin/workspace/strata-integration-validation/source/src/prefill/prefill.cpp:3761:60: warning: ignoring returned value of type ‘hipError_t’, declared with attribute ‘nodiscard’ [-Wunused-result]
 3761 |                                         cudaStreamWaitEvent(m.cs, m.copied[sl], 0);
In file included from /mnt/sda2/home/calvin/workspace/strata-validation/toolchains/rocm/lib/python3.10/site-packages/_rocm_sdk_core/include/hip/hip_runtime.h:65,
                 from /home/calvin/workspace/strata-integration-validation/source/include/strata/hip_compat/cuda_runtime.h:12,
                 from <command-line>:
/mnt/sda2/home/calvin/workspace/strata-validation/toolchains/rocm/lib/python3.10/site-packages/_rocm_sdk_core/include/hip/hip_runtime_api.h:2950:12: note: in call to ‘hipError_t hipStreamWaitEvent(hipStream_t, hipEvent_t, unsigned int)’, declared here
 2950 | hipError_t hipStreamWaitEvent(hipStream_t stream, hipEvent_t event, unsigned int flags __dparm(0));
      |            ^~~~~~~~~~~~~~~~~~
In file included from /mnt/sda2/home/calvin/workspace/strata-validation/toolchains/rocm/lib/python3.10/site-packages/_rocm_sdk_core/include/hip/hip_runtime.h:65,
                 from /home/calvin/workspace/strata-integration-validation/source/include/strata/hip_compat/cuda_runtime.h:12,
                 from <command-line>:
/mnt/sda2/home/calvin/workspace/strata-validation/toolchains/rocm/lib/python3.10/site-packages/_rocm_sdk_core/include/hip/hip_runtime_api.h:419:3: note: ‘hipError_t’ declared here
  419 | } hipError_t;
      |   ^~~~~~~~~~
/home/calvin/workspace/strata-integration-validation/source/src/prefill/prefill.cpp:3781:67: warning: ignoring returned value of type ‘hipError_t’, declared with attribute ‘nodiscard’ [-Wunused-result]
 3781 |                         if (cpu_share_env() < 0.0) cudaEventRecord(m.cpu_ev[1], m.cs);   // after the GPU's expert work
In file included from /mnt/sda2/home/calvin/workspace/strata-validation/toolchains/rocm/lib/python3.10/site-packages/_rocm_sdk_core/include/hip/hip_runtime.h:65,
                 from /home/calvin/workspace/strata-integration-validation/source/include/strata/hip_compat/cuda_runtime.h:12,
                 from <command-line>:
/mnt/sda2/home/calvin/workspace/strata-validation/toolchains/rocm/lib/python3.10/site-packages/_rocm_sdk_core/include/hip/hip_runtime_api.h:3436:12: note: in call to ‘hipError_t hipEventRecord(hipEvent_t, hipStream_t)’, declared here
 3436 | hipError_t hipEventRecord(hipEvent_t event, hipStream_t stream = NULL);
      |            ^~~~~~~~~~~~~~
In file included from /mnt/sda2/home/calvin/workspace/strata-validation/toolchains/rocm/lib/python3.10/site-packages/_rocm_sdk_core/include/hip/hip_runtime.h:65,
                 from /home/calvin/workspace/strata-integration-validation/source/include/strata/hip_compat/cuda_runtime.h:12,
                 from <command-line>:
/mnt/sda2/home/calvin/workspace/strata-validation/toolchains/rocm/lib/python3.10/site-packages/_rocm_sdk_core/include/hip/hip_runtime_api.h:419:3: note: ‘hipError_t’ declared here
  419 | } hipError_t;
      |   ^~~~~~~~~~
/home/calvin/workspace/strata-integration-validation/source/src/prefill/prefill.cpp:3791:40: warning: ignoring returned value of type ‘hipError_t’, declared with attribute ‘nodiscard’ [-Wunused-result]
 3791 |                         cudaMemcpyAsync(m.Dm + (size_t) r0c * N, m.cpu_rows, (size_t) rows_cpu * N * sizeof(float),
In file included from /mnt/sda2/home/calvin/workspace/strata-validation/toolchains/rocm/lib/python3.10/site-packages/_rocm_sdk_core/include/hip/hip_runtime.h:65,
                 from /home/calvin/workspace/strata-integration-validation/source/include/strata/hip_compat/cuda_runtime.h:12,
                 from <command-line>:
/mnt/sda2/home/calvin/workspace/strata-validation/toolchains/rocm/lib/python3.10/site-packages/_rocm_sdk_core/include/hip/hip_runtime_api.h:5050:12: note: in call to ‘hipError_t hipMemcpyAsync(void*, const void*, size_t, hipMemcpyKind, hipStream_t)’, declared here
 5050 | hipError_t hipMemcpyAsync(void* dst, const void* src, size_t sizeBytes, hipMemcpyKind kind,
      |            ^~~~~~~~~~~~~~
In file included from /mnt/sda2/home/calvin/workspace/strata-validation/toolchains/rocm/lib/python3.10/site-packages/_rocm_sdk_core/include/hip/hip_runtime.h:65,
                 from /home/calvin/workspace/strata-integration-validation/source/include/strata/hip_compat/cuda_runtime.h:12,
                 from <command-line>:
/mnt/sda2/home/calvin/workspace/strata-validation/toolchains/rocm/lib/python3.10/site-packages/_rocm_sdk_core/include/hip/hip_runtime_api.h:419:3: note: ‘hipError_t’ declared here
  419 | } hipError_t;
      |   ^~~~~~~~~~
/home/calvin/workspace/strata-integration-validation/source/src/prefill/prefill.cpp:3797:40: warning: ignoring returned value of type ‘hipError_t’, declared with attribute ‘nodiscard’ [-Wunused-result]
 3797 |                         cudaEventRecord(m.cpu_wall[2 * cpu_set + 1], m.cs);
In file included from /mnt/sda2/home/calvin/workspace/strata-validation/toolchains/rocm/lib/python3.10/site-packages/_rocm_sdk_core/include/hip/hip_runtime.h:65,
                 from /home/calvin/workspace/strata-integration-validation/source/include/strata/hip_compat/cuda_runtime.h:12,
                 from <command-line>:
/mnt/sda2/home/calvin/workspace/strata-validation/toolchains/rocm/lib/python3.10/site-packages/_rocm_sdk_core/include/hip/hip_runtime_api.h:3436:12: note: in call to ‘hipError_t hipEventRecord(hipEvent_t, hipStream_t)’, declared here
 3436 | hipError_t hipEventRecord(hipEvent_t event, hipStream_t stream = NULL);
      |            ^~~~~~~~~~~~~~
In file included from /mnt/sda2/home/calvin/workspace/strata-validation/toolchains/rocm/lib/python3.10/site-packages/_rocm_sdk_core/include/hip/hip_runtime.h:65,
                 from /home/calvin/workspace/strata-integration-validation/source/include/strata/hip_compat/cuda_runtime.h:12,
                 from <command-line>:
/mnt/sda2/home/calvin/workspace/strata-validation/toolchains/rocm/lib/python3.10/site-packages/_rocm_sdk_core/include/hip/hip_runtime_api.h:419:3: note: ‘hipError_t’ declared here
  419 | } hipError_t;
      |   ^~~~~~~~~~
/home/calvin/workspace/strata-integration-validation/source/src/prefill/prefill.cpp:3804:44: warning: ignoring returned value of type ‘hipError_t’, declared with attribute ‘nodiscard’ [-Wunused-result]
 3804 |                         cudaStreamWaitEvent(m.cs, m.pp->ev_done, 0);
In file included from /mnt/sda2/home/calvin/workspace/strata-validation/toolchains/rocm/lib/python3.10/site-packages/_rocm_sdk_core/include/hip/hip_runtime.h:65,
                 from /home/calvin/workspace/strata-integration-validation/source/include/strata/hip_compat/cuda_runtime.h:12,
                 from <command-line>:
/mnt/sda2/home/calvin/workspace/strata-validation/toolchains/rocm/lib/python3.10/site-packages/_rocm_sdk_core/include/hip/hip_runtime_api.h:2950:12: note: in call to ‘hipError_t hipStreamWaitEvent(hipStream_t, hipEvent_t, unsigned int)’, declared here
 2950 | hipError_t hipStreamWaitEvent(hipStream_t stream, hipEvent_t event, unsigned int flags __dparm(0));
      |            ^~~~~~~~~~~~~~~~~~
In file included from /mnt/sda2/home/calvin/workspace/strata-validation/toolchains/rocm/lib/python3.10/site-packages/_rocm_sdk_core/include/hip/hip_runtime.h:65,
                 from /home/calvin/workspace/strata-integration-validation/source/include/strata/hip_compat/cuda_runtime.h:12,
                 from <command-line>:
/mnt/sda2/home/calvin/workspace/strata-validation/toolchains/rocm/lib/python3.10/site-packages/_rocm_sdk_core/include/hip/hip_runtime_api.h:419:3: note: ‘hipError_t’ declared here
  419 | } hipError_t;
      |   ^~~~~~~~~~
/home/calvin/workspace/strata-integration-validation/source/src/prefill/prefill.cpp:3816:46: warning: ignoring returned value of type ‘hipError_t’, declared with attribute ‘nodiscard’ [-Wunused-result]
 3816 |                         cudaStreamSynchronize(m.cs);
In file included from /mnt/sda2/home/calvin/workspace/strata-validation/toolchains/rocm/lib/python3.10/site-packages/_rocm_sdk_core/include/hip/hip_runtime.h:65,
                 from /home/calvin/workspace/strata-integration-validation/source/include/strata/hip_compat/cuda_runtime.h:12,
                 from <command-line>:
/mnt/sda2/home/calvin/workspace/strata-validation/toolchains/rocm/lib/python3.10/site-packages/_rocm_sdk_core/include/hip/hip_runtime_api.h:2923:12: note: in call to ‘hipError_t hipStreamSynchronize(hipStream_t)’, declared here
 2923 | hipError_t hipStreamSynchronize(hipStream_t stream);
      |            ^~~~~~~~~~~~~~~~~~~~
In file included from /mnt/sda2/home/calvin/workspace/strata-validation/toolchains/rocm/lib/python3.10/site-packages/_rocm_sdk_core/include/hip/hip_runtime.h:65,
                 from /home/calvin/workspace/strata-integration-validation/source/include/strata/hip_compat/cuda_runtime.h:12,
                 from <command-line>:
/mnt/sda2/home/calvin/workspace/strata-validation/toolchains/rocm/lib/python3.10/site-packages/_rocm_sdk_core/include/hip/hip_runtime_api.h:419:3: note: ‘hipError_t’ declared here
  419 | } hipError_t;
      |   ^~~~~~~~~~
/home/calvin/workspace/strata-integration-validation/source/src/prefill/prefill.cpp: In lambda function:
/home/calvin/workspace/strata-integration-validation/source/src/prefill/prefill.cpp:3819:39: warning: ignoring returned value of type ‘hipError_t’, declared with attribute ‘nodiscard’ [-Wunused-result]
 3819 |                             cudaMemcpy(h.data(), d, (size_t) n * 4, cudaMemcpyDeviceToHost);
In file included from /mnt/sda2/home/calvin/workspace/strata-validation/toolchains/rocm/lib/python3.10/site-packages/_rocm_sdk_core/include/hip/hip_runtime.h:65,
                 from /home/calvin/workspace/strata-integration-validation/source/include/strata/hip_compat/cuda_runtime.h:12,
                 from <command-line>:
/mnt/sda2/home/calvin/workspace/strata-validation/toolchains/rocm/lib/python3.10/site-packages/_rocm_sdk_core/include/hip/hip_runtime_api.h:4651:12: note: in call to ‘hipError_t hipMemcpy(void*, const void*, size_t, hipMemcpyKind)’, declared here
 4651 | hipError_t hipMemcpy(void* dst, const void* src, size_t sizeBytes, hipMemcpyKind kind);
      |            ^~~~~~~~~
In file included from /mnt/sda2/home/calvin/workspace/strata-validation/toolchains/rocm/lib/python3.10/site-packages/_rocm_sdk_core/include/hip/hip_runtime.h:65,
                 from /home/calvin/workspace/strata-integration-validation/source/include/strata/hip_compat/cuda_runtime.h:12,
                 from <command-line>:
/mnt/sda2/home/calvin/workspace/strata-validation/toolchains/rocm/lib/python3.10/site-packages/_rocm_sdk_core/include/hip/hip_runtime_api.h:419:3: note: ‘hipError_t’ declared here
  419 | } hipError_t;
      |   ^~~~~~~~~~
/home/calvin/workspace/strata-integration-validation/source/src/prefill/prefill.cpp: In member function ‘bool strata::prefill::Prefill::run_impl(const int64_t*, int64_t, int64_t, std::string&)’:
/home/calvin/workspace/strata-integration-validation/source/src/prefill/prefill.cpp:3865:35: warning: ignoring returned value of type ‘hipError_t’, declared with attribute ‘nodiscard’ [-Wunused-result]
 3865 |                         cudaMalloc(&Rc, (size_t) T * D * 4); cudaMalloc(&rc, (size_t) T * HC * 4);
In file included from /mnt/sda2/home/calvin/workspace/strata-validation/toolchains/rocm/lib/python3.10/site-packages/_rocm_sdk_core/include/hip/hip_runtime.h:65,
                 from /home/calvin/workspace/strata-integration-validation/source/include/strata/hip_compat/cuda_runtime.h:12,
                 from <command-line>:
/mnt/sda2/home/calvin/workspace/strata-validation/toolchains/rocm/lib/python3.10/site-packages/_rocm_sdk_core/include/hip/hip_runtime_api.h:10292:45: note: in call to ‘hipError_t hipMalloc(T**, size_t) [with T = float; hipError_t = hipError_t; size_t = long unsigned int]’, declared here
10292 | template <class T> static inline hipError_t hipMalloc(T** devPtr, size_t size) {
      |                                             ^~~~~~~~~
In file included from /mnt/sda2/home/calvin/workspace/strata-validation/toolchains/rocm/lib/python3.10/site-packages/_rocm_sdk_core/include/hip/hip_runtime.h:65,
                 from /home/calvin/workspace/strata-integration-validation/source/include/strata/hip_compat/cuda_runtime.h:12,
                 from <command-line>:
/mnt/sda2/home/calvin/workspace/strata-validation/toolchains/rocm/lib/python3.10/site-packages/_rocm_sdk_core/include/hip/hip_runtime_api.h:419:3: note: ‘hipError_t’ declared here
  419 | } hipError_t;
      |   ^~~~~~~~~~
/home/calvin/workspace/strata-integration-validation/source/src/prefill/prefill.cpp:3865:72: warning: ignoring returned value of type ‘hipError_t’, declared with attribute ‘nodiscard’ [-Wunused-result]
 3865 |                         cudaMalloc(&Rc, (size_t) T * D * 4); cudaMalloc(&rc, (size_t) T * HC * 4);
In file included from /mnt/sda2/home/calvin/workspace/strata-validation/toolchains/rocm/lib/python3.10/site-packages/_rocm_sdk_core/include/hip/hip_runtime.h:65,
                 from /home/calvin/workspace/strata-integration-validation/source/include/strata/hip_compat/cuda_runtime.h:12,
                 from <command-line>:
/mnt/sda2/home/calvin/workspace/strata-validation/toolchains/rocm/lib/python3.10/site-packages/_rocm_sdk_core/include/hip/hip_runtime_api.h:10292:45: note: in call to ‘hipError_t hipMalloc(T**, size_t) [with T = float; hipError_t = hipError_t; size_t = long unsigned int]’, declared here
10292 | template <class T> static inline hipError_t hipMalloc(T** devPtr, size_t size) {
      |                                             ^~~~~~~~~
In file included from /mnt/sda2/home/calvin/workspace/strata-validation/toolchains/rocm/lib/python3.10/site-packages/_rocm_sdk_core/include/hip/hip_runtime.h:65,
                 from /home/calvin/workspace/strata-integration-validation/source/include/strata/hip_compat/cuda_runtime.h:12,
                 from <command-line>:
/mnt/sda2/home/calvin/workspace/strata-validation/toolchains/rocm/lib/python3.10/site-packages/_rocm_sdk_core/include/hip/hip_runtime_api.h:419:3: note: ‘hipError_t’ declared here
  419 | } hipError_t;
      |   ^~~~~~~~~~
/home/calvin/workspace/strata-integration-validation/source/src/prefill/prefill.cpp:3866:35: warning: ignoring returned value of type ‘hipError_t’, declared with attribute ‘nodiscard’ [-Wunused-result]
 3866 |                         cudaMalloc(&xc, (size_t) T * D * 2);
In file included from /mnt/sda2/home/calvin/workspace/strata-validation/toolchains/rocm/lib/python3.10/site-packages/_rocm_sdk_core/include/hip/hip_runtime.h:65,
                 from /home/calvin/workspace/strata-integration-validation/source/include/strata/hip_compat/cuda_runtime.h:12,
                 from <command-line>:
/mnt/sda2/home/calvin/workspace/strata-validation/toolchains/rocm/lib/python3.10/site-packages/_rocm_sdk_core/include/hip/hip_runtime_api.h:10292:45: note: in call to ‘hipError_t hipMalloc(T**, size_t) [with T = short unsigned int; hipError_t = hipError_t; size_t = long unsigned int]’, declared here
10292 | template <class T> static inline hipError_t hipMalloc(T** devPtr, size_t size) {
      |                                             ^~~~~~~~~
In file included from /mnt/sda2/home/calvin/workspace/strata-validation/toolchains/rocm/lib/python3.10/site-packages/_rocm_sdk_core/include/hip/hip_runtime.h:65,
                 from /home/calvin/workspace/strata-integration-validation/source/include/strata/hip_compat/cuda_runtime.h:12,
                 from <command-line>:
/mnt/sda2/home/calvin/workspace/strata-validation/toolchains/rocm/lib/python3.10/site-packages/_rocm_sdk_core/include/hip/hip_runtime_api.h:419:3: note: ‘hipError_t’ declared here
  419 | } hipError_t;
      |   ^~~~~~~~~~
/home/calvin/workspace/strata-integration-validation/source/src/prefill/prefill.cpp:3867:40: warning: ignoring returned value of type ‘hipError_t’, declared with attribute ‘nodiscard’ [-Wunused-result]
 3867 |                         cudaMemcpyAsync(Rc, m.R, (size_t) T * D * 4, cudaMemcpyDeviceToDevice, m.cs);
In file included from /mnt/sda2/home/calvin/workspace/strata-validation/toolchains/rocm/lib/python3.10/site-packages/_rocm_sdk_core/include/hip/hip_runtime.h:65,
                 from /home/calvin/workspace/strata-integration-validation/source/include/strata/hip_compat/cuda_runtime.h:12,
                 from <command-line>:
/mnt/sda2/home/calvin/workspace/strata-validation/toolchains/rocm/lib/python3.10/site-packages/_rocm_sdk_core/include/hip/hip_runtime_api.h:5050:12: note: in call to ‘hipError_t hipMemcpyAsync(void*, const void*, size_t, hipMemcpyKind, hipStream_t)’, declared here
 5050 | hipError_t hipMemcpyAsync(void* dst, const void* src, size_t sizeBytes, hipMemcpyKind kind,
      |            ^~~~~~~~~~~~~~
In file included from /mnt/sda2/home/calvin/workspace/strata-validation/toolchains/rocm/lib/python3.10/site-packages/_rocm_sdk_core/include/hip/hip_runtime.h:65,
                 from /home/calvin/workspace/strata-integration-validation/source/include/strata/hip_compat/cuda_runtime.h:12,
                 from <command-line>:
/mnt/sda2/home/calvin/workspace/strata-validation/toolchains/rocm/lib/python3.10/site-packages/_rocm_sdk_core/include/hip/hip_runtime_api.h:419:3: note: ‘hipError_t’ declared here
  419 | } hipError_t;
      |   ^~~~~~~~~~
/home/calvin/workspace/strata-integration-validation/source/src/prefill/prefill.cpp:3876:40: warning: ignoring returned value of type ‘hipError_t’, declared with attribute ‘nodiscard’ [-Wunused-result]
 3876 |                         cudaMemcpyAsync(a.data(), m.R, a.size() * 4, cudaMemcpyDeviceToHost, m.cs);
In file included from /mnt/sda2/home/calvin/workspace/strata-validation/toolchains/rocm/lib/python3.10/site-packages/_rocm_sdk_core/include/hip/hip_runtime.h:65,
                 from /home/calvin/workspace/strata-integration-validation/source/include/strata/hip_compat/cuda_runtime.h:12,
                 from <command-line>:
/mnt/sda2/home/calvin/workspace/strata-validation/toolchains/rocm/lib/python3.10/site-packages/_rocm_sdk_core/include/hip/hip_runtime_api.h:5050:12: note: in call to ‘hipError_t hipMemcpyAsync(void*, const void*, size_t, hipMemcpyKind, hipStream_t)’, declared here
 5050 | hipError_t hipMemcpyAsync(void* dst, const void* src, size_t sizeBytes, hipMemcpyKind kind,
      |            ^~~~~~~~~~~~~~
In file included from /mnt/sda2/home/calvin/workspace/strata-validation/toolchains/rocm/lib/python3.10/site-packages/_rocm_sdk_core/include/hip/hip_runtime.h:65,
                 from /home/calvin/workspace/strata-integration-validation/source/include/strata/hip_compat/cuda_runtime.h:12,
                 from <command-line>:
/mnt/sda2/home/calvin/workspace/strata-validation/toolchains/rocm/lib/python3.10/site-packages/_rocm_sdk_core/include/hip/hip_runtime_api.h:419:3: note: ‘hipError_t’ declared here
  419 | } hipError_t;
      |   ^~~~~~~~~~
/home/calvin/workspace/strata-integration-validation/source/src/prefill/prefill.cpp:3877:40: warning: ignoring returned value of type ‘hipError_t’, declared with attribute ‘nodiscard’ [-Wunused-result]
 3877 |                         cudaMemcpyAsync(b.data(), Rc, b.size() * 4, cudaMemcpyDeviceToHost, m.cs);
In file included from /mnt/sda2/home/calvin/workspace/strata-validation/toolchains/rocm/lib/python3.10/site-packages/_rocm_sdk_core/include/hip/hip_runtime.h:65,
                 from /home/calvin/workspace/strata-integration-validation/source/include/strata/hip_compat/cuda_runtime.h:12,
                 from <command-line>:
/mnt/sda2/home/calvin/workspace/strata-validation/toolchains/rocm/lib/python3.10/site-packages/_rocm_sdk_core/include/hip/hip_runtime_api.h:5050:12: note: in call to ‘hipError_t hipMemcpyAsync(void*, const void*, size_t, hipMemcpyKind, hipStream_t)’, declared here
 5050 | hipError_t hipMemcpyAsync(void* dst, const void* src, size_t sizeBytes, hipMemcpyKind kind,
      |            ^~~~~~~~~~~~~~
In file included from /mnt/sda2/home/calvin/workspace/strata-validation/toolchains/rocm/lib/python3.10/site-packages/_rocm_sdk_core/include/hip/hip_runtime.h:65,
                 from /home/calvin/workspace/strata-integration-validation/source/include/strata/hip_compat/cuda_runtime.h:12,
                 from <command-line>:
/mnt/sda2/home/calvin/workspace/strata-validation/toolchains/rocm/lib/python3.10/site-packages/_rocm_sdk_core/include/hip/hip_runtime_api.h:419:3: note: ‘hipError_t’ declared here
  419 | } hipError_t;
      |   ^~~~~~~~~~
/home/calvin/workspace/strata-integration-validation/source/src/prefill/prefill.cpp:3878:40: warning: ignoring returned value of type ‘hipError_t’, declared with attribute ‘nodiscard’ [-Wunused-result]
 3878 |                         cudaMemcpyAsync(ra.data(), m.grs, ra.size() * 4, cudaMemcpyDeviceToHost, m.cs);
In file included from /mnt/sda2/home/calvin/workspace/strata-validation/toolchains/rocm/lib/python3.10/site-packages/_rocm_sdk_core/include/hip/hip_runtime.h:65,
                 from /home/calvin/workspace/strata-integration-validation/source/include/strata/hip_compat/cuda_runtime.h:12,
                 from <command-line>:
/mnt/sda2/home/calvin/workspace/strata-validation/toolchains/rocm/lib/python3.10/site-packages/_rocm_sdk_core/include/hip/hip_runtime_api.h:5050:12: note: in call to ‘hipError_t hipMemcpyAsync(void*, const void*, size_t, hipMemcpyKind, hipStream_t)’, declared here
 5050 | hipError_t hipMemcpyAsync(void* dst, const void* src, size_t sizeBytes, hipMemcpyKind kind,
      |            ^~~~~~~~~~~~~~
In file included from /mnt/sda2/home/calvin/workspace/strata-validation/toolchains/rocm/lib/python3.10/site-packages/_rocm_sdk_core/include/hip/hip_runtime.h:65,
                 from /home/calvin/workspace/strata-integration-validation/source/include/strata/hip_compat/cuda_runtime.h:12,
                 from <command-line>:
/mnt/sda2/home/calvin/workspace/strata-validation/toolchains/rocm/lib/python3.10/site-packages/_rocm_sdk_core/include/hip/hip_runtime_api.h:419:3: note: ‘hipError_t’ declared here
  419 | } hipError_t;
      |   ^~~~~~~~~~
/home/calvin/workspace/strata-integration-validation/source/src/prefill/prefill.cpp:3879:40: warning: ignoring returned value of type ‘hipError_t’, declared with attribute ‘nodiscard’ [-Wunused-result]
 3879 |                         cudaMemcpyAsync(rb.data(), rc, rb.size() * 4, cudaMemcpyDeviceToHost, m.cs);
In file included from /mnt/sda2/home/calvin/workspace/strata-validation/toolchains/rocm/lib/python3.10/site-packages/_rocm_sdk_core/include/hip/hip_runtime.h:65,
                 from /home/calvin/workspace/strata-integration-validation/source/include/strata/hip_compat/cuda_runtime.h:12,
                 from <command-line>:
/mnt/sda2/home/calvin/workspace/strata-validation/toolchains/rocm/lib/python3.10/site-packages/_rocm_sdk_core/include/hip/hip_runtime_api.h:5050:12: note: in call to ‘hipError_t hipMemcpyAsync(void*, const void*, size_t, hipMemcpyKind, hipStream_t)’, declared here
 5050 | hipError_t hipMemcpyAsync(void* dst, const void* src, size_t sizeBytes, hipMemcpyKind kind,
      |            ^~~~~~~~~~~~~~
In file included from /mnt/sda2/home/calvin/workspace/strata-validation/toolchains/rocm/lib/python3.10/site-packages/_rocm_sdk_core/include/hip/hip_runtime.h:65,
                 from /home/calvin/workspace/strata-integration-validation/source/include/strata/hip_compat/cuda_runtime.h:12,
                 from <command-line>:
/mnt/sda2/home/calvin/workspace/strata-validation/toolchains/rocm/lib/python3.10/site-packages/_rocm_sdk_core/include/hip/hip_runtime_api.h:419:3: note: ‘hipError_t’ declared here
  419 | } hipError_t;
      |   ^~~~~~~~~~
/home/calvin/workspace/strata-integration-validation/source/src/prefill/prefill.cpp:3880:40: warning: ignoring returned value of type ‘hipError_t’, declared with attribute ‘nodiscard’ [-Wunused-result]
 3880 |                         cudaMemcpyAsync(xa.data(), m.xn16, xa.size() * 2, cudaMemcpyDeviceToHost, m.cs);
In file included from /mnt/sda2/home/calvin/workspace/strata-validation/toolchains/rocm/lib/python3.10/site-packages/_rocm_sdk_core/include/hip/hip_runtime.h:65,
                 from /home/calvin/workspace/strata-integration-validation/source/include/strata/hip_compat/cuda_runtime.h:12,
                 from <command-line>:
/mnt/sda2/home/calvin/workspace/strata-validation/toolchains/rocm/lib/python3.10/site-packages/_rocm_sdk_core/include/hip/hip_runtime_api.h:5050:12: note: in call to ‘hipError_t hipMemcpyAsync(void*, const void*, size_t, hipMemcpyKind, hipStream_t)’, declared here
 5050 | hipError_t hipMemcpyAsync(void* dst, const void* src, size_t sizeBytes, hipMemcpyKind kind,
      |            ^~~~~~~~~~~~~~
In file included from /mnt/sda2/home/calvin/workspace/strata-validation/toolchains/rocm/lib/python3.10/site-packages/_rocm_sdk_core/include/hip/hip_runtime.h:65,
                 from /home/calvin/workspace/strata-integration-validation/source/include/strata/hip_compat/cuda_runtime.h:12,
                 from <command-line>:
/mnt/sda2/home/calvin/workspace/strata-validation/toolchains/rocm/lib/python3.10/site-packages/_rocm_sdk_core/include/hip/hip_runtime_api.h:419:3: note: ‘hipError_t’ declared here
  419 | } hipError_t;
      |   ^~~~~~~~~~
/home/calvin/workspace/strata-integration-validation/source/src/prefill/prefill.cpp:3881:40: warning: ignoring returned value of type ‘hipError_t’, declared with attribute ‘nodiscard’ [-Wunused-result]
 3881 |                         cudaMemcpyAsync(xb.data(), xc, xb.size() * 2, cudaMemcpyDeviceToHost, m.cs);
In file included from /mnt/sda2/home/calvin/workspace/strata-validation/toolchains/rocm/lib/python3.10/site-packages/_rocm_sdk_core/include/hip/hip_runtime.h:65,
                 from /home/calvin/workspace/strata-integration-validation/source/include/strata/hip_compat/cuda_runtime.h:12,
                 from <command-line>:
/mnt/sda2/home/calvin/workspace/strata-validation/toolchains/rocm/lib/python3.10/site-packages/_rocm_sdk_core/include/hip/hip_runtime_api.h:5050:12: note: in call to ‘hipError_t hipMemcpyAsync(void*, const void*, size_t, hipMemcpyKind, hipStream_t)’, declared here
 5050 | hipError_t hipMemcpyAsync(void* dst, const void* src, size_t sizeBytes, hipMemcpyKind kind,
      |            ^~~~~~~~~~~~~~
In file included from /mnt/sda2/home/calvin/workspace/strata-validation/toolchains/rocm/lib/python3.10/site-packages/_rocm_sdk_core/include/hip/hip_runtime.h:65,
                 from /home/calvin/workspace/strata-integration-validation/source/include/strata/hip_compat/cuda_runtime.h:12,
                 from <command-line>:
/mnt/sda2/home/calvin/workspace/strata-validation/toolchains/rocm/lib/python3.10/site-packages/_rocm_sdk_core/include/hip/hip_runtime_api.h:419:3: note: ‘hipError_t’ declared here
  419 | } hipError_t;
      |   ^~~~~~~~~~
/home/calvin/workspace/strata-integration-validation/source/src/prefill/prefill.cpp:3882:46: warning: ignoring returned value of type ‘hipError_t’, declared with attribute ‘nodiscard’ [-Wunused-result]
 3882 |                         cudaStreamSynchronize(m.cs);
In file included from /mnt/sda2/home/calvin/workspace/strata-validation/toolchains/rocm/lib/python3.10/site-packages/_rocm_sdk_core/include/hip/hip_runtime.h:65,
                 from /home/calvin/workspace/strata-integration-validation/source/include/strata/hip_compat/cuda_runtime.h:12,
                 from <command-line>:
/mnt/sda2/home/calvin/workspace/strata-validation/toolchains/rocm/lib/python3.10/site-packages/_rocm_sdk_core/include/hip/hip_runtime_api.h:2923:12: note: in call to ‘hipError_t hipStreamSynchronize(hipStream_t)’, declared here
 2923 | hipError_t hipStreamSynchronize(hipStream_t stream);
      |            ^~~~~~~~~~~~~~~~~~~~
In file included from /mnt/sda2/home/calvin/workspace/strata-validation/toolchains/rocm/lib/python3.10/site-packages/_rocm_sdk_core/include/hip/hip_runtime.h:65,
                 from /home/calvin/workspace/strata-integration-validation/source/include/strata/hip_compat/cuda_runtime.h:12,
                 from <command-line>:
/mnt/sda2/home/calvin/workspace/strata-validation/toolchains/rocm/lib/python3.10/site-packages/_rocm_sdk_core/include/hip/hip_runtime_api.h:419:3: note: ‘hipError_t’ declared here
  419 | } hipError_t;
      |   ^~~~~~~~~~
/home/calvin/workspace/strata-integration-validation/source/src/prefill/prefill.cpp:3883:33: warning: ignoring returned value of type ‘hipError_t’, declared with attribute ‘nodiscard’ [-Wunused-result]
 3883 |                         cudaFree(Rc); cudaFree(rc); cudaFree(xc);
In file included from /mnt/sda2/home/calvin/workspace/strata-validation/toolchains/rocm/lib/python3.10/site-packages/_rocm_sdk_core/include/hip/hip_runtime.h:65,
                 from /home/calvin/workspace/strata-integration-validation/source/include/strata/hip_compat/cuda_runtime.h:12,
                 from <command-line>:
/mnt/sda2/home/calvin/workspace/strata-validation/toolchains/rocm/lib/python3.10/site-packages/_rocm_sdk_core/include/hip/hip_runtime_api.h:4592:12: note: in call to ‘hipError_t hipFree(void*)’, declared here
 4592 | hipError_t hipFree(void* ptr);
      |            ^~~~~~~
In file included from /mnt/sda2/home/calvin/workspace/strata-validation/toolchains/rocm/lib/python3.10/site-packages/_rocm_sdk_core/include/hip/hip_runtime.h:65,
                 from /home/calvin/workspace/strata-integration-validation/source/include/strata/hip_compat/cuda_runtime.h:12,
                 from <command-line>:
/mnt/sda2/home/calvin/workspace/strata-validation/toolchains/rocm/lib/python3.10/site-packages/_rocm_sdk_core/include/hip/hip_runtime_api.h:419:3: note: ‘hipError_t’ declared here
  419 | } hipError_t;
      |   ^~~~~~~~~~
/home/calvin/workspace/strata-integration-validation/source/src/prefill/prefill.cpp:3883:47: warning: ignoring returned value of type ‘hipError_t’, declared with attribute ‘nodiscard’ [-Wunused-result]
 3883 |                         cudaFree(Rc); cudaFree(rc); cudaFree(xc);
In file included from /mnt/sda2/home/calvin/workspace/strata-validation/toolchains/rocm/lib/python3.10/site-packages/_rocm_sdk_core/include/hip/hip_runtime.h:65,
                 from /home/calvin/workspace/strata-integration-validation/source/include/strata/hip_compat/cuda_runtime.h:12,
                 from <command-line>:
/mnt/sda2/home/calvin/workspace/strata-validation/toolchains/rocm/lib/python3.10/site-packages/_rocm_sdk_core/include/hip/hip_runtime_api.h:4592:12: note: in call to ‘hipError_t hipFree(void*)’, declared here
 4592 | hipError_t hipFree(void* ptr);
      |            ^~~~~~~
In file included from /mnt/sda2/home/calvin/workspace/strata-validation/toolchains/rocm/lib/python3.10/site-packages/_rocm_sdk_core/include/hip/hip_runtime.h:65,
                 from /home/calvin/workspace/strata-integration-validation/source/include/strata/hip_compat/cuda_runtime.h:12,
                 from <command-line>:
/mnt/sda2/home/calvin/workspace/strata-validation/toolchains/rocm/lib/python3.10/site-packages/_rocm_sdk_core/include/hip/hip_runtime_api.h:419:3: note: ‘hipError_t’ declared here
  419 | } hipError_t;
      |   ^~~~~~~~~~
/home/calvin/workspace/strata-integration-validation/source/src/prefill/prefill.cpp:3883:61: warning: ignoring returned value of type ‘hipError_t’, declared with attribute ‘nodiscard’ [-Wunused-result]
 3883 |                         cudaFree(Rc); cudaFree(rc); cudaFree(xc);
In file included from /mnt/sda2/home/calvin/workspace/strata-validation/toolchains/rocm/lib/python3.10/site-packages/_rocm_sdk_core/include/hip/hip_runtime.h:65,
                 from /home/calvin/workspace/strata-integration-validation/source/include/strata/hip_compat/cuda_runtime.h:12,
                 from <command-line>:
/mnt/sda2/home/calvin/workspace/strata-validation/toolchains/rocm/lib/python3.10/site-packages/_rocm_sdk_core/include/hip/hip_runtime_api.h:4592:12: note: in call to ‘hipError_t hipFree(void*)’, declared here
 4592 | hipError_t hipFree(void* ptr);
      |            ^~~~~~~
In file included from /mnt/sda2/home/calvin/workspace/strata-validation/toolchains/rocm/lib/python3.10/site-packages/_rocm_sdk_core/include/hip/hip_runtime.h:65,
                 from /home/calvin/workspace/strata-integration-validation/source/include/strata/hip_compat/cuda_runtime.h:12,
                 from <command-line>:
/mnt/sda2/home/calvin/workspace/strata-validation/toolchains/rocm/lib/python3.10/site-packages/_rocm_sdk_core/include/hip/hip_runtime_api.h:419:3: note: ‘hipError_t’ declared here
  419 | } hipError_t;
      |   ^~~~~~~~~~
/home/calvin/workspace/strata-integration-validation/source/src/prefill/prefill.cpp:3937:34: warning: ignoring returned value of type ‘hipError_t’, declared with attribute ‘nodiscard’ [-Wunused-result]
 3937 |             cudaStreamSynchronize(m.cs);                                  // position (A/B quality of this path)
In file included from /mnt/sda2/home/calvin/workspace/strata-validation/toolchains/rocm/lib/python3.10/site-packages/_rocm_sdk_core/include/hip/hip_runtime.h:65,
                 from /home/calvin/workspace/strata-integration-validation/source/include/strata/hip_compat/cuda_runtime.h:12,
                 from <command-line>:
/mnt/sda2/home/calvin/workspace/strata-validation/toolchains/rocm/lib/python3.10/site-packages/_rocm_sdk_core/include/hip/hip_runtime_api.h:2923:12: note: in call to ‘hipError_t hipStreamSynchronize(hipStream_t)’, declared here
 2923 | hipError_t hipStreamSynchronize(hipStream_t stream);
      |            ^~~~~~~~~~~~~~~~~~~~
In file included from /mnt/sda2/home/calvin/workspace/strata-validation/toolchains/rocm/lib/python3.10/site-packages/_rocm_sdk_core/include/hip/hip_runtime.h:65,
                 from /home/calvin/workspace/strata-integration-validation/source/include/strata/hip_compat/cuda_runtime.h:12,
                 from <command-line>:
/mnt/sda2/home/calvin/workspace/strata-validation/toolchains/rocm/lib/python3.10/site-packages/_rocm_sdk_core/include/hip/hip_runtime_api.h:419:3: note: ‘hipError_t’ declared here
  419 | } hipError_t;
      |   ^~~~~~~~~~
/home/calvin/workspace/strata-integration-validation/source/src/prefill/prefill.cpp:3941:31: warning: ignoring returned value of type ‘hipError_t’, declared with attribute ‘nodiscard’ [-Wunused-result]
 3941 |                     cudaMemcpy(row.data(), m.R + t * D, (size_t) D * 4, cudaMemcpyDeviceToHost);
In file included from /mnt/sda2/home/calvin/workspace/strata-validation/toolchains/rocm/lib/python3.10/site-packages/_rocm_sdk_core/include/hip/hip_runtime.h:65,
                 from /home/calvin/workspace/strata-integration-validation/source/include/strata/hip_compat/cuda_runtime.h:12,
                 from <command-line>:
/mnt/sda2/home/calvin/workspace/strata-validation/toolchains/rocm/lib/python3.10/site-packages/_rocm_sdk_core/include/hip/hip_runtime_api.h:4651:12: note: in call to ‘hipError_t hipMemcpy(void*, const void*, size_t, hipMemcpyKind)’, declared here
 4651 | hipError_t hipMemcpy(void* dst, const void* src, size_t sizeBytes, hipMemcpyKind kind);
      |            ^~~~~~~~~
In file included from /mnt/sda2/home/calvin/workspace/strata-validation/toolchains/rocm/lib/python3.10/site-packages/_rocm_sdk_core/include/hip/hip_runtime.h:65,
                 from /home/calvin/workspace/strata-integration-validation/source/include/strata/hip_compat/cuda_runtime.h:12,
                 from <command-line>:
/mnt/sda2/home/calvin/workspace/strata-validation/toolchains/rocm/lib/python3.10/site-packages/_rocm_sdk_core/include/hip/hip_runtime_api.h:419:3: note: ‘hipError_t’ declared here
  419 | } hipError_t;
      |   ^~~~~~~~~~
/home/calvin/workspace/strata-integration-validation/source/src/prefill/prefill.cpp:3952:34: warning: ignoring returned value of type ‘hipError_t’, declared with attribute ‘nodiscard’ [-Wunused-result]
 3952 |             cudaStreamSynchronize(m.cs);
In file included from /mnt/sda2/home/calvin/workspace/strata-validation/toolchains/rocm/lib/python3.10/site-packages/_rocm_sdk_core/include/hip/hip_runtime.h:65,
                 from /home/calvin/workspace/strata-integration-validation/source/include/strata/hip_compat/cuda_runtime.h:12,
                 from <command-line>:
/mnt/sda2/home/calvin/workspace/strata-validation/toolchains/rocm/lib/python3.10/site-packages/_rocm_sdk_core/include/hip/hip_runtime_api.h:2923:12: note: in call to ‘hipError_t hipStreamSynchronize(hipStream_t)’, declared here
 2923 | hipError_t hipStreamSynchronize(hipStream_t stream);
      |            ^~~~~~~~~~~~~~~~~~~~
In file included from /mnt/sda2/home/calvin/workspace/strata-validation/toolchains/rocm/lib/python3.10/site-packages/_rocm_sdk_core/include/hip/hip_runtime.h:65,
                 from /home/calvin/workspace/strata-integration-validation/source/include/strata/hip_compat/cuda_runtime.h:12,
                 from <command-line>:
/mnt/sda2/home/calvin/workspace/strata-validation/toolchains/rocm/lib/python3.10/site-packages/_rocm_sdk_core/include/hip/hip_runtime_api.h:419:3: note: ‘hipError_t’ declared here
  419 | } hipError_t;
      |   ^~~~~~~~~~
/home/calvin/workspace/strata-integration-validation/source/src/prefill/prefill.cpp:3959:31: warning: ignoring returned value of type ‘hipError_t’, declared with attribute ‘nodiscard’ [-Wunused-result]
 3959 |                     cudaMemcpy(rows.data(), m.R + t0 * D, (size_t) (nr * D) * 4, cudaMemcpyDeviceToHost);
In file included from /mnt/sda2/home/calvin/workspace/strata-validation/toolchains/rocm/lib/python3.10/site-packages/_rocm_sdk_core/include/hip/hip_runtime.h:65,
                 from /home/calvin/workspace/strata-integration-validation/source/include/strata/hip_compat/cuda_runtime.h:12,
                 from <command-line>:
/mnt/sda2/home/calvin/workspace/strata-validation/toolchains/rocm/lib/python3.10/site-packages/_rocm_sdk_core/include/hip/hip_runtime_api.h:4651:12: note: in call to ‘hipError_t hipMemcpy(void*, const void*, size_t, hipMemcpyKind)’, declared here
 4651 | hipError_t hipMemcpy(void* dst, const void* src, size_t sizeBytes, hipMemcpyKind kind);
      |            ^~~~~~~~~
In file included from /mnt/sda2/home/calvin/workspace/strata-validation/toolchains/rocm/lib/python3.10/site-packages/_rocm_sdk_core/include/hip/hip_runtime.h:65,
                 from /home/calvin/workspace/strata-integration-validation/source/include/strata/hip_compat/cuda_runtime.h:12,
                 from <command-line>:
/mnt/sda2/home/calvin/workspace/strata-validation/toolchains/rocm/lib/python3.10/site-packages/_rocm_sdk_core/include/hip/hip_runtime_api.h:419:3: note: ‘hipError_t’ declared here
  419 | } hipError_t;
      |   ^~~~~~~~~~
/home/calvin/workspace/strata-integration-validation/source/src/prefill/prefill.cpp:3989:30: warning: ignoring returned value of type ‘hipError_t’, declared with attribute ‘nodiscard’ [-Wunused-result]
 3989 |         cudaStreamSynchronize(m.cs);
In file included from /mnt/sda2/home/calvin/workspace/strata-validation/toolchains/rocm/lib/python3.10/site-packages/_rocm_sdk_core/include/hip/hip_runtime.h:65,
                 from /home/calvin/workspace/strata-integration-validation/source/include/strata/hip_compat/cuda_runtime.h:12,
                 from <command-line>:
/mnt/sda2/home/calvin/workspace/strata-validation/toolchains/rocm/lib/python3.10/site-packages/_rocm_sdk_core/include/hip/hip_runtime_api.h:2923:12: note: in call to ‘hipError_t hipStreamSynchronize(hipStream_t)’, declared here
 2923 | hipError_t hipStreamSynchronize(hipStream_t stream);
      |            ^~~~~~~~~~~~~~~~~~~~
In file included from /mnt/sda2/home/calvin/workspace/strata-validation/toolchains/rocm/lib/python3.10/site-packages/_rocm_sdk_core/include/hip/hip_runtime.h:65,
                 from /home/calvin/workspace/strata-integration-validation/source/include/strata/hip_compat/cuda_runtime.h:12,
                 from <command-line>:
/mnt/sda2/home/calvin/workspace/strata-validation/toolchains/rocm/lib/python3.10/site-packages/_rocm_sdk_core/include/hip/hip_runtime_api.h:419:3: note: ‘hipError_t’ declared here
  419 | } hipError_t;
      |   ^~~~~~~~~~
/home/calvin/workspace/strata-integration-validation/source/src/prefill/prefill.cpp: In lambda function:
/home/calvin/workspace/strata-integration-validation/source/src/prefill/prefill.cpp:3992:23: warning: ignoring returned value of type ‘hipError_t’, declared with attribute ‘nodiscard’ [-Wunused-result]
 3992 |             cudaMemcpy(h.data(), d, (size_t) n * 4, cudaMemcpyDeviceToHost);
In file included from /mnt/sda2/home/calvin/workspace/strata-validation/toolchains/rocm/lib/python3.10/site-packages/_rocm_sdk_core/include/hip/hip_runtime.h:65,
                 from /home/calvin/workspace/strata-integration-validation/source/include/strata/hip_compat/cuda_runtime.h:12,
                 from <command-line>:
/mnt/sda2/home/calvin/workspace/strata-validation/toolchains/rocm/lib/python3.10/site-packages/_rocm_sdk_core/include/hip/hip_runtime_api.h:4651:12: note: in call to ‘hipError_t hipMemcpy(void*, const void*, size_t, hipMemcpyKind)’, declared here
 4651 | hipError_t hipMemcpy(void* dst, const void* src, size_t sizeBytes, hipMemcpyKind kind);
      |            ^~~~~~~~~
In file included from /mnt/sda2/home/calvin/workspace/strata-validation/toolchains/rocm/lib/python3.10/site-packages/_rocm_sdk_core/include/hip/hip_runtime.h:65,
                 from /home/calvin/workspace/strata-integration-validation/source/include/strata/hip_compat/cuda_runtime.h:12,
                 from <command-line>:
/mnt/sda2/home/calvin/workspace/strata-validation/toolchains/rocm/lib/python3.10/site-packages/_rocm_sdk_core/include/hip/hip_runtime_api.h:419:3: note: ‘hipError_t’ declared here
  419 | } hipError_t;
      |   ^~~~~~~~~~
/home/calvin/workspace/strata-integration-validation/source/src/prefill/prefill.cpp: In member function ‘bool strata::prefill::Prefill::run_impl(const int64_t*, int64_t, int64_t, std::string&)’:
/home/calvin/workspace/strata-integration-validation/source/src/prefill/prefill.cpp:4041:38: warning: ignoring returned value of type ‘hipError_t’, declared with attribute ‘nodiscard’ [-Wunused-result]
 4041 |             int pd = 0; cudaGetDevice(&pd); cudaSetDevice(pe.dev); cudaStreamSynchronize(m.pp->s); pe.fold(); cudaSetDevice(pd);
In file included from /mnt/sda2/home/calvin/workspace/strata-validation/toolchains/rocm/lib/python3.10/site-packages/_rocm_sdk_core/include/hip/hip_runtime.h:65,
                 from /home/calvin/workspace/strata-integration-validation/source/include/strata/hip_compat/cuda_runtime.h:12,
                 from <command-line>:
/mnt/sda2/home/calvin/workspace/strata-validation/toolchains/rocm/lib/python3.10/site-packages/_rocm_sdk_core/include/hip/hip_runtime_api.h:2260:12: note: in call to ‘hipError_t hipGetDevice(int*)’, declared here
 2260 | hipError_t hipGetDevice(int* deviceId);
      |            ^~~~~~~~~~~~
In file included from /mnt/sda2/home/calvin/workspace/strata-validation/toolchains/rocm/lib/python3.10/site-packages/_rocm_sdk_core/include/hip/hip_runtime.h:65,
                 from /home/calvin/workspace/strata-integration-validation/source/include/strata/hip_compat/cuda_runtime.h:12,
                 from <command-line>:
/mnt/sda2/home/calvin/workspace/strata-validation/toolchains/rocm/lib/python3.10/site-packages/_rocm_sdk_core/include/hip/hip_runtime_api.h:419:3: note: ‘hipError_t’ declared here
  419 | } hipError_t;
      |   ^~~~~~~~~~
/home/calvin/workspace/strata-integration-validation/source/src/prefill/prefill.cpp:4041:58: warning: ignoring returned value of type ‘hipError_t’, declared with attribute ‘nodiscard’ [-Wunused-result]
 4041 |             int pd = 0; cudaGetDevice(&pd); cudaSetDevice(pe.dev); cudaStreamSynchronize(m.pp->s); pe.fold(); cudaSetDevice(pd);
In file included from /mnt/sda2/home/calvin/workspace/strata-validation/toolchains/rocm/lib/python3.10/site-packages/_rocm_sdk_core/include/hip/hip_runtime.h:65,
                 from /home/calvin/workspace/strata-integration-validation/source/include/strata/hip_compat/cuda_runtime.h:12,
                 from <command-line>:
/mnt/sda2/home/calvin/workspace/strata-validation/toolchains/rocm/lib/python3.10/site-packages/_rocm_sdk_core/include/hip/hip_runtime_api.h:2233:12: note: in call to ‘hipError_t hipSetDevice(int)’, declared here
 2233 | hipError_t hipSetDevice(int deviceId);
      |            ^~~~~~~~~~~~
In file included from /mnt/sda2/home/calvin/workspace/strata-validation/toolchains/rocm/lib/python3.10/site-packages/_rocm_sdk_core/include/hip/hip_runtime.h:65,
                 from /home/calvin/workspace/strata-integration-validation/source/include/strata/hip_compat/cuda_runtime.h:12,
                 from <command-line>:
/mnt/sda2/home/calvin/workspace/strata-validation/toolchains/rocm/lib/python3.10/site-packages/_rocm_sdk_core/include/hip/hip_runtime_api.h:419:3: note: ‘hipError_t’ declared here
  419 | } hipError_t;
      |   ^~~~~~~~~~
/home/calvin/workspace/strata-integration-validation/source/src/prefill/prefill.cpp:4041:89: warning: ignoring returned value of type ‘hipError_t’, declared with attribute ‘nodiscard’ [-Wunused-result]
 4041 |             int pd = 0; cudaGetDevice(&pd); cudaSetDevice(pe.dev); cudaStreamSynchronize(m.pp->s); pe.fold(); cudaSetDevice(pd);
In file included from /mnt/sda2/home/calvin/workspace/strata-validation/toolchains/rocm/lib/python3.10/site-packages/_rocm_sdk_core/include/hip/hip_runtime.h:65,
                 from /home/calvin/workspace/strata-integration-validation/source/include/strata/hip_compat/cuda_runtime.h:12,
                 from <command-line>:
/mnt/sda2/home/calvin/workspace/strata-validation/toolchains/rocm/lib/python3.10/site-packages/_rocm_sdk_core/include/hip/hip_runtime_api.h:2923:12: note: in call to ‘hipError_t hipStreamSynchronize(hipStream_t)’, declared here
 2923 | hipError_t hipStreamSynchronize(hipStream_t stream);
      |            ^~~~~~~~~~~~~~~~~~~~
In file included from /mnt/sda2/home/calvin/workspace/strata-validation/toolchains/rocm/lib/python3.10/site-packages/_rocm_sdk_core/include/hip/hip_runtime.h:65,
                 from /home/calvin/workspace/strata-integration-validation/source/include/strata/hip_compat/cuda_runtime.h:12,
                 from <command-line>:
/mnt/sda2/home/calvin/workspace/strata-validation/toolchains/rocm/lib/python3.10/site-packages/_rocm_sdk_core/include/hip/hip_runtime_api.h:419:3: note: ‘hipError_t’ declared here
  419 | } hipError_t;
      |   ^~~~~~~~~~
/home/calvin/workspace/strata-integration-validation/source/src/prefill/prefill.cpp:4041:124: warning: ignoring returned value of type ‘hipError_t’, declared with attribute ‘nodiscard’ [-Wunused-result]
 4041 |             int pd = 0; cudaGetDevice(&pd); cudaSetDevice(pe.dev); cudaStreamSynchronize(m.pp->s); pe.fold(); cudaSetDevice(pd);
In file included from /mnt/sda2/home/calvin/workspace/strata-validation/toolchains/rocm/lib/python3.10/site-packages/_rocm_sdk_core/include/hip/hip_runtime.h:65,
                 from /home/calvin/workspace/strata-integration-validation/source/include/strata/hip_compat/cuda_runtime.h:12,
                 from <command-line>:
/mnt/sda2/home/calvin/workspace/strata-validation/toolchains/rocm/lib/python3.10/site-packages/_rocm_sdk_core/include/hip/hip_runtime_api.h:2233:12: note: in call to ‘hipError_t hipSetDevice(int)’, declared here
 2233 | hipError_t hipSetDevice(int deviceId);
      |            ^~~~~~~~~~~~
In file included from /mnt/sda2/home/calvin/workspace/strata-validation/toolchains/rocm/lib/python3.10/site-packages/_rocm_sdk_core/include/hip/hip_runtime.h:65,
                 from /home/calvin/workspace/strata-integration-validation/source/include/strata/hip_compat/cuda_runtime.h:12,
                 from <command-line>:
/mnt/sda2/home/calvin/workspace/strata-validation/toolchains/rocm/lib/python3.10/site-packages/_rocm_sdk_core/include/hip/hip_runtime_api.h:419:3: note: ‘hipError_t’ declared here
  419 | } hipError_t;
      |   ^~~~~~~~~~
/home/calvin/workspace/strata-integration-validation/source/src/prefill/prefill.cpp:4057:30: warning: ignoring returned value of type ‘hipError_t’, declared with attribute ‘nodiscard’ [-Wunused-result]
 4057 |         cudaStreamSynchronize(m.cs);
In file included from /mnt/sda2/home/calvin/workspace/strata-validation/toolchains/rocm/lib/python3.10/site-packages/_rocm_sdk_core/include/hip/hip_runtime.h:65,
                 from /home/calvin/workspace/strata-integration-validation/source/include/strata/hip_compat/cuda_runtime.h:12,
                 from <command-line>:
/mnt/sda2/home/calvin/workspace/strata-validation/toolchains/rocm/lib/python3.10/site-packages/_rocm_sdk_core/include/hip/hip_runtime_api.h:2923:12: note: in call to ‘hipError_t hipStreamSynchronize(hipStream_t)’, declared here
 2923 | hipError_t hipStreamSynchronize(hipStream_t stream);
      |            ^~~~~~~~~~~~~~~~~~~~
In file included from /mnt/sda2/home/calvin/workspace/strata-validation/toolchains/rocm/lib/python3.10/site-packages/_rocm_sdk_core/include/hip/hip_runtime.h:65,
                 from /home/calvin/workspace/strata-integration-validation/source/include/strata/hip_compat/cuda_runtime.h:12,
                 from <command-line>:
/mnt/sda2/home/calvin/workspace/strata-validation/toolchains/rocm/lib/python3.10/site-packages/_rocm_sdk_core/include/hip/hip_runtime_api.h:419:3: note: ‘hipError_t’ declared here
  419 | } hipError_t;
      |   ^~~~~~~~~~
/home/calvin/workspace/strata-integration-validation/source/src/prefill/prefill.cpp:4062:23: warning: ignoring returned value of type ‘hipError_t’, declared with attribute ‘nodiscard’ [-Wunused-result]
 4062 |             cudaMemcpy(b.data(), ss.gdn_state + (size_t) i * gdn_floats, b.size(), cudaMemcpyDeviceToHost);
In file included from /mnt/sda2/home/calvin/workspace/strata-validation/toolchains/rocm/lib/python3.10/site-packages/_rocm_sdk_core/include/hip/hip_runtime.h:65,
                 from /home/calvin/workspace/strata-integration-validation/source/include/strata/hip_compat/cuda_runtime.h:12,
                 from <command-line>:
/mnt/sda2/home/calvin/workspace/strata-validation/toolchains/rocm/lib/python3.10/site-packages/_rocm_sdk_core/include/hip/hip_runtime_api.h:4651:12: note: in call to ‘hipError_t hipMemcpy(void*, const void*, size_t, hipMemcpyKind)’, declared here
 4651 | hipError_t hipMemcpy(void* dst, const void* src, size_t sizeBytes, hipMemcpyKind kind);
      |            ^~~~~~~~~
In file included from /mnt/sda2/home/calvin/workspace/strata-validation/toolchains/rocm/lib/python3.10/site-packages/_rocm_sdk_core/include/hip/hip_runtime.h:65,
                 from /home/calvin/workspace/strata-integration-validation/source/include/strata/hip_compat/cuda_runtime.h:12,
                 from <command-line>:
/mnt/sda2/home/calvin/workspace/strata-validation/toolchains/rocm/lib/python3.10/site-packages/_rocm_sdk_core/include/hip/hip_runtime_api.h:419:3: note: ‘hipError_t’ declared here
  419 | } hipError_t;
      |   ^~~~~~~~~~
[10/13] Linking HIP static library libstrata_prefill.a
[11/13] Building CXX object CMakeFiles/strata.dir/src/program/generate.cpp.o
In file included from /home/calvin/workspace/strata-integration-validation/source/src/program/generate.cpp:35:
/home/calvin/workspace/strata-integration-validation/source/include/strata/core/on_device.hpp: In destructor ‘strata::core::OnDevice::~OnDevice()’:
/home/calvin/workspace/strata-integration-validation/source/include/strata/core/on_device.hpp:17:51: warning: ignoring returned value of type ‘hipError_t’, declared with attribute ‘nodiscard’ [-Wunused-result]
   17 |     ~OnDevice() { if (previous >= 0) cudaSetDevice(previous); }
In file included from /mnt/sda2/home/calvin/workspace/strata-validation/toolchains/rocm/lib/python3.10/site-packages/_rocm_sdk_core/include/hip/hip_runtime.h:65,
                 from /home/calvin/workspace/strata-integration-validation/source/include/strata/hip_compat/cuda_runtime.h:12,
                 from <command-line>:
/mnt/sda2/home/calvin/workspace/strata-validation/toolchains/rocm/lib/python3.10/site-packages/_rocm_sdk_core/include/hip/hip_runtime_api.h:2233:12: note: in call to ‘hipError_t hipSetDevice(int)’, declared here
 2233 | hipError_t hipSetDevice(int deviceId);
      |            ^~~~~~~~~~~~
In file included from /mnt/sda2/home/calvin/workspace/strata-validation/toolchains/rocm/lib/python3.10/site-packages/_rocm_sdk_core/include/hip/hip_runtime.h:65,
                 from /home/calvin/workspace/strata-integration-validation/source/include/strata/hip_compat/cuda_runtime.h:12,
                 from <command-line>:
/mnt/sda2/home/calvin/workspace/strata-validation/toolchains/rocm/lib/python3.10/site-packages/_rocm_sdk_core/include/hip/hip_runtime_api.h:419:3: note: ‘hipError_t’ declared here
  419 | } hipError_t;
      |   ^~~~~~~~~~
/home/calvin/workspace/strata-integration-validation/source/src/program/generate.cpp: In function ‘void {anonymous}::mem_mark(const char*)’:
/home/calvin/workspace/strata-integration-validation/source/src/program/generate.cpp:1255:19: warning: ignoring returned value of type ‘hipError_t’, declared with attribute ‘nodiscard’ [-Wunused-result]
 1255 |     cudaMemGetInfo(&free_b, &total_b);
In file included from /mnt/sda2/home/calvin/workspace/strata-validation/toolchains/rocm/lib/python3.10/site-packages/_rocm_sdk_core/include/hip/hip_runtime.h:65,
                 from /home/calvin/workspace/strata-integration-validation/source/include/strata/hip_compat/cuda_runtime.h:12,
                 from <command-line>:
/mnt/sda2/home/calvin/workspace/strata-validation/toolchains/rocm/lib/python3.10/site-packages/_rocm_sdk_core/include/hip/hip_runtime_api.h:5303:12: note: in call to ‘hipError_t hipMemGetInfo(size_t*, size_t*)’, declared here
 5303 | hipError_t hipMemGetInfo(size_t* free, size_t* total);
      |            ^~~~~~~~~~~~~
In file included from /mnt/sda2/home/calvin/workspace/strata-validation/toolchains/rocm/lib/python3.10/site-packages/_rocm_sdk_core/include/hip/hip_runtime.h:65,
                 from /home/calvin/workspace/strata-integration-validation/source/include/strata/hip_compat/cuda_runtime.h:12,
                 from <command-line>:
/mnt/sda2/home/calvin/workspace/strata-validation/toolchains/rocm/lib/python3.10/site-packages/_rocm_sdk_core/include/hip/hip_runtime_api.h:419:3: note: ‘hipError_t’ declared here
  419 | } hipError_t;
      |   ^~~~~~~~~~
/home/calvin/workspace/strata-integration-validation/source/src/program/generate.cpp: In function ‘double {anonymous}::probe_pcie_h2d_gbps(std::string*)’:
/home/calvin/workspace/strata-integration-validation/source/src/program/generate.cpp:1504:21: warning: ignoring returned value of type ‘hipError_t’, declared with attribute ‘nodiscard’ [-Wunused-result]
 1504 |         cudaFreeHost(h);
In file included from /mnt/sda2/home/calvin/workspace/strata-validation/toolchains/rocm/lib/python3.10/site-packages/_rocm_sdk_core/include/hip/hip_runtime.h:65,
                 from /home/calvin/workspace/strata-integration-validation/source/include/strata/hip_compat/cuda_runtime.h:12,
                 from <command-line>:
/mnt/sda2/home/calvin/workspace/strata-validation/toolchains/rocm/lib/python3.10/site-packages/_rocm_sdk_core/include/hip/hip_runtime_api.h:4604:12: note: in call to ‘hipError_t hipFreeHost(void*)’, declared here
 4604 | hipError_t hipFreeHost(void* ptr);
      |            ^~~~~~~~~~~
In file included from /mnt/sda2/home/calvin/workspace/strata-validation/toolchains/rocm/lib/python3.10/site-packages/_rocm_sdk_core/include/hip/hip_runtime.h:65,
                 from /home/calvin/workspace/strata-integration-validation/source/include/strata/hip_compat/cuda_runtime.h:12,
                 from <command-line>:
/mnt/sda2/home/calvin/workspace/strata-validation/toolchains/rocm/lib/python3.10/site-packages/_rocm_sdk_core/include/hip/hip_runtime_api.h:419:3: note: ‘hipError_t’ declared here
  419 | } hipError_t;
      |   ^~~~~~~~~~
/home/calvin/workspace/strata-integration-validation/source/src/program/generate.cpp:1508:20: warning: ignoring returned value of type ‘hipError_t’, declared with attribute ‘nodiscard’ [-Wunused-result]
 1508 |     cudaMemcpyAsync(d, h, kBytes, cudaMemcpyHostToDevice);   // warmup: context up, copy engine primed
In file included from /mnt/sda2/home/calvin/workspace/strata-validation/toolchains/rocm/lib/python3.10/site-packages/_rocm_sdk_core/include/hip/hip_runtime.h:65,
                 from /home/calvin/workspace/strata-integration-validation/source/include/strata/hip_compat/cuda_runtime.h:12,
                 from <command-line>:
/mnt/sda2/home/calvin/workspace/strata-validation/toolchains/rocm/lib/python3.10/site-packages/_rocm_sdk_core/include/hip/hip_runtime_api.h:5050:12: note: in call to ‘hipError_t hipMemcpyAsync(void*, const void*, size_t, hipMemcpyKind, hipStream_t)’, declared here
 5050 | hipError_t hipMemcpyAsync(void* dst, const void* src, size_t sizeBytes, hipMemcpyKind kind,
      |            ^~~~~~~~~~~~~~
In file included from /mnt/sda2/home/calvin/workspace/strata-validation/toolchains/rocm/lib/python3.10/site-packages/_rocm_sdk_core/include/hip/hip_runtime.h:65,
                 from /home/calvin/workspace/strata-integration-validation/source/include/strata/hip_compat/cuda_runtime.h:12,
                 from <command-line>:
/mnt/sda2/home/calvin/workspace/strata-validation/toolchains/rocm/lib/python3.10/site-packages/_rocm_sdk_core/include/hip/hip_runtime_api.h:419:3: note: ‘hipError_t’ declared here
  419 | } hipError_t;
      |   ^~~~~~~~~~
/home/calvin/workspace/strata-integration-validation/source/src/program/generate.cpp:1528:24: warning: ignoring returned value of type ‘hipError_t’, declared with attribute ‘nodiscard’ [-Wunused-result]
 1528 |         cudaEventRecord(ev[0]);
In file included from /mnt/sda2/home/calvin/workspace/strata-validation/toolchains/rocm/lib/python3.10/site-packages/_rocm_sdk_core/include/hip/hip_runtime.h:65,
                 from /home/calvin/workspace/strata-integration-validation/source/include/strata/hip_compat/cuda_runtime.h:12,
                 from <command-line>:
/mnt/sda2/home/calvin/workspace/strata-validation/toolchains/rocm/lib/python3.10/site-packages/_rocm_sdk_core/include/hip/hip_runtime_api.h:3436:12: note: in call to ‘hipError_t hipEventRecord(hipEvent_t, hipStream_t)’, declared here
 3436 | hipError_t hipEventRecord(hipEvent_t event, hipStream_t stream = NULL);
      |            ^~~~~~~~~~~~~~
In file included from /mnt/sda2/home/calvin/workspace/strata-validation/toolchains/rocm/lib/python3.10/site-packages/_rocm_sdk_core/include/hip/hip_runtime.h:65,
                 from /home/calvin/workspace/strata-integration-validation/source/include/strata/hip_compat/cuda_runtime.h:12,
                 from <command-line>:
/mnt/sda2/home/calvin/workspace/strata-validation/toolchains/rocm/lib/python3.10/site-packages/_rocm_sdk_core/include/hip/hip_runtime_api.h:419:3: note: ‘hipError_t’ declared here
  419 | } hipError_t;
      |   ^~~~~~~~~~
/home/calvin/workspace/strata-integration-validation/source/src/program/generate.cpp:1530:28: warning: ignoring returned value of type ‘hipError_t’, declared with attribute ‘nodiscard’ [-Wunused-result]
 1530 |             cudaMemcpyAsync(d, h, kBytes, cudaMemcpyHostToDevice);
In file included from /mnt/sda2/home/calvin/workspace/strata-validation/toolchains/rocm/lib/python3.10/site-packages/_rocm_sdk_core/include/hip/hip_runtime.h:65,
                 from /home/calvin/workspace/strata-integration-validation/source/include/strata/hip_compat/cuda_runtime.h:12,
                 from <command-line>:
/mnt/sda2/home/calvin/workspace/strata-validation/toolchains/rocm/lib/python3.10/site-packages/_rocm_sdk_core/include/hip/hip_runtime_api.h:5050:12: note: in call to ‘hipError_t hipMemcpyAsync(void*, const void*, size_t, hipMemcpyKind, hipStream_t)’, declared here
 5050 | hipError_t hipMemcpyAsync(void* dst, const void* src, size_t sizeBytes, hipMemcpyKind kind,
      |            ^~~~~~~~~~~~~~
In file included from /mnt/sda2/home/calvin/workspace/strata-validation/toolchains/rocm/lib/python3.10/site-packages/_rocm_sdk_core/include/hip/hip_runtime.h:65,
                 from /home/calvin/workspace/strata-integration-validation/source/include/strata/hip_compat/cuda_runtime.h:12,
                 from <command-line>:
/mnt/sda2/home/calvin/workspace/strata-validation/toolchains/rocm/lib/python3.10/site-packages/_rocm_sdk_core/include/hip/hip_runtime_api.h:419:3: note: ‘hipError_t’ declared here
  419 | } hipError_t;
      |   ^~~~~~~~~~
/home/calvin/workspace/strata-integration-validation/source/src/program/generate.cpp:1531:28: warning: ignoring returned value of type ‘hipError_t’, declared with attribute ‘nodiscard’ [-Wunused-result]
 1531 |             cudaEventRecord(ev[b + 1]);
In file included from /mnt/sda2/home/calvin/workspace/strata-validation/toolchains/rocm/lib/python3.10/site-packages/_rocm_sdk_core/include/hip/hip_runtime.h:65,
                 from /home/calvin/workspace/strata-integration-validation/source/include/strata/hip_compat/cuda_runtime.h:12,
                 from <command-line>:
/mnt/sda2/home/calvin/workspace/strata-validation/toolchains/rocm/lib/python3.10/site-packages/_rocm_sdk_core/include/hip/hip_runtime_api.h:3436:12: note: in call to ‘hipError_t hipEventRecord(hipEvent_t, hipStream_t)’, declared here
 3436 | hipError_t hipEventRecord(hipEvent_t event, hipStream_t stream = NULL);
      |            ^~~~~~~~~~~~~~
In file included from /mnt/sda2/home/calvin/workspace/strata-validation/toolchains/rocm/lib/python3.10/site-packages/_rocm_sdk_core/include/hip/hip_runtime.h:65,
                 from /home/calvin/workspace/strata-integration-validation/source/include/strata/hip_compat/cuda_runtime.h:12,
                 from <command-line>:
/mnt/sda2/home/calvin/workspace/strata-validation/toolchains/rocm/lib/python3.10/site-packages/_rocm_sdk_core/include/hip/hip_runtime_api.h:419:3: note: ‘hipError_t’ declared here
  419 | } hipError_t;
      |   ^~~~~~~~~~
/home/calvin/workspace/strata-integration-validation/source/src/program/generate.cpp:1536:52: warning: ignoring returned value of type ‘hipError_t’, declared with attribute ‘nodiscard’ [-Wunused-result]
 1536 |     for (int i = 0; i < n_ev; ++i) cudaEventDestroy(ev[i]);
In file included from /mnt/sda2/home/calvin/workspace/strata-validation/toolchains/rocm/lib/python3.10/site-packages/_rocm_sdk_core/include/hip/hip_runtime.h:65,
                 from /home/calvin/workspace/strata-integration-validation/source/include/strata/hip_compat/cuda_runtime.h:12,
                 from <command-line>:
/mnt/sda2/home/calvin/workspace/strata-validation/toolchains/rocm/lib/python3.10/site-packages/_rocm_sdk_core/include/hip/hip_runtime_api.h:3456:12: note: in call to ‘hipError_t hipEventDestroy(hipEvent_t)’, declared here
 3456 | hipError_t hipEventDestroy(hipEvent_t event);
      |            ^~~~~~~~~~~~~~~
In file included from /mnt/sda2/home/calvin/workspace/strata-validation/toolchains/rocm/lib/python3.10/site-packages/_rocm_sdk_core/include/hip/hip_runtime.h:65,
                 from /home/calvin/workspace/strata-integration-validation/source/include/strata/hip_compat/cuda_runtime.h:12,
                 from <command-line>:
/mnt/sda2/home/calvin/workspace/strata-validation/toolchains/rocm/lib/python3.10/site-packages/_rocm_sdk_core/include/hip/hip_runtime_api.h:419:3: note: ‘hipError_t’ declared here
  419 | } hipError_t;
      |   ^~~~~~~~~~
/home/calvin/workspace/strata-integration-validation/source/src/program/generate.cpp:1550:13: warning: ignoring returned value of type ‘hipError_t’, declared with attribute ‘nodiscard’ [-Wunused-result]
 1550 |     cudaFree(d);
In file included from /mnt/sda2/home/calvin/workspace/strata-validation/toolchains/rocm/lib/python3.10/site-packages/_rocm_sdk_core/include/hip/hip_runtime.h:65,
                 from /home/calvin/workspace/strata-integration-validation/source/include/strata/hip_compat/cuda_runtime.h:12,
                 from <command-line>:
/mnt/sda2/home/calvin/workspace/strata-validation/toolchains/rocm/lib/python3.10/site-packages/_rocm_sdk_core/include/hip/hip_runtime_api.h:4592:12: note: in call to ‘hipError_t hipFree(void*)’, declared here
 4592 | hipError_t hipFree(void* ptr);
      |            ^~~~~~~
In file included from /mnt/sda2/home/calvin/workspace/strata-validation/toolchains/rocm/lib/python3.10/site-packages/_rocm_sdk_core/include/hip/hip_runtime.h:65,
                 from /home/calvin/workspace/strata-integration-validation/source/include/strata/hip_compat/cuda_runtime.h:12,
                 from <command-line>:
/mnt/sda2/home/calvin/workspace/strata-validation/toolchains/rocm/lib/python3.10/site-packages/_rocm_sdk_core/include/hip/hip_runtime_api.h:419:3: note: ‘hipError_t’ declared here
  419 | } hipError_t;
      |   ^~~~~~~~~~
/home/calvin/workspace/strata-integration-validation/source/src/program/generate.cpp:1551:17: warning: ignoring returned value of type ‘hipError_t’, declared with attribute ‘nodiscard’ [-Wunused-result]
 1551 |     cudaFreeHost(h);
In file included from /mnt/sda2/home/calvin/workspace/strata-validation/toolchains/rocm/lib/python3.10/site-packages/_rocm_sdk_core/include/hip/hip_runtime.h:65,
                 from /home/calvin/workspace/strata-integration-validation/source/include/strata/hip_compat/cuda_runtime.h:12,
                 from <command-line>:
/mnt/sda2/home/calvin/workspace/strata-validation/toolchains/rocm/lib/python3.10/site-packages/_rocm_sdk_core/include/hip/hip_runtime_api.h:4604:12: note: in call to ‘hipError_t hipFreeHost(void*)’, declared here
 4604 | hipError_t hipFreeHost(void* ptr);
      |            ^~~~~~~~~~~
In file included from /mnt/sda2/home/calvin/workspace/strata-validation/toolchains/rocm/lib/python3.10/site-packages/_rocm_sdk_core/include/hip/hip_runtime.h:65,
                 from /home/calvin/workspace/strata-integration-validation/source/include/strata/hip_compat/cuda_runtime.h:12,
                 from <command-line>:
/mnt/sda2/home/calvin/workspace/strata-validation/toolchains/rocm/lib/python3.10/site-packages/_rocm_sdk_core/include/hip/hip_runtime_api.h:419:3: note: ‘hipError_t’ declared here
  419 | } hipError_t;
      |   ^~~~~~~~~~
/home/calvin/workspace/strata-integration-validation/source/src/program/generate.cpp: In function ‘int main(int, char**)’:
/home/calvin/workspace/strata-integration-validation/source/src/program/generate.cpp:1990:25: warning: ignoring returned value of type ‘hipError_t’, declared with attribute ‘nodiscard’ [-Wunused-result]
 1990 |         cudaGetLastError();
In file included from /mnt/sda2/home/calvin/workspace/strata-validation/toolchains/rocm/lib/python3.10/site-packages/_rocm_sdk_core/include/hip/hip_runtime.h:65,
                 from /home/calvin/workspace/strata-integration-validation/source/include/strata/hip_compat/cuda_runtime.h:12,
                 from <command-line>:
/mnt/sda2/home/calvin/workspace/strata-validation/toolchains/rocm/lib/python3.10/site-packages/_rocm_sdk_core/include/hip/hip_runtime_api.h:2708:12: note: in call to ‘hipError_t hipGetLastError()’, declared here
 2708 | hipError_t hipGetLastError(void);
      |            ^~~~~~~~~~~~~~~
In file included from /mnt/sda2/home/calvin/workspace/strata-validation/toolchains/rocm/lib/python3.10/site-packages/_rocm_sdk_core/include/hip/hip_runtime.h:65,
                 from /home/calvin/workspace/strata-integration-validation/source/include/strata/hip_compat/cuda_runtime.h:12,
                 from <command-line>:
/mnt/sda2/home/calvin/workspace/strata-validation/toolchains/rocm/lib/python3.10/site-packages/_rocm_sdk_core/include/hip/hip_runtime_api.h:419:3: note: ‘hipError_t’ declared here
  419 | } hipError_t;
      |   ^~~~~~~~~~
/home/calvin/workspace/strata-integration-validation/source/src/program/generate.cpp:2096:93: warning: ignoring returned value of type ‘hipError_t’, declared with attribute ‘nodiscard’ [-Wunused-result]
 2096 |                     if (cudaGetDeviceProperties(&prop, d) != cudaSuccess) { cudaGetLastError(); own = false; break; }
In file included from /mnt/sda2/home/calvin/workspace/strata-validation/toolchains/rocm/lib/python3.10/site-packages/_rocm_sdk_core/include/hip/hip_runtime.h:65,
                 from /home/calvin/workspace/strata-integration-validation/source/include/strata/hip_compat/cuda_runtime.h:12,
                 from <command-line>:
/mnt/sda2/home/calvin/workspace/strata-validation/toolchains/rocm/lib/python3.10/site-packages/_rocm_sdk_core/include/hip/hip_runtime_api.h:2708:12: note: in call to ‘hipError_t hipGetLastError()’, declared here
 2708 | hipError_t hipGetLastError(void);
      |            ^~~~~~~~~~~~~~~
In file included from /mnt/sda2/home/calvin/workspace/strata-validation/toolchains/rocm/lib/python3.10/site-packages/_rocm_sdk_core/include/hip/hip_runtime.h:65,
                 from /home/calvin/workspace/strata-integration-validation/source/include/strata/hip_compat/cuda_runtime.h:12,
                 from <command-line>:
/mnt/sda2/home/calvin/workspace/strata-validation/toolchains/rocm/lib/python3.10/site-packages/_rocm_sdk_core/include/hip/hip_runtime_api.h:419:3: note: ‘hipError_t’ declared here
  419 | } hipError_t;
      |   ^~~~~~~~~~
/home/calvin/workspace/strata-integration-validation/source/src/program/generate.cpp:2118:25: warning: ignoring returned value of type ‘hipError_t’, declared with attribute ‘nodiscard’ [-Wunused-result]
 2118 |         cudaGetLastError();
In file included from /mnt/sda2/home/calvin/workspace/strata-validation/toolchains/rocm/lib/python3.10/site-packages/_rocm_sdk_core/include/hip/hip_runtime.h:65,
                 from /home/calvin/workspace/strata-integration-validation/source/include/strata/hip_compat/cuda_runtime.h:12,
                 from <command-line>:
/mnt/sda2/home/calvin/workspace/strata-validation/toolchains/rocm/lib/python3.10/site-packages/_rocm_sdk_core/include/hip/hip_runtime_api.h:2708:12: note: in call to ‘hipError_t hipGetLastError()’, declared here
 2708 | hipError_t hipGetLastError(void);
      |            ^~~~~~~~~~~~~~~
In file included from /mnt/sda2/home/calvin/workspace/strata-validation/toolchains/rocm/lib/python3.10/site-packages/_rocm_sdk_core/include/hip/hip_runtime.h:65,
                 from /home/calvin/workspace/strata-integration-validation/source/include/strata/hip_compat/cuda_runtime.h:12,
                 from <command-line>:
/mnt/sda2/home/calvin/workspace/strata-validation/toolchains/rocm/lib/python3.10/site-packages/_rocm_sdk_core/include/hip/hip_runtime_api.h:419:3: note: ‘hipError_t’ declared here
  419 | } hipError_t;
      |   ^~~~~~~~~~
/home/calvin/workspace/strata-integration-validation/source/src/program/generate.cpp:2712:25: warning: ignoring returned value of type ‘hipError_t’, declared with attribute ‘nodiscard’ [-Wunused-result]
 2712 |         cudaGetLastError();
In file included from /mnt/sda2/home/calvin/workspace/strata-validation/toolchains/rocm/lib/python3.10/site-packages/_rocm_sdk_core/include/hip/hip_runtime.h:65,
                 from /home/calvin/workspace/strata-integration-validation/source/include/strata/hip_compat/cuda_runtime.h:12,
                 from <command-line>:
/mnt/sda2/home/calvin/workspace/strata-validation/toolchains/rocm/lib/python3.10/site-packages/_rocm_sdk_core/include/hip/hip_runtime_api.h:2708:12: note: in call to ‘hipError_t hipGetLastError()’, declared here
 2708 | hipError_t hipGetLastError(void);
      |            ^~~~~~~~~~~~~~~
In file included from /mnt/sda2/home/calvin/workspace/strata-validation/toolchains/rocm/lib/python3.10/site-packages/_rocm_sdk_core/include/hip/hip_runtime.h:65,
                 from /home/calvin/workspace/strata-integration-validation/source/include/strata/hip_compat/cuda_runtime.h:12,
                 from <command-line>:
/mnt/sda2/home/calvin/workspace/strata-validation/toolchains/rocm/lib/python3.10/site-packages/_rocm_sdk_core/include/hip/hip_runtime_api.h:419:3: note: ‘hipError_t’ declared here
  419 | } hipError_t;
      |   ^~~~~~~~~~
/home/calvin/workspace/strata-integration-validation/source/src/program/generate.cpp:2720:33: warning: ignoring returned value of type ‘hipError_t’, declared with attribute ‘nodiscard’ [-Wunused-result]
 2720 |                 cudaGetLastError();
In file included from /mnt/sda2/home/calvin/workspace/strata-validation/toolchains/rocm/lib/python3.10/site-packages/_rocm_sdk_core/include/hip/hip_runtime.h:65,
                 from /home/calvin/workspace/strata-integration-validation/source/include/strata/hip_compat/cuda_runtime.h:12,
                 from <command-line>:
/mnt/sda2/home/calvin/workspace/strata-validation/toolchains/rocm/lib/python3.10/site-packages/_rocm_sdk_core/include/hip/hip_runtime_api.h:2708:12: note: in call to ‘hipError_t hipGetLastError()’, declared here
 2708 | hipError_t hipGetLastError(void);
      |            ^~~~~~~~~~~~~~~
In file included from /mnt/sda2/home/calvin/workspace/strata-validation/toolchains/rocm/lib/python3.10/site-packages/_rocm_sdk_core/include/hip/hip_runtime.h:65,
                 from /home/calvin/workspace/strata-integration-validation/source/include/strata/hip_compat/cuda_runtime.h:12,
                 from <command-line>:
/mnt/sda2/home/calvin/workspace/strata-validation/toolchains/rocm/lib/python3.10/site-packages/_rocm_sdk_core/include/hip/hip_runtime_api.h:419:3: note: ‘hipError_t’ declared here
  419 | } hipError_t;
      |   ^~~~~~~~~~
/home/calvin/workspace/strata-integration-validation/source/src/program/generate.cpp:2730:23: warning: ignoring returned value of type ‘hipError_t’, declared with attribute ‘nodiscard’ [-Wunused-result]
 2730 |         cudaMemGetInfo(&free_b, &total_b);
In file included from /mnt/sda2/home/calvin/workspace/strata-validation/toolchains/rocm/lib/python3.10/site-packages/_rocm_sdk_core/include/hip/hip_runtime.h:65,
                 from /home/calvin/workspace/strata-integration-validation/source/include/strata/hip_compat/cuda_runtime.h:12,
                 from <command-line>:
/mnt/sda2/home/calvin/workspace/strata-validation/toolchains/rocm/lib/python3.10/site-packages/_rocm_sdk_core/include/hip/hip_runtime_api.h:5303:12: note: in call to ‘hipError_t hipMemGetInfo(size_t*, size_t*)’, declared here
 5303 | hipError_t hipMemGetInfo(size_t* free, size_t* total);
      |            ^~~~~~~~~~~~~
In file included from /mnt/sda2/home/calvin/workspace/strata-validation/toolchains/rocm/lib/python3.10/site-packages/_rocm_sdk_core/include/hip/hip_runtime.h:65,
                 from /home/calvin/workspace/strata-integration-validation/source/include/strata/hip_compat/cuda_runtime.h:12,
                 from <command-line>:
/mnt/sda2/home/calvin/workspace/strata-validation/toolchains/rocm/lib/python3.10/site-packages/_rocm_sdk_core/include/hip/hip_runtime_api.h:419:3: note: ‘hipError_t’ declared here
  419 | } hipError_t;
      |   ^~~~~~~~~~
/home/calvin/workspace/strata-integration-validation/source/src/program/generate.cpp:3036:27: warning: ignoring returned value of type ‘hipError_t’, declared with attribute ‘nodiscard’ [-Wunused-result]
 3036 |             cudaMemGetInfo(&fb, &tb);
In file included from /mnt/sda2/home/calvin/workspace/strata-validation/toolchains/rocm/lib/python3.10/site-packages/_rocm_sdk_core/include/hip/hip_runtime.h:65,
                 from /home/calvin/workspace/strata-integration-validation/source/include/strata/hip_compat/cuda_runtime.h:12,
                 from <command-line>:
/mnt/sda2/home/calvin/workspace/strata-validation/toolchains/rocm/lib/python3.10/site-packages/_rocm_sdk_core/include/hip/hip_runtime_api.h:5303:12: note: in call to ‘hipError_t hipMemGetInfo(size_t*, size_t*)’, declared here
 5303 | hipError_t hipMemGetInfo(size_t* free, size_t* total);
      |            ^~~~~~~~~~~~~
In file included from /mnt/sda2/home/calvin/workspace/strata-validation/toolchains/rocm/lib/python3.10/site-packages/_rocm_sdk_core/include/hip/hip_runtime.h:65,
                 from /home/calvin/workspace/strata-integration-validation/source/include/strata/hip_compat/cuda_runtime.h:12,
                 from <command-line>:
/mnt/sda2/home/calvin/workspace/strata-validation/toolchains/rocm/lib/python3.10/site-packages/_rocm_sdk_core/include/hip/hip_runtime_api.h:419:3: note: ‘hipError_t’ declared here
  419 | } hipError_t;
      |   ^~~~~~~~~~
/home/calvin/workspace/strata-integration-validation/source/src/program/generate.cpp:3041:36: warning: ignoring returned value of type ‘hipError_t’, declared with attribute ‘nodiscard’ [-Wunused-result]
 3041 |             cudaGetDeviceProperties(&dp, 0);
In file included from /mnt/sda2/home/calvin/workspace/strata-validation/toolchains/rocm/lib/python3.10/site-packages/_rocm_sdk_core/include/hip/hip_runtime.h:65,
                 from /home/calvin/workspace/strata-integration-validation/source/include/strata/hip_compat/cuda_runtime.h:12,
                 from <command-line>:
/mnt/sda2/home/calvin/workspace/strata-validation/toolchains/rocm/lib/python3.10/site-packages/_rocm_sdk_core/include/hip/hip_runtime_api.h:2354:12: note: in call to ‘hipError_t hipGetDevicePropertiesR0600(hipDeviceProp_tR0600*, int)’, declared here
 2354 | hipError_t hipGetDeviceProperties(hipDeviceProp_t* prop, int deviceId);
      |            ^~~~~~~~~~~~~~~~~~~~~~
/mnt/sda2/home/calvin/workspace/strata-validation/toolchains/rocm/lib/python3.10/site-packages/_rocm_sdk_core/include/hip/hip_runtime_api.h:419:3: note: ‘hipError_t’ declared here
  419 | } hipError_t;
      |   ^~~~~~~~~~
/home/calvin/workspace/strata-integration-validation/source/src/program/generate.cpp: In lambda function:
/home/calvin/workspace/strata-integration-validation/source/src/program/generate.cpp:3105:29: warning: ignoring returned value of type ‘hipError_t’, declared with attribute ‘nodiscard’ [-Wunused-result]
 3105 |             cudaGetLastError();
In file included from /mnt/sda2/home/calvin/workspace/strata-validation/toolchains/rocm/lib/python3.10/site-packages/_rocm_sdk_core/include/hip/hip_runtime.h:65,
                 from /home/calvin/workspace/strata-integration-validation/source/include/strata/hip_compat/cuda_runtime.h:12,
                 from <command-line>:
/mnt/sda2/home/calvin/workspace/strata-validation/toolchains/rocm/lib/python3.10/site-packages/_rocm_sdk_core/include/hip/hip_runtime_api.h:2708:12: note: in call to ‘hipError_t hipGetLastError()’, declared here
 2708 | hipError_t hipGetLastError(void);
      |            ^~~~~~~~~~~~~~~
In file included from /mnt/sda2/home/calvin/workspace/strata-validation/toolchains/rocm/lib/python3.10/site-packages/_rocm_sdk_core/include/hip/hip_runtime.h:65,
                 from /home/calvin/workspace/strata-integration-validation/source/include/strata/hip_compat/cuda_runtime.h:12,
                 from <command-line>:
/mnt/sda2/home/calvin/workspace/strata-validation/toolchains/rocm/lib/python3.10/site-packages/_rocm_sdk_core/include/hip/hip_runtime_api.h:419:3: note: ‘hipError_t’ declared here
  419 | } hipError_t;
      |   ^~~~~~~~~~
/home/calvin/workspace/strata-integration-validation/source/src/program/generate.cpp:3107:27: warning: ignoring returned value of type ‘hipError_t’, declared with attribute ‘nodiscard’ [-Wunused-result]
 3107 |             cudaMemGetInfo(&free_b, &total_b);
In file included from /mnt/sda2/home/calvin/workspace/strata-validation/toolchains/rocm/lib/python3.10/site-packages/_rocm_sdk_core/include/hip/hip_runtime.h:65,
                 from /home/calvin/workspace/strata-integration-validation/source/include/strata/hip_compat/cuda_runtime.h:12,
                 from <command-line>:
/mnt/sda2/home/calvin/workspace/strata-validation/toolchains/rocm/lib/python3.10/site-packages/_rocm_sdk_core/include/hip/hip_runtime_api.h:5303:12: note: in call to ‘hipError_t hipMemGetInfo(size_t*, size_t*)’, declared here
 5303 | hipError_t hipMemGetInfo(size_t* free, size_t* total);
      |            ^~~~~~~~~~~~~
In file included from /mnt/sda2/home/calvin/workspace/strata-validation/toolchains/rocm/lib/python3.10/site-packages/_rocm_sdk_core/include/hip/hip_runtime.h:65,
                 from /home/calvin/workspace/strata-integration-validation/source/include/strata/hip_compat/cuda_runtime.h:12,
                 from <command-line>:
/mnt/sda2/home/calvin/workspace/strata-validation/toolchains/rocm/lib/python3.10/site-packages/_rocm_sdk_core/include/hip/hip_runtime_api.h:419:3: note: ‘hipError_t’ declared here
  419 | } hipError_t;
      |   ^~~~~~~~~~
/home/calvin/workspace/strata-integration-validation/source/src/program/generate.cpp: In function ‘int main(int, char**)’:
/home/calvin/workspace/strata-integration-validation/source/src/program/generate.cpp:3176:27: warning: ignoring returned value of type ‘hipError_t’, declared with attribute ‘nodiscard’ [-Wunused-result]
 3176 |             cudaMemGetInfo(&fb, &tb);
In file included from /mnt/sda2/home/calvin/workspace/strata-validation/toolchains/rocm/lib/python3.10/site-packages/_rocm_sdk_core/include/hip/hip_runtime.h:65,
                 from /home/calvin/workspace/strata-integration-validation/source/include/strata/hip_compat/cuda_runtime.h:12,
                 from <command-line>:
/mnt/sda2/home/calvin/workspace/strata-validation/toolchains/rocm/lib/python3.10/site-packages/_rocm_sdk_core/include/hip/hip_runtime_api.h:5303:12: note: in call to ‘hipError_t hipMemGetInfo(size_t*, size_t*)’, declared here
 5303 | hipError_t hipMemGetInfo(size_t* free, size_t* total);
      |            ^~~~~~~~~~~~~
In file included from /mnt/sda2/home/calvin/workspace/strata-validation/toolchains/rocm/lib/python3.10/site-packages/_rocm_sdk_core/include/hip/hip_runtime.h:65,
                 from /home/calvin/workspace/strata-integration-validation/source/include/strata/hip_compat/cuda_runtime.h:12,
                 from <command-line>:
/mnt/sda2/home/calvin/workspace/strata-validation/toolchains/rocm/lib/python3.10/site-packages/_rocm_sdk_core/include/hip/hip_runtime_api.h:419:3: note: ‘hipError_t’ declared here
  419 | } hipError_t;
      |   ^~~~~~~~~~
/home/calvin/workspace/strata-integration-validation/source/src/program/generate.cpp:3355:35: warning: ignoring returned value of type ‘hipError_t’, declared with attribute ‘nodiscard’ [-Wunused-result]
 3355 |             cudaDeviceGetAttribute(&sms, cudaDevAttrMultiProcessorCount, dev);
In file included from /mnt/sda2/home/calvin/workspace/strata-validation/toolchains/rocm/lib/python3.10/site-packages/_rocm_sdk_core/include/hip/hip_runtime.h:65,
                 from /home/calvin/workspace/strata-integration-validation/source/include/strata/hip_compat/cuda_runtime.h:12,
                 from <command-line>:
/mnt/sda2/home/calvin/workspace/strata-validation/toolchains/rocm/lib/python3.10/site-packages/_rocm_sdk_core/include/hip/hip_runtime_api.h:2283:12: note: in call to ‘hipError_t hipDeviceGetAttribute(int*, hipDeviceAttribute_t, int)’, declared here
 2283 | hipError_t hipDeviceGetAttribute(int* pi, hipDeviceAttribute_t attr, int deviceId);
      |            ^~~~~~~~~~~~~~~~~~~~~
In file included from /mnt/sda2/home/calvin/workspace/strata-validation/toolchains/rocm/lib/python3.10/site-packages/_rocm_sdk_core/include/hip/hip_runtime.h:65,
                 from /home/calvin/workspace/strata-integration-validation/source/include/strata/hip_compat/cuda_runtime.h:12,
                 from <command-line>:
/mnt/sda2/home/calvin/workspace/strata-validation/toolchains/rocm/lib/python3.10/site-packages/_rocm_sdk_core/include/hip/hip_runtime_api.h:419:3: note: ‘hipError_t’ declared here
  419 | } hipError_t;
      |   ^~~~~~~~~~
/home/calvin/workspace/strata-integration-validation/source/src/program/generate.cpp:3357:29: warning: ignoring returned value of type ‘hipError_t’, declared with attribute ‘nodiscard’ [-Wunused-result]
 3357 |             cudaGetLastError();
In file included from /mnt/sda2/home/calvin/workspace/strata-validation/toolchains/rocm/lib/python3.10/site-packages/_rocm_sdk_core/include/hip/hip_runtime.h:65,
                 from /home/calvin/workspace/strata-integration-validation/source/include/strata/hip_compat/cuda_runtime.h:12,
                 from <command-line>:
/mnt/sda2/home/calvin/workspace/strata-validation/toolchains/rocm/lib/python3.10/site-packages/_rocm_sdk_core/include/hip/hip_runtime_api.h:2708:12: note: in call to ‘hipError_t hipGetLastError()’, declared here
 2708 | hipError_t hipGetLastError(void);
      |            ^~~~~~~~~~~~~~~
In file included from /mnt/sda2/home/calvin/workspace/strata-validation/toolchains/rocm/lib/python3.10/site-packages/_rocm_sdk_core/include/hip/hip_runtime.h:65,
                 from /home/calvin/workspace/strata-integration-validation/source/include/strata/hip_compat/cuda_runtime.h:12,
                 from <command-line>:
/mnt/sda2/home/calvin/workspace/strata-validation/toolchains/rocm/lib/python3.10/site-packages/_rocm_sdk_core/include/hip/hip_runtime_api.h:419:3: note: ‘hipError_t’ declared here
  419 | } hipError_t;
      |   ^~~~~~~~~~
/home/calvin/workspace/strata-integration-validation/source/src/program/generate.cpp:3815:27: warning: ignoring returned value of type ‘hipError_t’, declared with attribute ‘nodiscard’ [-Wunused-result]
 3815 |             cudaMemGetInfo(&before, &total_b);
In file included from /mnt/sda2/home/calvin/workspace/strata-validation/toolchains/rocm/lib/python3.10/site-packages/_rocm_sdk_core/include/hip/hip_runtime.h:65,
                 from /home/calvin/workspace/strata-integration-validation/source/include/strata/hip_compat/cuda_runtime.h:12,
                 from <command-line>:
/mnt/sda2/home/calvin/workspace/strata-validation/toolchains/rocm/lib/python3.10/site-packages/_rocm_sdk_core/include/hip/hip_runtime_api.h:5303:12: note: in call to ‘hipError_t hipMemGetInfo(size_t*, size_t*)’, declared here
 5303 | hipError_t hipMemGetInfo(size_t* free, size_t* total);
      |            ^~~~~~~~~~~~~
In file included from /mnt/sda2/home/calvin/workspace/strata-validation/toolchains/rocm/lib/python3.10/site-packages/_rocm_sdk_core/include/hip/hip_runtime.h:65,
                 from /home/calvin/workspace/strata-integration-validation/source/include/strata/hip_compat/cuda_runtime.h:12,
                 from <command-line>:
/mnt/sda2/home/calvin/workspace/strata-validation/toolchains/rocm/lib/python3.10/site-packages/_rocm_sdk_core/include/hip/hip_runtime_api.h:419:3: note: ‘hipError_t’ declared here
  419 | } hipError_t;
      |   ^~~~~~~~~~
/home/calvin/workspace/strata-integration-validation/source/src/program/generate.cpp:3818:27: warning: ignoring returned value of type ‘hipError_t’, declared with attribute ‘nodiscard’ [-Wunused-result]
 3818 |             cudaMemGetInfo(&fb, &tb);
In file included from /mnt/sda2/home/calvin/workspace/strata-validation/toolchains/rocm/lib/python3.10/site-packages/_rocm_sdk_core/include/hip/hip_runtime.h:65,
                 from /home/calvin/workspace/strata-integration-validation/source/include/strata/hip_compat/cuda_runtime.h:12,
                 from <command-line>:
/mnt/sda2/home/calvin/workspace/strata-validation/toolchains/rocm/lib/python3.10/site-packages/_rocm_sdk_core/include/hip/hip_runtime_api.h:5303:12: note: in call to ‘hipError_t hipMemGetInfo(size_t*, size_t*)’, declared here
 5303 | hipError_t hipMemGetInfo(size_t* free, size_t* total);
      |            ^~~~~~~~~~~~~
In file included from /mnt/sda2/home/calvin/workspace/strata-validation/toolchains/rocm/lib/python3.10/site-packages/_rocm_sdk_core/include/hip/hip_runtime.h:65,
                 from /home/calvin/workspace/strata-integration-validation/source/include/strata/hip_compat/cuda_runtime.h:12,
                 from <command-line>:
/mnt/sda2/home/calvin/workspace/strata-validation/toolchains/rocm/lib/python3.10/site-packages/_rocm_sdk_core/include/hip/hip_runtime_api.h:419:3: note: ‘hipError_t’ declared here
  419 | } hipError_t;
      |   ^~~~~~~~~~
/home/calvin/workspace/strata-integration-validation/source/src/program/generate.cpp:3911:23: warning: ignoring returned value of type ‘hipError_t’, declared with attribute ‘nodiscard’ [-Wunused-result]
 3911 |         cudaMemGetInfo(&fb, &tb);
In file included from /mnt/sda2/home/calvin/workspace/strata-validation/toolchains/rocm/lib/python3.10/site-packages/_rocm_sdk_core/include/hip/hip_runtime.h:65,
                 from /home/calvin/workspace/strata-integration-validation/source/include/strata/hip_compat/cuda_runtime.h:12,
                 from <command-line>:
/mnt/sda2/home/calvin/workspace/strata-validation/toolchains/rocm/lib/python3.10/site-packages/_rocm_sdk_core/include/hip/hip_runtime_api.h:5303:12: note: in call to ‘hipError_t hipMemGetInfo(size_t*, size_t*)’, declared here
 5303 | hipError_t hipMemGetInfo(size_t* free, size_t* total);
      |            ^~~~~~~~~~~~~
In file included from /mnt/sda2/home/calvin/workspace/strata-validation/toolchains/rocm/lib/python3.10/site-packages/_rocm_sdk_core/include/hip/hip_runtime.h:65,
                 from /home/calvin/workspace/strata-integration-validation/source/include/strata/hip_compat/cuda_runtime.h:12,
                 from <command-line>:
/mnt/sda2/home/calvin/workspace/strata-validation/toolchains/rocm/lib/python3.10/site-packages/_rocm_sdk_core/include/hip/hip_runtime_api.h:419:3: note: ‘hipError_t’ declared here
  419 | } hipError_t;
      |   ^~~~~~~~~~
/home/calvin/workspace/strata-integration-validation/source/src/program/generate.cpp:3983:37: warning: ignoring returned value of type ‘hipError_t’, declared with attribute ‘nodiscard’ [-Wunused-result]
 3983 |                     cudaGetLastError();
In file included from /mnt/sda2/home/calvin/workspace/strata-validation/toolchains/rocm/lib/python3.10/site-packages/_rocm_sdk_core/include/hip/hip_runtime.h:65,
                 from /home/calvin/workspace/strata-integration-validation/source/include/strata/hip_compat/cuda_runtime.h:12,
                 from <command-line>:
/mnt/sda2/home/calvin/workspace/strata-validation/toolchains/rocm/lib/python3.10/site-packages/_rocm_sdk_core/include/hip/hip_runtime_api.h:2708:12: note: in call to ‘hipError_t hipGetLastError()’, declared here
 2708 | hipError_t hipGetLastError(void);
      |            ^~~~~~~~~~~~~~~
In file included from /mnt/sda2/home/calvin/workspace/strata-validation/toolchains/rocm/lib/python3.10/site-packages/_rocm_sdk_core/include/hip/hip_runtime.h:65,
                 from /home/calvin/workspace/strata-integration-validation/source/include/strata/hip_compat/cuda_runtime.h:12,
                 from <command-line>:
/mnt/sda2/home/calvin/workspace/strata-validation/toolchains/rocm/lib/python3.10/site-packages/_rocm_sdk_core/include/hip/hip_runtime_api.h:419:3: note: ‘hipError_t’ declared here
  419 | } hipError_t;
      |   ^~~~~~~~~~
/home/calvin/workspace/strata-integration-validation/source/src/program/generate.cpp:3984:49: warning: ignoring returned value of type ‘hipError_t’, declared with attribute ‘nodiscard’ [-Wunused-result]
 3984 |                     if (buf != nullptr) cudaFree(buf);
In file included from /mnt/sda2/home/calvin/workspace/strata-validation/toolchains/rocm/lib/python3.10/site-packages/_rocm_sdk_core/include/hip/hip_runtime.h:65,
                 from /home/calvin/workspace/strata-integration-validation/source/include/strata/hip_compat/cuda_runtime.h:12,
                 from <command-line>:
/mnt/sda2/home/calvin/workspace/strata-validation/toolchains/rocm/lib/python3.10/site-packages/_rocm_sdk_core/include/hip/hip_runtime_api.h:4592:12: note: in call to ‘hipError_t hipFree(void*)’, declared here
 4592 | hipError_t hipFree(void* ptr);
      |            ^~~~~~~
In file included from /mnt/sda2/home/calvin/workspace/strata-validation/toolchains/rocm/lib/python3.10/site-packages/_rocm_sdk_core/include/hip/hip_runtime.h:65,
                 from /home/calvin/workspace/strata-integration-validation/source/include/strata/hip_compat/cuda_runtime.h:12,
                 from <command-line>:
/mnt/sda2/home/calvin/workspace/strata-validation/toolchains/rocm/lib/python3.10/site-packages/_rocm_sdk_core/include/hip/hip_runtime_api.h:419:3: note: ‘hipError_t’ declared here
  419 | } hipError_t;
      |   ^~~~~~~~~~
/home/calvin/workspace/strata-integration-validation/source/src/program/generate.cpp:3986:35: warning: ignoring returned value of type ‘hipError_t’, declared with attribute ‘nodiscard’ [-Wunused-result]
 3986 |                     cudaMemGetInfo(&fb, &tb);
In file included from /mnt/sda2/home/calvin/workspace/strata-validation/toolchains/rocm/lib/python3.10/site-packages/_rocm_sdk_core/include/hip/hip_runtime.h:65,
                 from /home/calvin/workspace/strata-integration-validation/source/include/strata/hip_compat/cuda_runtime.h:12,
                 from <command-line>:
/mnt/sda2/home/calvin/workspace/strata-validation/toolchains/rocm/lib/python3.10/site-packages/_rocm_sdk_core/include/hip/hip_runtime_api.h:5303:12: note: in call to ‘hipError_t hipMemGetInfo(size_t*, size_t*)’, declared here
 5303 | hipError_t hipMemGetInfo(size_t* free, size_t* total);
      |            ^~~~~~~~~~~~~
In file included from /mnt/sda2/home/calvin/workspace/strata-validation/toolchains/rocm/lib/python3.10/site-packages/_rocm_sdk_core/include/hip/hip_runtime.h:65,
                 from /home/calvin/workspace/strata-integration-validation/source/include/strata/hip_compat/cuda_runtime.h:12,
                 from <command-line>:
/mnt/sda2/home/calvin/workspace/strata-validation/toolchains/rocm/lib/python3.10/site-packages/_rocm_sdk_core/include/hip/hip_runtime_api.h:419:3: note: ‘hipError_t’ declared here
  419 | } hipError_t;
      |   ^~~~~~~~~~
/home/calvin/workspace/strata-integration-validation/source/src/program/generate.cpp:3996:34: warning: ignoring returned value of type ‘hipError_t’, declared with attribute ‘nodiscard’ [-Wunused-result]
 3996 |             cudaDeviceSynchronize();
In file included from /mnt/sda2/home/calvin/workspace/strata-validation/toolchains/rocm/lib/python3.10/site-packages/_rocm_sdk_core/include/hip/hip_runtime.h:65,
                 from /home/calvin/workspace/strata-integration-validation/source/include/strata/hip_compat/cuda_runtime.h:12,
                 from <command-line>:
/mnt/sda2/home/calvin/workspace/strata-validation/toolchains/rocm/lib/python3.10/site-packages/_rocm_sdk_core/include/hip/hip_runtime_api.h:2189:12: note: in call to ‘hipError_t hipDeviceSynchronize()’, declared here
 2189 | hipError_t hipDeviceSynchronize(void);
      |            ^~~~~~~~~~~~~~~~~~~~
In file included from /mnt/sda2/home/calvin/workspace/strata-validation/toolchains/rocm/lib/python3.10/site-packages/_rocm_sdk_core/include/hip/hip_runtime.h:65,
                 from /home/calvin/workspace/strata-integration-validation/source/include/strata/hip_compat/cuda_runtime.h:12,
                 from <command-line>:
/mnt/sda2/home/calvin/workspace/strata-validation/toolchains/rocm/lib/python3.10/site-packages/_rocm_sdk_core/include/hip/hip_runtime_api.h:419:3: note: ‘hipError_t’ declared here
  419 | } hipError_t;
      |   ^~~~~~~~~~
/home/calvin/workspace/strata-integration-validation/source/src/program/generate.cpp:3998:27: warning: ignoring returned value of type ‘hipError_t’, declared with attribute ‘nodiscard’ [-Wunused-result]
 3998 |             cudaMemGetInfo(&fb, &tb);
In file included from /mnt/sda2/home/calvin/workspace/strata-validation/toolchains/rocm/lib/python3.10/site-packages/_rocm_sdk_core/include/hip/hip_runtime.h:65,
                 from /home/calvin/workspace/strata-integration-validation/source/include/strata/hip_compat/cuda_runtime.h:12,
                 from <command-line>:
/mnt/sda2/home/calvin/workspace/strata-validation/toolchains/rocm/lib/python3.10/site-packages/_rocm_sdk_core/include/hip/hip_runtime_api.h:5303:12: note: in call to ‘hipError_t hipMemGetInfo(size_t*, size_t*)’, declared here
 5303 | hipError_t hipMemGetInfo(size_t* free, size_t* total);
      |            ^~~~~~~~~~~~~
In file included from /mnt/sda2/home/calvin/workspace/strata-validation/toolchains/rocm/lib/python3.10/site-packages/_rocm_sdk_core/include/hip/hip_runtime.h:65,
                 from /home/calvin/workspace/strata-integration-validation/source/include/strata/hip_compat/cuda_runtime.h:12,
                 from <command-line>:
/mnt/sda2/home/calvin/workspace/strata-validation/toolchains/rocm/lib/python3.10/site-packages/_rocm_sdk_core/include/hip/hip_runtime_api.h:419:3: note: ‘hipError_t’ declared here
  419 | } hipError_t;
      |   ^~~~~~~~~~
/home/calvin/workspace/strata-integration-validation/source/src/program/generate.cpp:4125:37: warning: ignoring returned value of type ‘hipError_t’, declared with attribute ‘nodiscard’ [-Wunused-result]
 4125 |         if (!named) cudaGetLastError();
In file included from /mnt/sda2/home/calvin/workspace/strata-validation/toolchains/rocm/lib/python3.10/site-packages/_rocm_sdk_core/include/hip/hip_runtime.h:65,
                 from /home/calvin/workspace/strata-integration-validation/source/include/strata/hip_compat/cuda_runtime.h:12,
                 from <command-line>:
/mnt/sda2/home/calvin/workspace/strata-validation/toolchains/rocm/lib/python3.10/site-packages/_rocm_sdk_core/include/hip/hip_runtime_api.h:2708:12: note: in call to ‘hipError_t hipGetLastError()’, declared here
 2708 | hipError_t hipGetLastError(void);
      |            ^~~~~~~~~~~~~~~
In file included from /mnt/sda2/home/calvin/workspace/strata-validation/toolchains/rocm/lib/python3.10/site-packages/_rocm_sdk_core/include/hip/hip_runtime.h:65,
                 from /home/calvin/workspace/strata-integration-validation/source/include/strata/hip_compat/cuda_runtime.h:12,
                 from <command-line>:
/mnt/sda2/home/calvin/workspace/strata-validation/toolchains/rocm/lib/python3.10/site-packages/_rocm_sdk_core/include/hip/hip_runtime_api.h:419:3: note: ‘hipError_t’ declared here
  419 | } hipError_t;
      |   ^~~~~~~~~~
/home/calvin/workspace/strata-integration-validation/source/src/program/generate.cpp:4695:23: warning: ignoring returned value of type ‘hipError_t’, declared with attribute ‘nodiscard’ [-Wunused-result]
 4695 |             cudaMemset(xcache.device_slot(0), 0, (size_t) xcache.bytes());
In file included from /mnt/sda2/home/calvin/workspace/strata-validation/toolchains/rocm/lib/python3.10/site-packages/_rocm_sdk_core/include/hip/hip_runtime.h:65,
                 from /home/calvin/workspace/strata-integration-validation/source/include/strata/hip_compat/cuda_runtime.h:12,
                 from <command-line>:
/mnt/sda2/home/calvin/workspace/strata-validation/toolchains/rocm/lib/python3.10/site-packages/_rocm_sdk_core/include/hip/hip_runtime_api.h:5061:12: note: in call to ‘hipError_t hipMemset(void*, int, size_t)’, declared here
 5061 | hipError_t hipMemset(void* dst, int value, size_t sizeBytes);
      |            ^~~~~~~~~
In file included from /mnt/sda2/home/calvin/workspace/strata-validation/toolchains/rocm/lib/python3.10/site-packages/_rocm_sdk_core/include/hip/hip_runtime.h:65,
                 from /home/calvin/workspace/strata-integration-validation/source/include/strata/hip_compat/cuda_runtime.h:12,
                 from <command-line>:
/mnt/sda2/home/calvin/workspace/strata-validation/toolchains/rocm/lib/python3.10/site-packages/_rocm_sdk_core/include/hip/hip_runtime_api.h:419:3: note: ‘hipError_t’ declared here
  419 | } hipError_t;
      |   ^~~~~~~~~~
/home/calvin/workspace/strata-integration-validation/source/src/program/generate.cpp:4696:34: warning: ignoring returned value of type ‘hipError_t’, declared with attribute ‘nodiscard’ [-Wunused-result]
 4696 |             cudaDeviceSynchronize();
In file included from /mnt/sda2/home/calvin/workspace/strata-validation/toolchains/rocm/lib/python3.10/site-packages/_rocm_sdk_core/include/hip/hip_runtime.h:65,
                 from /home/calvin/workspace/strata-integration-validation/source/include/strata/hip_compat/cuda_runtime.h:12,
                 from <command-line>:
/mnt/sda2/home/calvin/workspace/strata-validation/toolchains/rocm/lib/python3.10/site-packages/_rocm_sdk_core/include/hip/hip_runtime_api.h:2189:12: note: in call to ‘hipError_t hipDeviceSynchronize()’, declared here
 2189 | hipError_t hipDeviceSynchronize(void);
      |            ^~~~~~~~~~~~~~~~~~~~
In file included from /mnt/sda2/home/calvin/workspace/strata-validation/toolchains/rocm/lib/python3.10/site-packages/_rocm_sdk_core/include/hip/hip_runtime.h:65,
                 from /home/calvin/workspace/strata-integration-validation/source/include/strata/hip_compat/cuda_runtime.h:12,
                 from <command-line>:
/mnt/sda2/home/calvin/workspace/strata-validation/toolchains/rocm/lib/python3.10/site-packages/_rocm_sdk_core/include/hip/hip_runtime_api.h:419:3: note: ‘hipError_t’ declared here
  419 | } hipError_t;
      |   ^~~~~~~~~~
/home/calvin/workspace/strata-integration-validation/source/src/program/generate.cpp:4818:27: warning: ignoring returned value of type ‘hipError_t’, declared with attribute ‘nodiscard’ [-Wunused-result]
 4818 |             cudaMemGetInfo(&fb, &tb);
In file included from /mnt/sda2/home/calvin/workspace/strata-validation/toolchains/rocm/lib/python3.10/site-packages/_rocm_sdk_core/include/hip/hip_runtime.h:65,
                 from /home/calvin/workspace/strata-integration-validation/source/include/strata/hip_compat/cuda_runtime.h:12,
                 from <command-line>:
/mnt/sda2/home/calvin/workspace/strata-validation/toolchains/rocm/lib/python3.10/site-packages/_rocm_sdk_core/include/hip/hip_runtime_api.h:5303:12: note: in call to ‘hipError_t hipMemGetInfo(size_t*, size_t*)’, declared here
 5303 | hipError_t hipMemGetInfo(size_t* free, size_t* total);
      |            ^~~~~~~~~~~~~
In file included from /mnt/sda2/home/calvin/workspace/strata-validation/toolchains/rocm/lib/python3.10/site-packages/_rocm_sdk_core/include/hip/hip_runtime.h:65,
                 from /home/calvin/workspace/strata-integration-validation/source/include/strata/hip_compat/cuda_runtime.h:12,
                 from <command-line>:
/mnt/sda2/home/calvin/workspace/strata-validation/toolchains/rocm/lib/python3.10/site-packages/_rocm_sdk_core/include/hip/hip_runtime_api.h:419:3: note: ‘hipError_t’ declared here
  419 | } hipError_t;
      |   ^~~~~~~~~~
/home/calvin/workspace/strata-integration-validation/source/src/program/generate.cpp:4903:27: warning: ignoring returned value of type ‘hipError_t’, declared with attribute ‘nodiscard’ [-Wunused-result]
 4903 |             cudaMemGetInfo(&fb, &tb);
In file included from /mnt/sda2/home/calvin/workspace/strata-validation/toolchains/rocm/lib/python3.10/site-packages/_rocm_sdk_core/include/hip/hip_runtime.h:65,
                 from /home/calvin/workspace/strata-integration-validation/source/include/strata/hip_compat/cuda_runtime.h:12,
                 from <command-line>:
/mnt/sda2/home/calvin/workspace/strata-validation/toolchains/rocm/lib/python3.10/site-packages/_rocm_sdk_core/include/hip/hip_runtime_api.h:5303:12: note: in call to ‘hipError_t hipMemGetInfo(size_t*, size_t*)’, declared here
 5303 | hipError_t hipMemGetInfo(size_t* free, size_t* total);
      |            ^~~~~~~~~~~~~
In file included from /mnt/sda2/home/calvin/workspace/strata-validation/toolchains/rocm/lib/python3.10/site-packages/_rocm_sdk_core/include/hip/hip_runtime.h:65,
                 from /home/calvin/workspace/strata-integration-validation/source/include/strata/hip_compat/cuda_runtime.h:12,
                 from <command-line>:
/mnt/sda2/home/calvin/workspace/strata-validation/toolchains/rocm/lib/python3.10/site-packages/_rocm_sdk_core/include/hip/hip_runtime_api.h:419:3: note: ‘hipError_t’ declared here
  419 | } hipError_t;
      |   ^~~~~~~~~~
/home/calvin/workspace/strata-integration-validation/source/src/program/generate.cpp:5547:17: warning: ignoring returned value of type ‘hipError_t’, declared with attribute ‘nodiscard’ [-Wunused-result]
 5547 |         cudaFree(d_next);
In file included from /mnt/sda2/home/calvin/workspace/strata-validation/toolchains/rocm/lib/python3.10/site-packages/_rocm_sdk_core/include/hip/hip_runtime.h:65,
                 from /home/calvin/workspace/strata-integration-validation/source/include/strata/hip_compat/cuda_runtime.h:12,
                 from <command-line>:
/mnt/sda2/home/calvin/workspace/strata-validation/toolchains/rocm/lib/python3.10/site-packages/_rocm_sdk_core/include/hip/hip_runtime_api.h:4592:12: note: in call to ‘hipError_t hipFree(void*)’, declared here
 4592 | hipError_t hipFree(void* ptr);
      |            ^~~~~~~
In file included from /mnt/sda2/home/calvin/workspace/strata-validation/toolchains/rocm/lib/python3.10/site-packages/_rocm_sdk_core/include/hip/hip_runtime.h:65,
                 from /home/calvin/workspace/strata-integration-validation/source/include/strata/hip_compat/cuda_runtime.h:12,
                 from <command-line>:
/mnt/sda2/home/calvin/workspace/strata-validation/toolchains/rocm/lib/python3.10/site-packages/_rocm_sdk_core/include/hip/hip_runtime_api.h:419:3: note: ‘hipError_t’ declared here
  419 | } hipError_t;
      |   ^~~~~~~~~~
/home/calvin/workspace/strata-integration-validation/source/src/program/generate.cpp: In lambda function:
/home/calvin/workspace/strata-integration-validation/source/src/program/generate.cpp:6139:32: warning: ignoring returned value of type ‘hipError_t’, declared with attribute ‘nodiscard’ [-Wunused-result]
 6139 |                 cudaMemcpyAsync(xcache.device_slot((int32_t) s), b, (size_t) lay.blob_bytes(l), cudaMemcpyHostToDevice,
In file included from /mnt/sda2/home/calvin/workspace/strata-validation/toolchains/rocm/lib/python3.10/site-packages/_rocm_sdk_core/include/hip/hip_runtime.h:65,
                 from /home/calvin/workspace/strata-integration-validation/source/include/strata/hip_compat/cuda_runtime.h:12,
                 from <command-line>:
/mnt/sda2/home/calvin/workspace/strata-validation/toolchains/rocm/lib/python3.10/site-packages/_rocm_sdk_core/include/hip/hip_runtime_api.h:5050:12: note: in call to ‘hipError_t hipMemcpyAsync(void*, const void*, size_t, hipMemcpyKind, hipStream_t)’, declared here
 5050 | hipError_t hipMemcpyAsync(void* dst, const void* src, size_t sizeBytes, hipMemcpyKind kind,
      |            ^~~~~~~~~~~~~~
In file included from /mnt/sda2/home/calvin/workspace/strata-validation/toolchains/rocm/lib/python3.10/site-packages/_rocm_sdk_core/include/hip/hip_runtime.h:65,
                 from /home/calvin/workspace/strata-integration-validation/source/include/strata/hip_compat/cuda_runtime.h:12,
                 from <command-line>:
/mnt/sda2/home/calvin/workspace/strata-validation/toolchains/rocm/lib/python3.10/site-packages/_rocm_sdk_core/include/hip/hip_runtime_api.h:419:3: note: ‘hipError_t’ declared here
  419 | } hipError_t;
      |   ^~~~~~~~~~
/home/calvin/workspace/strata-integration-validation/source/src/program/generate.cpp: In lambda function:
/home/calvin/workspace/strata-integration-validation/source/src/program/generate.cpp:6628:35: warning: ignoring returned value of type ‘hipError_t’, declared with attribute ‘nodiscard’ [-Wunused-result]
 6628 |                     cudaMemGetInfo(&fb, &tb);
In file included from /mnt/sda2/home/calvin/workspace/strata-validation/toolchains/rocm/lib/python3.10/site-packages/_rocm_sdk_core/include/hip/hip_runtime.h:65,
                 from /home/calvin/workspace/strata-integration-validation/source/include/strata/hip_compat/cuda_runtime.h:12,
                 from <command-line>:
/mnt/sda2/home/calvin/workspace/strata-validation/toolchains/rocm/lib/python3.10/site-packages/_rocm_sdk_core/include/hip/hip_runtime_api.h:5303:12: note: in call to ‘hipError_t hipMemGetInfo(size_t*, size_t*)’, declared here
 5303 | hipError_t hipMemGetInfo(size_t* free, size_t* total);
      |            ^~~~~~~~~~~~~
In file included from /mnt/sda2/home/calvin/workspace/strata-validation/toolchains/rocm/lib/python3.10/site-packages/_rocm_sdk_core/include/hip/hip_runtime.h:65,
                 from /home/calvin/workspace/strata-integration-validation/source/include/strata/hip_compat/cuda_runtime.h:12,
                 from <command-line>:
/mnt/sda2/home/calvin/workspace/strata-validation/toolchains/rocm/lib/python3.10/site-packages/_rocm_sdk_core/include/hip/hip_runtime_api.h:419:3: note: ‘hipError_t’ declared here
  419 | } hipError_t;
      |   ^~~~~~~~~~
/home/calvin/workspace/strata-integration-validation/source/src/program/generate.cpp: In function ‘int main(int, char**)’:
/home/calvin/workspace/strata-integration-validation/source/src/program/generate.cpp:6743:28: warning: ignoring returned value of type ‘hipError_t’, declared with attribute ‘nodiscard’ [-Wunused-result]
 6743 |                     res_put(d_res);
      |                     ~~~~~~~^~~~~~~
/home/calvin/workspace/strata-integration-validation/source/src/program/generate.cpp:5664:20: note: in call to ‘main(int, char**)::<lambda(int32_t*)>’, declared here
 5664 |     auto res_put = [&host_res](int32_t* dst) -> cudaError_t {
      |                    ^
In file included from /mnt/sda2/home/calvin/workspace/strata-validation/toolchains/rocm/lib/python3.10/site-packages/_rocm_sdk_core/include/hip/hip_runtime.h:65,
                 from /home/calvin/workspace/strata-integration-validation/source/include/strata/hip_compat/cuda_runtime.h:12,
                 from <command-line>:
/mnt/sda2/home/calvin/workspace/strata-validation/toolchains/rocm/lib/python3.10/site-packages/_rocm_sdk_core/include/hip/hip_runtime_api.h:419:3: note: ‘hipError_t’ declared here
  419 | } hipError_t;
      |   ^~~~~~~~~~
/home/calvin/workspace/strata-integration-validation/source/src/program/generate.cpp:6746:28: warning: ignoring returned value of type ‘hipError_t’, declared with attribute ‘nodiscard’ [-Wunused-result]
 6746 |                     res_put(st->d_res);
      |                     ~~~~~~~^~~~~~~~~~~
/home/calvin/workspace/strata-integration-validation/source/src/program/generate.cpp:5664:20: note: in call to ‘main(int, char**)::<lambda(int32_t*)>’, declared here
 5664 |     auto res_put = [&host_res](int32_t* dst) -> cudaError_t {
      |                    ^
In file included from /mnt/sda2/home/calvin/workspace/strata-validation/toolchains/rocm/lib/python3.10/site-packages/_rocm_sdk_core/include/hip/hip_runtime.h:65,
                 from /home/calvin/workspace/strata-integration-validation/source/include/strata/hip_compat/cuda_runtime.h:12,
                 from <command-line>:
/mnt/sda2/home/calvin/workspace/strata-validation/toolchains/rocm/lib/python3.10/site-packages/_rocm_sdk_core/include/hip/hip_runtime_api.h:419:3: note: ‘hipError_t’ declared here
  419 | } hipError_t;
      |   ^~~~~~~~~~
/home/calvin/workspace/strata-integration-validation/source/src/program/generate.cpp:6985:33: warning: ignoring returned value of type ‘hipError_t’, declared with attribute ‘nodiscard’ [-Wunused-result]
 6985 |                 cudaGetLastError();
In file included from /mnt/sda2/home/calvin/workspace/strata-validation/toolchains/rocm/lib/python3.10/site-packages/_rocm_sdk_core/include/hip/hip_runtime.h:65,
                 from /home/calvin/workspace/strata-integration-validation/source/include/strata/hip_compat/cuda_runtime.h:12,
                 from <command-line>:
/mnt/sda2/home/calvin/workspace/strata-validation/toolchains/rocm/lib/python3.10/site-packages/_rocm_sdk_core/include/hip/hip_runtime_api.h:2708:12: note: in call to ‘hipError_t hipGetLastError()’, declared here
 2708 | hipError_t hipGetLastError(void);
      |            ^~~~~~~~~~~~~~~
In file included from /mnt/sda2/home/calvin/workspace/strata-validation/toolchains/rocm/lib/python3.10/site-packages/_rocm_sdk_core/include/hip/hip_runtime.h:65,
                 from /home/calvin/workspace/strata-integration-validation/source/include/strata/hip_compat/cuda_runtime.h:12,
                 from <command-line>:
/mnt/sda2/home/calvin/workspace/strata-validation/toolchains/rocm/lib/python3.10/site-packages/_rocm_sdk_core/include/hip/hip_runtime_api.h:419:3: note: ‘hipError_t’ declared here
  419 | } hipError_t;
      |   ^~~~~~~~~~
/home/calvin/workspace/strata-integration-validation/source/src/program/generate.cpp:6993:55: warning: ignoring returned value of type ‘hipError_t’, declared with attribute ‘nodiscard’ [-Wunused-result]
 6993 |                 if (!pl_snap_overlap) cudaGetLastError();
In file included from /mnt/sda2/home/calvin/workspace/strata-validation/toolchains/rocm/lib/python3.10/site-packages/_rocm_sdk_core/include/hip/hip_runtime.h:65,
                 from /home/calvin/workspace/strata-integration-validation/source/include/strata/hip_compat/cuda_runtime.h:12,
                 from <command-line>:
/mnt/sda2/home/calvin/workspace/strata-validation/toolchains/rocm/lib/python3.10/site-packages/_rocm_sdk_core/include/hip/hip_runtime_api.h:2708:12: note: in call to ‘hipError_t hipGetLastError()’, declared here
 2708 | hipError_t hipGetLastError(void);
      |            ^~~~~~~~~~~~~~~
In file included from /mnt/sda2/home/calvin/workspace/strata-validation/toolchains/rocm/lib/python3.10/site-packages/_rocm_sdk_core/include/hip/hip_runtime.h:65,
                 from /home/calvin/workspace/strata-integration-validation/source/include/strata/hip_compat/cuda_runtime.h:12,
                 from <command-line>:
/mnt/sda2/home/calvin/workspace/strata-validation/toolchains/rocm/lib/python3.10/site-packages/_rocm_sdk_core/include/hip/hip_runtime_api.h:419:3: note: ‘hipError_t’ declared here
  419 | } hipError_t;
      |   ^~~~~~~~~~
/home/calvin/workspace/strata-integration-validation/source/src/program/generate.cpp: In lambda function:
/home/calvin/workspace/strata-integration-validation/source/src/program/generate.cpp:7048:38: warning: ignoring returned value of type ‘hipError_t’, declared with attribute ‘nodiscard’ [-Wunused-result]
 7048 |                 cudaStreamSynchronize(PV[st][0]->stream());
In file included from /mnt/sda2/home/calvin/workspace/strata-validation/toolchains/rocm/lib/python3.10/site-packages/_rocm_sdk_core/include/hip/hip_runtime.h:65,
                 from /home/calvin/workspace/strata-integration-validation/source/include/strata/hip_compat/cuda_runtime.h:12,
                 from <command-line>:
/mnt/sda2/home/calvin/workspace/strata-validation/toolchains/rocm/lib/python3.10/site-packages/_rocm_sdk_core/include/hip/hip_runtime_api.h:2923:12: note: in call to ‘hipError_t hipStreamSynchronize(hipStream_t)’, declared here
 2923 | hipError_t hipStreamSynchronize(hipStream_t stream);
      |            ^~~~~~~~~~~~~~~~~~~~
In file included from /mnt/sda2/home/calvin/workspace/strata-validation/toolchains/rocm/lib/python3.10/site-packages/_rocm_sdk_core/include/hip/hip_runtime.h:65,
                 from /home/calvin/workspace/strata-integration-validation/source/include/strata/hip_compat/cuda_runtime.h:12,
                 from <command-line>:
/mnt/sda2/home/calvin/workspace/strata-validation/toolchains/rocm/lib/python3.10/site-packages/_rocm_sdk_core/include/hip/hip_runtime_api.h:419:3: note: ‘hipError_t’ declared here
  419 | } hipError_t;
      |   ^~~~~~~~~~
/home/calvin/workspace/strata-integration-validation/source/src/program/generate.cpp:7051:34: warning: ignoring returned value of type ‘hipError_t’, declared with attribute ‘nodiscard’ [-Wunused-result]
 7051 |             cudaStreamSynchronize(mtp.stream());
In file included from /mnt/sda2/home/calvin/workspace/strata-validation/toolchains/rocm/lib/python3.10/site-packages/_rocm_sdk_core/include/hip/hip_runtime.h:65,
                 from /home/calvin/workspace/strata-integration-validation/source/include/strata/hip_compat/cuda_runtime.h:12,
                 from <command-line>:
/mnt/sda2/home/calvin/workspace/strata-validation/toolchains/rocm/lib/python3.10/site-packages/_rocm_sdk_core/include/hip/hip_runtime_api.h:2923:12: note: in call to ‘hipError_t hipStreamSynchronize(hipStream_t)’, declared here
 2923 | hipError_t hipStreamSynchronize(hipStream_t stream);
      |            ^~~~~~~~~~~~~~~~~~~~
In file included from /mnt/sda2/home/calvin/workspace/strata-validation/toolchains/rocm/lib/python3.10/site-packages/_rocm_sdk_core/include/hip/hip_runtime.h:65,
                 from /home/calvin/workspace/strata-integration-validation/source/include/strata/hip_compat/cuda_runtime.h:12,
                 from <command-line>:
/mnt/sda2/home/calvin/workspace/strata-validation/toolchains/rocm/lib/python3.10/site-packages/_rocm_sdk_core/include/hip/hip_runtime_api.h:419:3: note: ‘hipError_t’ declared here
  419 | } hipError_t;
      |   ^~~~~~~~~~
/home/calvin/workspace/strata-integration-validation/source/src/program/generate.cpp: In function ‘int main(int, char**)’:
/home/calvin/workspace/strata-integration-validation/source/src/program/generate.cpp:7466:26: warning: ignoring returned value of type ‘hipError_t’, declared with attribute ‘nodiscard’ [-Wunused-result]
 7466 |             cudaGetDevice(&main_dev);
In file included from /mnt/sda2/home/calvin/workspace/strata-validation/toolchains/rocm/lib/python3.10/site-packages/_rocm_sdk_core/include/hip/hip_runtime.h:65,
                 from /home/calvin/workspace/strata-integration-validation/source/include/strata/hip_compat/cuda_runtime.h:12,
                 from <command-line>:
/mnt/sda2/home/calvin/workspace/strata-validation/toolchains/rocm/lib/python3.10/site-packages/_rocm_sdk_core/include/hip/hip_runtime_api.h:2260:12: note: in call to ‘hipError_t hipGetDevice(int*)’, declared here
 2260 | hipError_t hipGetDevice(int* deviceId);
      |            ^~~~~~~~~~~~
In file included from /mnt/sda2/home/calvin/workspace/strata-validation/toolchains/rocm/lib/python3.10/site-packages/_rocm_sdk_core/include/hip/hip_runtime.h:65,
                 from /home/calvin/workspace/strata-integration-validation/source/include/strata/hip_compat/cuda_runtime.h:12,
                 from <command-line>:
/mnt/sda2/home/calvin/workspace/strata-validation/toolchains/rocm/lib/python3.10/site-packages/_rocm_sdk_core/include/hip/hip_runtime_api.h:419:3: note: ‘hipError_t’ declared here
  419 | } hipError_t;
      |   ^~~~~~~~~~
/home/calvin/workspace/strata-integration-validation/source/src/program/generate.cpp:7506:33: warning: ignoring returned value of type ‘hipError_t’, declared with attribute ‘nodiscard’ [-Wunused-result]
 7506 |         cudaEventCreateWithFlags(&adapt_ev, cudaEventDisableTiming);
In file included from /mnt/sda2/home/calvin/workspace/strata-validation/toolchains/rocm/lib/python3.10/site-packages/_rocm_sdk_core/include/hip/hip_runtime.h:65,
                 from /home/calvin/workspace/strata-integration-validation/source/include/strata/hip_compat/cuda_runtime.h:12,
                 from <command-line>:
/mnt/sda2/home/calvin/workspace/strata-validation/toolchains/rocm/lib/python3.10/site-packages/_rocm_sdk_core/include/hip/hip_runtime_api.h:3354:12: note: in call to ‘hipError_t hipEventCreateWithFlags(ihipEvent_t**, unsigned int)’, declared here
 3354 | hipError_t hipEventCreateWithFlags(hipEvent_t* event, unsigned flags);
      |            ^~~~~~~~~~~~~~~~~~~~~~~
In file included from /mnt/sda2/home/calvin/workspace/strata-validation/toolchains/rocm/lib/python3.10/site-packages/_rocm_sdk_core/include/hip/hip_runtime.h:65,
                 from /home/calvin/workspace/strata-integration-validation/source/include/strata/hip_compat/cuda_runtime.h:12,
                 from <command-line>:
/mnt/sda2/home/calvin/workspace/strata-validation/toolchains/rocm/lib/python3.10/site-packages/_rocm_sdk_core/include/hip/hip_runtime_api.h:419:3: note: ‘hipError_t’ declared here
  419 | } hipError_t;
      |   ^~~~~~~~~~
/home/calvin/workspace/strata-integration-validation/source/src/program/generate.cpp: In lambda function:
/home/calvin/workspace/strata-integration-validation/source/src/program/generate.cpp:7510:24: warning: ignoring returned value of type ‘hipError_t’, declared with attribute ‘nodiscard’ [-Wunused-result]
 7510 |                 res_put(d_res);
      |                 ~~~~~~~^~~~~~~
/home/calvin/workspace/strata-integration-validation/source/src/program/generate.cpp:5664:20: note: in call to ‘main(int, char**)::<lambda(int32_t*)>’, declared here
 5664 |     auto res_put = [&host_res](int32_t* dst) -> cudaError_t {
      |                    ^
In file included from /mnt/sda2/home/calvin/workspace/strata-validation/toolchains/rocm/lib/python3.10/site-packages/_rocm_sdk_core/include/hip/hip_runtime.h:65,
                 from /home/calvin/workspace/strata-integration-validation/source/include/strata/hip_compat/cuda_runtime.h:12,
                 from <command-line>:
/mnt/sda2/home/calvin/workspace/strata-validation/toolchains/rocm/lib/python3.10/site-packages/_rocm_sdk_core/include/hip/hip_runtime_api.h:419:3: note: ‘hipError_t’ declared here
  419 | } hipError_t;
      |   ^~~~~~~~~~
/home/calvin/workspace/strata-integration-validation/source/src/program/generate.cpp:7513:24: warning: ignoring returned value of type ‘hipError_t’, declared with attribute ‘nodiscard’ [-Wunused-result]
 7513 |                 res_put(st->d_res);
      |                 ~~~~~~~^~~~~~~~~~~
/home/calvin/workspace/strata-integration-validation/source/src/program/generate.cpp:5664:20: note: in call to ‘main(int, char**)::<lambda(int32_t*)>’, declared here
 5664 |     auto res_put = [&host_res](int32_t* dst) -> cudaError_t {
      |                    ^
In file included from /mnt/sda2/home/calvin/workspace/strata-validation/toolchains/rocm/lib/python3.10/site-packages/_rocm_sdk_core/include/hip/hip_runtime.h:65,
                 from /home/calvin/workspace/strata-integration-validation/source/include/strata/hip_compat/cuda_runtime.h:12,
                 from <command-line>:
/mnt/sda2/home/calvin/workspace/strata-validation/toolchains/rocm/lib/python3.10/site-packages/_rocm_sdk_core/include/hip/hip_runtime_api.h:419:3: note: ‘hipError_t’ declared here
  419 | } hipError_t;
      |   ^~~~~~~~~~
/home/calvin/workspace/strata-integration-validation/source/src/program/generate.cpp: In lambda function:
/home/calvin/workspace/strata-integration-validation/source/src/program/generate.cpp:7519:43: warning: ignoring returned value of type ‘hipError_t’, declared with attribute ‘nodiscard’ [-Wunused-result]
 7519 |             if (wait) cudaEventSynchronize(adapt_ev);
In file included from /mnt/sda2/home/calvin/workspace/strata-validation/toolchains/rocm/lib/python3.10/site-packages/_rocm_sdk_core/include/hip/hip_runtime.h:65,
                 from /home/calvin/workspace/strata-integration-validation/source/include/strata/hip_compat/cuda_runtime.h:12,
                 from <command-line>:
/mnt/sda2/home/calvin/workspace/strata-validation/toolchains/rocm/lib/python3.10/site-packages/_rocm_sdk_core/include/hip/hip_runtime_api.h:3475:12: note: in call to ‘hipError_t hipEventSynchronize(hipEvent_t)’, declared here
 3475 | hipError_t hipEventSynchronize(hipEvent_t event);
      |            ^~~~~~~~~~~~~~~~~~~
In file included from /mnt/sda2/home/calvin/workspace/strata-validation/toolchains/rocm/lib/python3.10/site-packages/_rocm_sdk_core/include/hip/hip_runtime.h:65,
                 from /home/calvin/workspace/strata-integration-validation/source/include/strata/hip_compat/cuda_runtime.h:12,
                 from <command-line>:
/mnt/sda2/home/calvin/workspace/strata-validation/toolchains/rocm/lib/python3.10/site-packages/_rocm_sdk_core/include/hip/hip_runtime_api.h:419:3: note: ‘hipError_t’ declared here
  419 | } hipError_t;
      |   ^~~~~~~~~~
/home/calvin/workspace/strata-integration-validation/source/src/program/generate.cpp:7523:51: warning: ignoring returned value of type ‘hipError_t’, declared with attribute ‘nodiscard’ [-Wunused-result]
 7523 |                     if (wait) cudaEventSynchronize(st->adapt_ev);
In file included from /mnt/sda2/home/calvin/workspace/strata-validation/toolchains/rocm/lib/python3.10/site-packages/_rocm_sdk_core/include/hip/hip_runtime.h:65,
                 from /home/calvin/workspace/strata-integration-validation/source/include/strata/hip_compat/cuda_runtime.h:12,
                 from <command-line>:
/mnt/sda2/home/calvin/workspace/strata-validation/toolchains/rocm/lib/python3.10/site-packages/_rocm_sdk_core/include/hip/hip_runtime_api.h:3475:12: note: in call to ‘hipError_t hipEventSynchronize(hipEvent_t)’, declared here
 3475 | hipError_t hipEventSynchronize(hipEvent_t event);
      |            ^~~~~~~~~~~~~~~~~~~
In file included from /mnt/sda2/home/calvin/workspace/strata-validation/toolchains/rocm/lib/python3.10/site-packages/_rocm_sdk_core/include/hip/hip_runtime.h:65,
                 from /home/calvin/workspace/strata-integration-validation/source/include/strata/hip_compat/cuda_runtime.h:12,
                 from <command-line>:
/mnt/sda2/home/calvin/workspace/strata-validation/toolchains/rocm/lib/python3.10/site-packages/_rocm_sdk_core/include/hip/hip_runtime_api.h:419:3: note: ‘hipError_t’ declared here
  419 | } hipError_t;
      |   ^~~~~~~~~~
/home/calvin/workspace/strata-integration-validation/source/src/program/generate.cpp: In lambda function:
/home/calvin/workspace/strata-integration-validation/source/src/program/generate.cpp:7643:48: warning: ignoring returned value of type ‘hipError_t’, declared with attribute ‘nodiscard’ [-Wunused-result]
 7643 |             if (!swaps.empty()) cudaEventRecord(adapt_ev, adapt_stream);
In file included from /mnt/sda2/home/calvin/workspace/strata-validation/toolchains/rocm/lib/python3.10/site-packages/_rocm_sdk_core/include/hip/hip_runtime.h:65,
                 from /home/calvin/workspace/strata-integration-validation/source/include/strata/hip_compat/cuda_runtime.h:12,
                 from <command-line>:
/mnt/sda2/home/calvin/workspace/strata-validation/toolchains/rocm/lib/python3.10/site-packages/_rocm_sdk_core/include/hip/hip_runtime_api.h:3436:12: note: in call to ‘hipError_t hipEventRecord(hipEvent_t, hipStream_t)’, declared here
 3436 | hipError_t hipEventRecord(hipEvent_t event, hipStream_t stream = NULL);
      |            ^~~~~~~~~~~~~~
In file included from /mnt/sda2/home/calvin/workspace/strata-validation/toolchains/rocm/lib/python3.10/site-packages/_rocm_sdk_core/include/hip/hip_runtime.h:65,
                 from /home/calvin/workspace/strata-integration-validation/source/include/strata/hip_compat/cuda_runtime.h:12,
                 from <command-line>:
/mnt/sda2/home/calvin/workspace/strata-validation/toolchains/rocm/lib/python3.10/site-packages/_rocm_sdk_core/include/hip/hip_runtime_api.h:419:3: note: ‘hipError_t’ declared here
  419 | } hipError_t;
      |   ^~~~~~~~~~
/home/calvin/workspace/strata-integration-validation/source/src/program/generate.cpp:7648:36: warning: ignoring returned value of type ‘hipError_t’, declared with attribute ‘nodiscard’ [-Wunused-result]
 7648 |                     cudaEventRecord(st->adapt_ev, st->adapt_stream);
In file included from /mnt/sda2/home/calvin/workspace/strata-validation/toolchains/rocm/lib/python3.10/site-packages/_rocm_sdk_core/include/hip/hip_runtime.h:65,
                 from /home/calvin/workspace/strata-integration-validation/source/include/strata/hip_compat/cuda_runtime.h:12,
                 from <command-line>:
/mnt/sda2/home/calvin/workspace/strata-validation/toolchains/rocm/lib/python3.10/site-packages/_rocm_sdk_core/include/hip/hip_runtime_api.h:3436:12: note: in call to ‘hipError_t hipEventRecord(hipEvent_t, hipStream_t)’, declared here
 3436 | hipError_t hipEventRecord(hipEvent_t event, hipStream_t stream = NULL);
      |            ^~~~~~~~~~~~~~
In file included from /mnt/sda2/home/calvin/workspace/strata-validation/toolchains/rocm/lib/python3.10/site-packages/_rocm_sdk_core/include/hip/hip_runtime.h:65,
                 from /home/calvin/workspace/strata-integration-validation/source/include/strata/hip_compat/cuda_runtime.h:12,
                 from <command-line>:
/mnt/sda2/home/calvin/workspace/strata-validation/toolchains/rocm/lib/python3.10/site-packages/_rocm_sdk_core/include/hip/hip_runtime_api.h:419:3: note: ‘hipError_t’ declared here
  419 | } hipError_t;
      |   ^~~~~~~~~~
/home/calvin/workspace/strata-integration-validation/source/src/program/generate.cpp: In function ‘int main(int, char**)’:
/home/calvin/workspace/strata-integration-validation/source/src/program/generate.cpp:8092:27: warning: ignoring returned value of type ‘hipError_t’, declared with attribute ‘nodiscard’ [-Wunused-result]
 8092 |             cudaMemGetInfo(&free_b, &total_b);
In file included from /mnt/sda2/home/calvin/workspace/strata-validation/toolchains/rocm/lib/python3.10/site-packages/_rocm_sdk_core/include/hip/hip_runtime.h:65,
                 from /home/calvin/workspace/strata-integration-validation/source/include/strata/hip_compat/cuda_runtime.h:12,
                 from <command-line>:
/mnt/sda2/home/calvin/workspace/strata-validation/toolchains/rocm/lib/python3.10/site-packages/_rocm_sdk_core/include/hip/hip_runtime_api.h:5303:12: note: in call to ‘hipError_t hipMemGetInfo(size_t*, size_t*)’, declared here
 5303 | hipError_t hipMemGetInfo(size_t* free, size_t* total);
      |            ^~~~~~~~~~~~~
In file included from /mnt/sda2/home/calvin/workspace/strata-validation/toolchains/rocm/lib/python3.10/site-packages/_rocm_sdk_core/include/hip/hip_runtime.h:65,
                 from /home/calvin/workspace/strata-integration-validation/source/include/strata/hip_compat/cuda_runtime.h:12,
                 from <command-line>:
/mnt/sda2/home/calvin/workspace/strata-validation/toolchains/rocm/lib/python3.10/site-packages/_rocm_sdk_core/include/hip/hip_runtime_api.h:419:3: note: ‘hipError_t’ declared here
  419 | } hipError_t;
      |   ^~~~~~~~~~
/home/calvin/workspace/strata-integration-validation/source/src/program/generate.cpp:8140:27: warning: ignoring returned value of type ‘hipError_t’, declared with attribute ‘nodiscard’ [-Wunused-result]
 8140 |             cudaMemGetInfo(&free_b, &total_b);
In file included from /mnt/sda2/home/calvin/workspace/strata-validation/toolchains/rocm/lib/python3.10/site-packages/_rocm_sdk_core/include/hip/hip_runtime.h:65,
                 from /home/calvin/workspace/strata-integration-validation/source/include/strata/hip_compat/cuda_runtime.h:12,
                 from <command-line>:
/mnt/sda2/home/calvin/workspace/strata-validation/toolchains/rocm/lib/python3.10/site-packages/_rocm_sdk_core/include/hip/hip_runtime_api.h:5303:12: note: in call to ‘hipError_t hipMemGetInfo(size_t*, size_t*)’, declared here
 5303 | hipError_t hipMemGetInfo(size_t* free, size_t* total);
      |            ^~~~~~~~~~~~~
In file included from /mnt/sda2/home/calvin/workspace/strata-validation/toolchains/rocm/lib/python3.10/site-packages/_rocm_sdk_core/include/hip/hip_runtime.h:65,
                 from /home/calvin/workspace/strata-integration-validation/source/include/strata/hip_compat/cuda_runtime.h:12,
                 from <command-line>:
/mnt/sda2/home/calvin/workspace/strata-validation/toolchains/rocm/lib/python3.10/site-packages/_rocm_sdk_core/include/hip/hip_runtime_api.h:419:3: note: ‘hipError_t’ declared here
  419 | } hipError_t;
      |   ^~~~~~~~~~
/home/calvin/workspace/strata-integration-validation/source/src/program/generate.cpp: In lambda function:
/home/calvin/workspace/strata-integration-validation/source/src/program/generate.cpp:8298:27: warning: ignoring returned value of type ‘hipError_t’, declared with attribute ‘nodiscard’ [-Wunused-result]
 8298 |             cudaMemGetInfo(&free_b, &total_b);
In file included from /mnt/sda2/home/calvin/workspace/strata-validation/toolchains/rocm/lib/python3.10/site-packages/_rocm_sdk_core/include/hip/hip_runtime.h:65,
                 from /home/calvin/workspace/strata-integration-validation/source/include/strata/hip_compat/cuda_runtime.h:12,
                 from <command-line>:
/mnt/sda2/home/calvin/workspace/strata-validation/toolchains/rocm/lib/python3.10/site-packages/_rocm_sdk_core/include/hip/hip_runtime_api.h:5303:12: note: in call to ‘hipError_t hipMemGetInfo(size_t*, size_t*)’, declared here
 5303 | hipError_t hipMemGetInfo(size_t* free, size_t* total);
      |            ^~~~~~~~~~~~~
In file included from /mnt/sda2/home/calvin/workspace/strata-validation/toolchains/rocm/lib/python3.10/site-packages/_rocm_sdk_core/include/hip/hip_runtime.h:65,
                 from /home/calvin/workspace/strata-integration-validation/source/include/strata/hip_compat/cuda_runtime.h:12,
                 from <command-line>:
/mnt/sda2/home/calvin/workspace/strata-validation/toolchains/rocm/lib/python3.10/site-packages/_rocm_sdk_core/include/hip/hip_runtime_api.h:419:3: note: ‘hipError_t’ declared here
  419 | } hipError_t;
      |   ^~~~~~~~~~
/home/calvin/workspace/strata-integration-validation/source/src/program/generate.cpp:8354:27: warning: ignoring returned value of type ‘hipError_t’, declared with attribute ‘nodiscard’ [-Wunused-result]
 8354 |             cudaMemGetInfo(&free_b, &total_b);
In file included from /mnt/sda2/home/calvin/workspace/strata-validation/toolchains/rocm/lib/python3.10/site-packages/_rocm_sdk_core/include/hip/hip_runtime.h:65,
                 from /home/calvin/workspace/strata-integration-validation/source/include/strata/hip_compat/cuda_runtime.h:12,
                 from <command-line>:
/mnt/sda2/home/calvin/workspace/strata-validation/toolchains/rocm/lib/python3.10/site-packages/_rocm_sdk_core/include/hip/hip_runtime_api.h:5303:12: note: in call to ‘hipError_t hipMemGetInfo(size_t*, size_t*)’, declared here
 5303 | hipError_t hipMemGetInfo(size_t* free, size_t* total);
      |            ^~~~~~~~~~~~~
In file included from /mnt/sda2/home/calvin/workspace/strata-validation/toolchains/rocm/lib/python3.10/site-packages/_rocm_sdk_core/include/hip/hip_runtime.h:65,
                 from /home/calvin/workspace/strata-integration-validation/source/include/strata/hip_compat/cuda_runtime.h:12,
                 from <command-line>:
/mnt/sda2/home/calvin/workspace/strata-validation/toolchains/rocm/lib/python3.10/site-packages/_rocm_sdk_core/include/hip/hip_runtime_api.h:419:3: note: ‘hipError_t’ declared here
  419 | } hipError_t;
      |   ^~~~~~~~~~
/home/calvin/workspace/strata-integration-validation/source/src/program/generate.cpp: In lambda function:
/home/calvin/workspace/strata-integration-validation/source/src/program/generate.cpp:8732:30: warning: unused variable ‘w’ [-Wunused-variable]
 8732 |                 const double w = (double) bt_windows, wall = std::chrono::duration<double, std::milli>(Clock::now() - bt_start).count();
      |                              ^
/home/calvin/workspace/strata-integration-validation/source/src/program/generate.cpp: In lambda function:
/home/calvin/workspace/strata-integration-validation/source/src/program/generate.cpp:8992:103: warning: ignoring returned value of type ‘hipError_t’, declared with attribute ‘nodiscard’ [-Wunused-result]
 8992 |                     if (!kvg_ensure((int64_t) image.live.ids.size() + 256, [&] { cudaDeviceSynchronize(); apply_pending(true); })) {
In file included from /mnt/sda2/home/calvin/workspace/strata-validation/toolchains/rocm/lib/python3.10/site-packages/_rocm_sdk_core/include/hip/hip_runtime.h:65,
                 from /home/calvin/workspace/strata-integration-validation/source/include/strata/hip_compat/cuda_runtime.h:12,
                 from <command-line>:
/mnt/sda2/home/calvin/workspace/strata-validation/toolchains/rocm/lib/python3.10/site-packages/_rocm_sdk_core/include/hip/hip_runtime_api.h:2189:12: note: in call to ‘hipError_t hipDeviceSynchronize()’, declared here
 2189 | hipError_t hipDeviceSynchronize(void);
      |            ^~~~~~~~~~~~~~~~~~~~
In file included from /mnt/sda2/home/calvin/workspace/strata-validation/toolchains/rocm/lib/python3.10/site-packages/_rocm_sdk_core/include/hip/hip_runtime.h:65,
                 from /home/calvin/workspace/strata-integration-validation/source/include/strata/hip_compat/cuda_runtime.h:12,
                 from <command-line>:
/mnt/sda2/home/calvin/workspace/strata-validation/toolchains/rocm/lib/python3.10/site-packages/_rocm_sdk_core/include/hip/hip_runtime_api.h:419:3: note: ‘hipError_t’ declared here
  419 | } hipError_t;
      |   ^~~~~~~~~~
/home/calvin/workspace/strata-integration-validation/source/src/program/generate.cpp: In function ‘int main(int, char**)’:
/home/calvin/workspace/strata-integration-validation/source/src/program/generate.cpp:9161:38: warning: ignoring returned value of type ‘hipError_t’, declared with attribute ‘nodiscard’ [-Wunused-result]
 9161 |                 cudaDeviceSynchronize();
In file included from /mnt/sda2/home/calvin/workspace/strata-validation/toolchains/rocm/lib/python3.10/site-packages/_rocm_sdk_core/include/hip/hip_runtime.h:65,
                 from /home/calvin/workspace/strata-integration-validation/source/include/strata/hip_compat/cuda_runtime.h:12,
                 from <command-line>:
/mnt/sda2/home/calvin/workspace/strata-validation/toolchains/rocm/lib/python3.10/site-packages/_rocm_sdk_core/include/hip/hip_runtime_api.h:2189:12: note: in call to ‘hipError_t hipDeviceSynchronize()’, declared here
 2189 | hipError_t hipDeviceSynchronize(void);
      |            ^~~~~~~~~~~~~~~~~~~~
In file included from /mnt/sda2/home/calvin/workspace/strata-validation/toolchains/rocm/lib/python3.10/site-packages/_rocm_sdk_core/include/hip/hip_runtime.h:65,
                 from /home/calvin/workspace/strata-integration-validation/source/include/strata/hip_compat/cuda_runtime.h:12,
                 from <command-line>:
/mnt/sda2/home/calvin/workspace/strata-validation/toolchains/rocm/lib/python3.10/site-packages/_rocm_sdk_core/include/hip/hip_runtime_api.h:419:3: note: ‘hipError_t’ declared here
  419 | } hipError_t;
      |   ^~~~~~~~~~
/home/calvin/workspace/strata-integration-validation/source/src/program/generate.cpp: In lambda function:
/home/calvin/workspace/strata-integration-validation/source/src/program/generate.cpp:9169:46: warning: ignoring returned value of type ‘hipError_t’, declared with attribute ‘nodiscard’ [-Wunused-result]
 9169 |                         cudaDeviceSynchronize();
In file included from /mnt/sda2/home/calvin/workspace/strata-validation/toolchains/rocm/lib/python3.10/site-packages/_rocm_sdk_core/include/hip/hip_runtime.h:65,
                 from /home/calvin/workspace/strata-integration-validation/source/include/strata/hip_compat/cuda_runtime.h:12,
                 from <command-line>:
/mnt/sda2/home/calvin/workspace/strata-validation/toolchains/rocm/lib/python3.10/site-packages/_rocm_sdk_core/include/hip/hip_runtime_api.h:2189:12: note: in call to ‘hipError_t hipDeviceSynchronize()’, declared here
 2189 | hipError_t hipDeviceSynchronize(void);
      |            ^~~~~~~~~~~~~~~~~~~~
In file included from /mnt/sda2/home/calvin/workspace/strata-validation/toolchains/rocm/lib/python3.10/site-packages/_rocm_sdk_core/include/hip/hip_runtime.h:65,
                 from /home/calvin/workspace/strata-integration-validation/source/include/strata/hip_compat/cuda_runtime.h:12,
                 from <command-line>:
/mnt/sda2/home/calvin/workspace/strata-validation/toolchains/rocm/lib/python3.10/site-packages/_rocm_sdk_core/include/hip/hip_runtime_api.h:419:3: note: ‘hipError_t’ declared here
  419 | } hipError_t;
      |   ^~~~~~~~~~
/home/calvin/workspace/strata-integration-validation/source/src/program/generate.cpp: In lambda function:
/home/calvin/workspace/strata-integration-validation/source/src/program/generate.cpp:9230:58: warning: ignoring returned value of type ‘hipError_t’, declared with attribute ‘nodiscard’ [-Wunused-result]
 9230 |             auto kv_quiesce = [&] { cudaDeviceSynchronize(); apply_pending(true); };
In file included from /mnt/sda2/home/calvin/workspace/strata-validation/toolchains/rocm/lib/python3.10/site-packages/_rocm_sdk_core/include/hip/hip_runtime.h:65,
                 from /home/calvin/workspace/strata-integration-validation/source/include/strata/hip_compat/cuda_runtime.h:12,
                 from <command-line>:
/mnt/sda2/home/calvin/workspace/strata-validation/toolchains/rocm/lib/python3.10/site-packages/_rocm_sdk_core/include/hip/hip_runtime_api.h:2189:12: note: in call to ‘hipError_t hipDeviceSynchronize()’, declared here
 2189 | hipError_t hipDeviceSynchronize(void);
      |            ^~~~~~~~~~~~~~~~~~~~
In file included from /mnt/sda2/home/calvin/workspace/strata-validation/toolchains/rocm/lib/python3.10/site-packages/_rocm_sdk_core/include/hip/hip_runtime.h:65,
                 from /home/calvin/workspace/strata-integration-validation/source/include/strata/hip_compat/cuda_runtime.h:12,
                 from <command-line>:
/mnt/sda2/home/calvin/workspace/strata-validation/toolchains/rocm/lib/python3.10/site-packages/_rocm_sdk_core/include/hip/hip_runtime_api.h:419:3: note: ‘hipError_t’ declared here
  419 | } hipError_t;
      |   ^~~~~~~~~~
/home/calvin/workspace/strata-integration-validation/source/src/program/generate.cpp: In function ‘int main(int, char**)’:
/home/calvin/workspace/strata-integration-validation/source/src/program/generate.cpp:9441:38: warning: ignoring returned value of type ‘hipError_t’, declared with attribute ‘nodiscard’ [-Wunused-result]
 9441 |                 cudaStreamSynchronize(main_stream);
In file included from /mnt/sda2/home/calvin/workspace/strata-validation/toolchains/rocm/lib/python3.10/site-packages/_rocm_sdk_core/include/hip/hip_runtime.h:65,
                 from /home/calvin/workspace/strata-integration-validation/source/include/strata/hip_compat/cuda_runtime.h:12,
                 from <command-line>:
/mnt/sda2/home/calvin/workspace/strata-validation/toolchains/rocm/lib/python3.10/site-packages/_rocm_sdk_core/include/hip/hip_runtime_api.h:2923:12: note: in call to ‘hipError_t hipStreamSynchronize(hipStream_t)’, declared here
 2923 | hipError_t hipStreamSynchronize(hipStream_t stream);
      |            ^~~~~~~~~~~~~~~~~~~~
In file included from /mnt/sda2/home/calvin/workspace/strata-validation/toolchains/rocm/lib/python3.10/site-packages/_rocm_sdk_core/include/hip/hip_runtime.h:65,
                 from /home/calvin/workspace/strata-integration-validation/source/include/strata/hip_compat/cuda_runtime.h:12,
                 from <command-line>:
/mnt/sda2/home/calvin/workspace/strata-validation/toolchains/rocm/lib/python3.10/site-packages/_rocm_sdk_core/include/hip/hip_runtime_api.h:419:3: note: ‘hipError_t’ declared here
  419 | } hipError_t;
      |   ^~~~~~~~~~
/home/calvin/workspace/strata-integration-validation/source/src/program/generate.cpp:9445:42: warning: ignoring returned value of type ‘hipError_t’, declared with attribute ‘nodiscard’ [-Wunused-result]
 9445 |                     cudaStreamSynchronize(st->stream);
In file included from /mnt/sda2/home/calvin/workspace/strata-validation/toolchains/rocm/lib/python3.10/site-packages/_rocm_sdk_core/include/hip/hip_runtime.h:65,
                 from /home/calvin/workspace/strata-integration-validation/source/include/strata/hip_compat/cuda_runtime.h:12,
                 from <command-line>:
/mnt/sda2/home/calvin/workspace/strata-validation/toolchains/rocm/lib/python3.10/site-packages/_rocm_sdk_core/include/hip/hip_runtime_api.h:2923:12: note: in call to ‘hipError_t hipStreamSynchronize(hipStream_t)’, declared here
 2923 | hipError_t hipStreamSynchronize(hipStream_t stream);
      |            ^~~~~~~~~~~~~~~~~~~~
In file included from /mnt/sda2/home/calvin/workspace/strata-validation/toolchains/rocm/lib/python3.10/site-packages/_rocm_sdk_core/include/hip/hip_runtime.h:65,
                 from /home/calvin/workspace/strata-integration-validation/source/include/strata/hip_compat/cuda_runtime.h:12,
                 from <command-line>:
/mnt/sda2/home/calvin/workspace/strata-validation/toolchains/rocm/lib/python3.10/site-packages/_rocm_sdk_core/include/hip/hip_runtime_api.h:419:3: note: ‘hipError_t’ declared here
  419 | } hipError_t;
      |   ^~~~~~~~~~
/home/calvin/workspace/strata-integration-validation/source/src/program/generate.cpp:9460:42: warning: ignoring returned value of type ‘hipError_t’, declared with attribute ‘nodiscard’ [-Wunused-result]
 9460 |                     cudaStreamSynchronize(main_stream);
In file included from /mnt/sda2/home/calvin/workspace/strata-validation/toolchains/rocm/lib/python3.10/site-packages/_rocm_sdk_core/include/hip/hip_runtime.h:65,
                 from /home/calvin/workspace/strata-integration-validation/source/include/strata/hip_compat/cuda_runtime.h:12,
                 from <command-line>:
/mnt/sda2/home/calvin/workspace/strata-validation/toolchains/rocm/lib/python3.10/site-packages/_rocm_sdk_core/include/hip/hip_runtime_api.h:2923:12: note: in call to ‘hipError_t hipStreamSynchronize(hipStream_t)’, declared here
 2923 | hipError_t hipStreamSynchronize(hipStream_t stream);
      |            ^~~~~~~~~~~~~~~~~~~~
In file included from /mnt/sda2/home/calvin/workspace/strata-validation/toolchains/rocm/lib/python3.10/site-packages/_rocm_sdk_core/include/hip/hip_runtime.h:65,
                 from /home/calvin/workspace/strata-integration-validation/source/include/strata/hip_compat/cuda_runtime.h:12,
                 from <command-line>:
/mnt/sda2/home/calvin/workspace/strata-validation/toolchains/rocm/lib/python3.10/site-packages/_rocm_sdk_core/include/hip/hip_runtime_api.h:419:3: note: ‘hipError_t’ declared here
  419 | } hipError_t;
      |   ^~~~~~~~~~
/home/calvin/workspace/strata-integration-validation/source/src/program/generate.cpp:9464:46: warning: ignoring returned value of type ‘hipError_t’, declared with attribute ‘nodiscard’ [-Wunused-result]
 9464 |                         cudaStreamSynchronize(st->stream);
In file included from /mnt/sda2/home/calvin/workspace/strata-validation/toolchains/rocm/lib/python3.10/site-packages/_rocm_sdk_core/include/hip/hip_runtime.h:65,
                 from /home/calvin/workspace/strata-integration-validation/source/include/strata/hip_compat/cuda_runtime.h:12,
                 from <command-line>:
/mnt/sda2/home/calvin/workspace/strata-validation/toolchains/rocm/lib/python3.10/site-packages/_rocm_sdk_core/include/hip/hip_runtime_api.h:2923:12: note: in call to ‘hipError_t hipStreamSynchronize(hipStream_t)’, declared here
 2923 | hipError_t hipStreamSynchronize(hipStream_t stream);
      |            ^~~~~~~~~~~~~~~~~~~~
In file included from /mnt/sda2/home/calvin/workspace/strata-validation/toolchains/rocm/lib/python3.10/site-packages/_rocm_sdk_core/include/hip/hip_runtime.h:65,
                 from /home/calvin/workspace/strata-integration-validation/source/include/strata/hip_compat/cuda_runtime.h:12,
                 from <command-line>:
/mnt/sda2/home/calvin/workspace/strata-validation/toolchains/rocm/lib/python3.10/site-packages/_rocm_sdk_core/include/hip/hip_runtime_api.h:419:3: note: ‘hipError_t’ declared here
  419 | } hipError_t;
      |   ^~~~~~~~~~
/home/calvin/workspace/strata-integration-validation/source/src/program/generate.cpp: In lambda function:
/home/calvin/workspace/strata-integration-validation/source/src/program/generate.cpp:9599:48: warning: ignoring returned value of type ‘hipError_t’, declared with attribute ‘nodiscard’ [-Wunused-result]
 9599 |                             cudaStreamWaitEvent(v.stream(), pl_mtp_ev[l1 & 1], 0);
In file included from /mnt/sda2/home/calvin/workspace/strata-validation/toolchains/rocm/lib/python3.10/site-packages/_rocm_sdk_core/include/hip/hip_runtime.h:65,
                 from /home/calvin/workspace/strata-integration-validation/source/include/strata/hip_compat/cuda_runtime.h:12,
                 from <command-line>:
/mnt/sda2/home/calvin/workspace/strata-validation/toolchains/rocm/lib/python3.10/site-packages/_rocm_sdk_core/include/hip/hip_runtime_api.h:2950:12: note: in call to ‘hipError_t hipStreamWaitEvent(hipStream_t, hipEvent_t, unsigned int)’, declared here
 2950 | hipError_t hipStreamWaitEvent(hipStream_t stream, hipEvent_t event, unsigned int flags __dparm(0));
      |            ^~~~~~~~~~~~~~~~~~
In file included from /mnt/sda2/home/calvin/workspace/strata-validation/toolchains/rocm/lib/python3.10/site-packages/_rocm_sdk_core/include/hip/hip_runtime.h:65,
                 from /home/calvin/workspace/strata-integration-validation/source/include/strata/hip_compat/cuda_runtime.h:12,
                 from <command-line>:
/mnt/sda2/home/calvin/workspace/strata-validation/toolchains/rocm/lib/python3.10/site-packages/_rocm_sdk_core/include/hip/hip_runtime_api.h:419:3: note: ‘hipError_t’ declared here
  419 | } hipError_t;
      |   ^~~~~~~~~~
/home/calvin/workspace/strata-integration-validation/source/src/program/generate.cpp:9614:48: warning: ignoring returned value of type ‘hipError_t’, declared with attribute ‘nodiscard’ [-Wunused-result]
 9614 |                                 cudaEventRecord(pl_mtp_ev[f1 & 1], mtp.stream());
In file included from /mnt/sda2/home/calvin/workspace/strata-validation/toolchains/rocm/lib/python3.10/site-packages/_rocm_sdk_core/include/hip/hip_runtime.h:65,
                 from /home/calvin/workspace/strata-integration-validation/source/include/strata/hip_compat/cuda_runtime.h:12,
                 from <command-line>:
/mnt/sda2/home/calvin/workspace/strata-validation/toolchains/rocm/lib/python3.10/site-packages/_rocm_sdk_core/include/hip/hip_runtime_api.h:3436:12: note: in call to ‘hipError_t hipEventRecord(hipEvent_t, hipStream_t)’, declared here
 3436 | hipError_t hipEventRecord(hipEvent_t event, hipStream_t stream = NULL);
      |            ^~~~~~~~~~~~~~
In file included from /mnt/sda2/home/calvin/workspace/strata-validation/toolchains/rocm/lib/python3.10/site-packages/_rocm_sdk_core/include/hip/hip_runtime.h:65,
                 from /home/calvin/workspace/strata-integration-validation/source/include/strata/hip_compat/cuda_runtime.h:12,
                 from <command-line>:
/mnt/sda2/home/calvin/workspace/strata-validation/toolchains/rocm/lib/python3.10/site-packages/_rocm_sdk_core/include/hip/hip_runtime_api.h:419:3: note: ‘hipError_t’ declared here
  419 | } hipError_t;
      |   ^~~~~~~~~~
/home/calvin/workspace/strata-integration-validation/source/src/program/generate.cpp: In lambda function:
/home/calvin/workspace/strata-integration-validation/source/src/program/generate.cpp:10161:44: warning: ignoring returned value of type ‘hipError_t’, declared with attribute ‘nodiscard’ [-Wunused-result]
10161 |                            (cudaStreamQuery(pl_snap_stream), true);
In file included from /mnt/sda2/home/calvin/workspace/strata-validation/toolchains/rocm/lib/python3.10/site-packages/_rocm_sdk_core/include/hip/hip_runtime.h:65,
                 from /home/calvin/workspace/strata-integration-validation/source/include/strata/hip_compat/cuda_runtime.h:12,
                 from <command-line>:
/mnt/sda2/home/calvin/workspace/strata-validation/toolchains/rocm/lib/python3.10/site-packages/_rocm_sdk_core/include/hip/hip_runtime_api.h:2901:12: note: in call to ‘hipError_t hipStreamQuery(hipStream_t)’, declared here
 2901 | hipError_t hipStreamQuery(hipStream_t stream);
      |            ^~~~~~~~~~~~~~
In file included from /mnt/sda2/home/calvin/workspace/strata-validation/toolchains/rocm/lib/python3.10/site-packages/_rocm_sdk_core/include/hip/hip_runtime.h:65,
                 from /home/calvin/workspace/strata-integration-validation/source/include/strata/hip_compat/cuda_runtime.h:12,
                 from <command-line>:
/mnt/sda2/home/calvin/workspace/strata-validation/toolchains/rocm/lib/python3.10/site-packages/_rocm_sdk_core/include/hip/hip_runtime_api.h:419:3: note: ‘hipError_t’ declared here
  419 | } hipError_t;
      |   ^~~~~~~~~~
/home/calvin/workspace/strata-integration-validation/source/src/program/generate.cpp: In function ‘int main(int, char**)’:
/home/calvin/workspace/strata-integration-validation/source/src/program/generate.cpp:10261:45: warning: ignoring returned value of type ‘hipError_t’, declared with attribute ‘nodiscard’ [-Wunused-result]
10261 |                     cudaEventCreateWithFlags(&fence_ev[0], cudaEventDisableTiming);
In file included from /mnt/sda2/home/calvin/workspace/strata-validation/toolchains/rocm/lib/python3.10/site-packages/_rocm_sdk_core/include/hip/hip_runtime.h:65,
                 from /home/calvin/workspace/strata-integration-validation/source/include/strata/hip_compat/cuda_runtime.h:12,
                 from <command-line>:
/mnt/sda2/home/calvin/workspace/strata-validation/toolchains/rocm/lib/python3.10/site-packages/_rocm_sdk_core/include/hip/hip_runtime_api.h:3354:12: note: in call to ‘hipError_t hipEventCreateWithFlags(ihipEvent_t**, unsigned int)’, declared here
 3354 | hipError_t hipEventCreateWithFlags(hipEvent_t* event, unsigned flags);
      |            ^~~~~~~~~~~~~~~~~~~~~~~
In file included from /mnt/sda2/home/calvin/workspace/strata-validation/toolchains/rocm/lib/python3.10/site-packages/_rocm_sdk_core/include/hip/hip_runtime.h:65,
                 from /home/calvin/workspace/strata-integration-validation/source/include/strata/hip_compat/cuda_runtime.h:12,
                 from <command-line>:
/mnt/sda2/home/calvin/workspace/strata-validation/toolchains/rocm/lib/python3.10/site-packages/_rocm_sdk_core/include/hip/hip_runtime_api.h:419:3: note: ‘hipError_t’ declared here
  419 | } hipError_t;
      |   ^~~~~~~~~~
/home/calvin/workspace/strata-integration-validation/source/src/program/generate.cpp:10262:45: warning: ignoring returned value of type ‘hipError_t’, declared with attribute ‘nodiscard’ [-Wunused-result]
10262 |                     cudaEventCreateWithFlags(&exch_ev[0], cudaEventDisableTiming);
In file included from /mnt/sda2/home/calvin/workspace/strata-validation/toolchains/rocm/lib/python3.10/site-packages/_rocm_sdk_core/include/hip/hip_runtime.h:65,
                 from /home/calvin/workspace/strata-integration-validation/source/include/strata/hip_compat/cuda_runtime.h:12,
                 from <command-line>:
/mnt/sda2/home/calvin/workspace/strata-validation/toolchains/rocm/lib/python3.10/site-packages/_rocm_sdk_core/include/hip/hip_runtime_api.h:3354:12: note: in call to ‘hipError_t hipEventCreateWithFlags(ihipEvent_t**, unsigned int)’, declared here
 3354 | hipError_t hipEventCreateWithFlags(hipEvent_t* event, unsigned flags);
      |            ^~~~~~~~~~~~~~~~~~~~~~~
In file included from /mnt/sda2/home/calvin/workspace/strata-validation/toolchains/rocm/lib/python3.10/site-packages/_rocm_sdk_core/include/hip/hip_runtime.h:65,
                 from /home/calvin/workspace/strata-integration-validation/source/include/strata/hip_compat/cuda_runtime.h:12,
                 from <command-line>:
/mnt/sda2/home/calvin/workspace/strata-validation/toolchains/rocm/lib/python3.10/site-packages/_rocm_sdk_core/include/hip/hip_runtime_api.h:419:3: note: ‘hipError_t’ declared here
  419 | } hipError_t;
      |   ^~~~~~~~~~
/home/calvin/workspace/strata-integration-validation/source/src/program/generate.cpp:10266:45: warning: ignoring returned value of type ‘hipError_t’, declared with attribute ‘nodiscard’ [-Wunused-result]
10266 |                     cudaEventCreateWithFlags(&fence_ev[1], cudaEventDisableTiming);
In file included from /mnt/sda2/home/calvin/workspace/strata-validation/toolchains/rocm/lib/python3.10/site-packages/_rocm_sdk_core/include/hip/hip_runtime.h:65,
                 from /home/calvin/workspace/strata-integration-validation/source/include/strata/hip_compat/cuda_runtime.h:12,
                 from <command-line>:
/mnt/sda2/home/calvin/workspace/strata-validation/toolchains/rocm/lib/python3.10/site-packages/_rocm_sdk_core/include/hip/hip_runtime_api.h:3354:12: note: in call to ‘hipError_t hipEventCreateWithFlags(ihipEvent_t**, unsigned int)’, declared here
 3354 | hipError_t hipEventCreateWithFlags(hipEvent_t* event, unsigned flags);
      |            ^~~~~~~~~~~~~~~~~~~~~~~
In file included from /mnt/sda2/home/calvin/workspace/strata-validation/toolchains/rocm/lib/python3.10/site-packages/_rocm_sdk_core/include/hip/hip_runtime.h:65,
                 from /home/calvin/workspace/strata-integration-validation/source/include/strata/hip_compat/cuda_runtime.h:12,
                 from <command-line>:
/mnt/sda2/home/calvin/workspace/strata-validation/toolchains/rocm/lib/python3.10/site-packages/_rocm_sdk_core/include/hip/hip_runtime_api.h:419:3: note: ‘hipError_t’ declared here
  419 | } hipError_t;
      |   ^~~~~~~~~~
/home/calvin/workspace/strata-integration-validation/source/src/program/generate.cpp:10267:45: warning: ignoring returned value of type ‘hipError_t’, declared with attribute ‘nodiscard’ [-Wunused-result]
10267 |                     cudaEventCreateWithFlags(&exch_ev[1], cudaEventDisableTiming);
In file included from /mnt/sda2/home/calvin/workspace/strata-validation/toolchains/rocm/lib/python3.10/site-packages/_rocm_sdk_core/include/hip/hip_runtime.h:65,
                 from /home/calvin/workspace/strata-integration-validation/source/include/strata/hip_compat/cuda_runtime.h:12,
                 from <command-line>:
/mnt/sda2/home/calvin/workspace/strata-validation/toolchains/rocm/lib/python3.10/site-packages/_rocm_sdk_core/include/hip/hip_runtime_api.h:3354:12: note: in call to ‘hipError_t hipEventCreateWithFlags(ihipEvent_t**, unsigned int)’, declared here
 3354 | hipError_t hipEventCreateWithFlags(hipEvent_t* event, unsigned flags);
      |            ^~~~~~~~~~~~~~~~~~~~~~~
In file included from /mnt/sda2/home/calvin/workspace/strata-validation/toolchains/rocm/lib/python3.10/site-packages/_rocm_sdk_core/include/hip/hip_runtime.h:65,
                 from /home/calvin/workspace/strata-integration-validation/source/include/strata/hip_compat/cuda_runtime.h:12,
                 from <command-line>:
/mnt/sda2/home/calvin/workspace/strata-validation/toolchains/rocm/lib/python3.10/site-packages/_rocm_sdk_core/include/hip/hip_runtime_api.h:419:3: note: ‘hipError_t’ declared here
  419 | } hipError_t;
      |   ^~~~~~~~~~
/home/calvin/workspace/strata-integration-validation/source/src/program/generate.cpp: In lambda function:
/home/calvin/workspace/strata-integration-validation/source/src/program/generate.cpp:10272:40: warning: ignoring returned value of type ‘hipError_t’, declared with attribute ‘nodiscard’ [-Wunused-result]
10272 |                         cudaEventRecord(ev[0], s0);
In file included from /mnt/sda2/home/calvin/workspace/strata-validation/toolchains/rocm/lib/python3.10/site-packages/_rocm_sdk_core/include/hip/hip_runtime.h:65,
                 from /home/calvin/workspace/strata-integration-validation/source/include/strata/hip_compat/cuda_runtime.h:12,
                 from <command-line>:
/mnt/sda2/home/calvin/workspace/strata-validation/toolchains/rocm/lib/python3.10/site-packages/_rocm_sdk_core/include/hip/hip_runtime_api.h:3436:12: note: in call to ‘hipError_t hipEventRecord(hipEvent_t, hipStream_t)’, declared here
 3436 | hipError_t hipEventRecord(hipEvent_t event, hipStream_t stream = NULL);
      |            ^~~~~~~~~~~~~~
In file included from /mnt/sda2/home/calvin/workspace/strata-validation/toolchains/rocm/lib/python3.10/site-packages/_rocm_sdk_core/include/hip/hip_runtime.h:65,
                 from /home/calvin/workspace/strata-integration-validation/source/include/strata/hip_compat/cuda_runtime.h:12,
                 from <command-line>:
/mnt/sda2/home/calvin/workspace/strata-validation/toolchains/rocm/lib/python3.10/site-packages/_rocm_sdk_core/include/hip/hip_runtime_api.h:419:3: note: ‘hipError_t’ declared here
  419 | } hipError_t;
      |   ^~~~~~~~~~
/home/calvin/workspace/strata-integration-validation/source/src/program/generate.cpp:10276:36: warning: ignoring returned value of type ‘hipError_t’, declared with attribute ‘nodiscard’ [-Wunused-result]
10276 |                     cudaEventRecord(ev[1], PV[1][0]->stream());
In file included from /mnt/sda2/home/calvin/workspace/strata-validation/toolchains/rocm/lib/python3.10/site-packages/_rocm_sdk_core/include/hip/hip_runtime.h:65,
                 from /home/calvin/workspace/strata-integration-validation/source/include/strata/hip_compat/cuda_runtime.h:12,
                 from <command-line>:
/mnt/sda2/home/calvin/workspace/strata-validation/toolchains/rocm/lib/python3.10/site-packages/_rocm_sdk_core/include/hip/hip_runtime_api.h:3436:12: note: in call to ‘hipError_t hipEventRecord(hipEvent_t, hipStream_t)’, declared here
 3436 | hipError_t hipEventRecord(hipEvent_t event, hipStream_t stream = NULL);
      |            ^~~~~~~~~~~~~~
In file included from /mnt/sda2/home/calvin/workspace/strata-validation/toolchains/rocm/lib/python3.10/site-packages/_rocm_sdk_core/include/hip/hip_runtime.h:65,
                 from /home/calvin/workspace/strata-integration-validation/source/include/strata/hip_compat/cuda_runtime.h:12,
                 from <command-line>:
/mnt/sda2/home/calvin/workspace/strata-validation/toolchains/rocm/lib/python3.10/site-packages/_rocm_sdk_core/include/hip/hip_runtime_api.h:419:3: note: ‘hipError_t’ declared here
  419 | } hipError_t;
      |   ^~~~~~~~~~
/home/calvin/workspace/strata-integration-validation/source/src/program/generate.cpp: In function ‘int main(int, char**)’:
/home/calvin/workspace/strata-integration-validation/source/src/program/generate.cpp:10684:73: warning: ignoring returned value of type ‘hipError_t’, declared with attribute ‘nodiscard’ [-Wunused-result]
10684 |                 for (cudaEvent_t ev : fence_ev) if (ev) cudaEventDestroy(ev);
In file included from /mnt/sda2/home/calvin/workspace/strata-validation/toolchains/rocm/lib/python3.10/site-packages/_rocm_sdk_core/include/hip/hip_runtime.h:65,
                 from /home/calvin/workspace/strata-integration-validation/source/include/strata/hip_compat/cuda_runtime.h:12,
                 from <command-line>:
/mnt/sda2/home/calvin/workspace/strata-validation/toolchains/rocm/lib/python3.10/site-packages/_rocm_sdk_core/include/hip/hip_runtime_api.h:3456:12: note: in call to ‘hipError_t hipEventDestroy(hipEvent_t)’, declared here
 3456 | hipError_t hipEventDestroy(hipEvent_t event);
      |            ^~~~~~~~~~~~~~~
In file included from /mnt/sda2/home/calvin/workspace/strata-validation/toolchains/rocm/lib/python3.10/site-packages/_rocm_sdk_core/include/hip/hip_runtime.h:65,
                 from /home/calvin/workspace/strata-integration-validation/source/include/strata/hip_compat/cuda_runtime.h:12,
                 from <command-line>:
/mnt/sda2/home/calvin/workspace/strata-validation/toolchains/rocm/lib/python3.10/site-packages/_rocm_sdk_core/include/hip/hip_runtime_api.h:419:3: note: ‘hipError_t’ declared here
  419 | } hipError_t;
      |   ^~~~~~~~~~
/home/calvin/workspace/strata-integration-validation/source/src/program/generate.cpp:10685:72: warning: ignoring returned value of type ‘hipError_t’, declared with attribute ‘nodiscard’ [-Wunused-result]
10685 |                 for (cudaEvent_t ev : exch_ev) if (ev) cudaEventDestroy(ev);
In file included from /mnt/sda2/home/calvin/workspace/strata-validation/toolchains/rocm/lib/python3.10/site-packages/_rocm_sdk_core/include/hip/hip_runtime.h:65,
                 from /home/calvin/workspace/strata-integration-validation/source/include/strata/hip_compat/cuda_runtime.h:12,
                 from <command-line>:
/mnt/sda2/home/calvin/workspace/strata-validation/toolchains/rocm/lib/python3.10/site-packages/_rocm_sdk_core/include/hip/hip_runtime_api.h:3456:12: note: in call to ‘hipError_t hipEventDestroy(hipEvent_t)’, declared here
 3456 | hipError_t hipEventDestroy(hipEvent_t event);
      |            ^~~~~~~~~~~~~~~
In file included from /mnt/sda2/home/calvin/workspace/strata-validation/toolchains/rocm/lib/python3.10/site-packages/_rocm_sdk_core/include/hip/hip_runtime.h:65,
                 from /home/calvin/workspace/strata-integration-validation/source/include/strata/hip_compat/cuda_runtime.h:12,
                 from <command-line>:
/mnt/sda2/home/calvin/workspace/strata-validation/toolchains/rocm/lib/python3.10/site-packages/_rocm_sdk_core/include/hip/hip_runtime_api.h:419:3: note: ‘hipError_t’ declared here
  419 | } hipError_t;
      |   ^~~~~~~~~~
/home/calvin/workspace/strata-integration-validation/source/src/program/generate.cpp:10787:31: warning: ignoring returned value of type ‘hipError_t’, declared with attribute ‘nodiscard’ [-Wunused-result]
10787 |                     cudaMemcpy(d_hist, hist_stage.data(), (size_t) T * (size_t) hist_n * sizeof(int32_t),
In file included from /mnt/sda2/home/calvin/workspace/strata-validation/toolchains/rocm/lib/python3.10/site-packages/_rocm_sdk_core/include/hip/hip_runtime.h:65,
                 from /home/calvin/workspace/strata-integration-validation/source/include/strata/hip_compat/cuda_runtime.h:12,
                 from <command-line>:
/mnt/sda2/home/calvin/workspace/strata-validation/toolchains/rocm/lib/python3.10/site-packages/_rocm_sdk_core/include/hip/hip_runtime_api.h:4651:12: note: in call to ‘hipError_t hipMemcpy(void*, const void*, size_t, hipMemcpyKind)’, declared here
 4651 | hipError_t hipMemcpy(void* dst, const void* src, size_t sizeBytes, hipMemcpyKind kind);
      |            ^~~~~~~~~
In file included from /mnt/sda2/home/calvin/workspace/strata-validation/toolchains/rocm/lib/python3.10/site-packages/_rocm_sdk_core/include/hip/hip_runtime.h:65,
                 from /home/calvin/workspace/strata-integration-validation/source/include/strata/hip_compat/cuda_runtime.h:12,
                 from <command-line>:
/mnt/sda2/home/calvin/workspace/strata-validation/toolchains/rocm/lib/python3.10/site-packages/_rocm_sdk_core/include/hip/hip_runtime_api.h:419:3: note: ‘hipError_t’ declared here
  419 | } hipError_t;
      |   ^~~~~~~~~~
/home/calvin/workspace/strata-integration-validation/source/src/program/generate.cpp: In lambda function:
/home/calvin/workspace/strata-integration-validation/source/src/program/generate.cpp:10792:72: warning: ignoring returned value of type ‘hipError_t’, declared with attribute ‘nodiscard’ [-Wunused-result]
10792 |                     !kvg_ensure(p + T + 64, [&] { cudaDeviceSynchronize(); apply_pending(true); })) {
In file included from /mnt/sda2/home/calvin/workspace/strata-validation/toolchains/rocm/lib/python3.10/site-packages/_rocm_sdk_core/include/hip/hip_runtime.h:65,
                 from /home/calvin/workspace/strata-integration-validation/source/include/strata/hip_compat/cuda_runtime.h:12,
                 from <command-line>:
/mnt/sda2/home/calvin/workspace/strata-validation/toolchains/rocm/lib/python3.10/site-packages/_rocm_sdk_core/include/hip/hip_runtime_api.h:2189:12: note: in call to ‘hipError_t hipDeviceSynchronize()’, declared here
 2189 | hipError_t hipDeviceSynchronize(void);
      |            ^~~~~~~~~~~~~~~~~~~~
In file included from /mnt/sda2/home/calvin/workspace/strata-validation/toolchains/rocm/lib/python3.10/site-packages/_rocm_sdk_core/include/hip/hip_runtime.h:65,
                 from /home/calvin/workspace/strata-integration-validation/source/include/strata/hip_compat/cuda_runtime.h:12,
                 from <command-line>:
/mnt/sda2/home/calvin/workspace/strata-validation/toolchains/rocm/lib/python3.10/site-packages/_rocm_sdk_core/include/hip/hip_runtime_api.h:419:3: note: ‘hipError_t’ declared here
  419 | } hipError_t;
      |   ^~~~~~~~~~
/home/calvin/workspace/strata-integration-validation/source/src/program/generate.cpp: In lambda function:
/home/calvin/workspace/strata-integration-validation/source/src/program/generate.cpp:11282:86: warning: ignoring returned value of type ‘hipError_t’, declared with attribute ‘nodiscard’ [-Wunused-result]
11282 |                 if (!kvg_ensure(n_prompt + o.max_new + 64, [] { cudaDeviceSynchronize(); })) return 1;
In file included from /mnt/sda2/home/calvin/workspace/strata-validation/toolchains/rocm/lib/python3.10/site-packages/_rocm_sdk_core/include/hip/hip_runtime.h:65,
                 from /home/calvin/workspace/strata-integration-validation/source/include/strata/hip_compat/cuda_runtime.h:12,
                 from <command-line>:
/mnt/sda2/home/calvin/workspace/strata-validation/toolchains/rocm/lib/python3.10/site-packages/_rocm_sdk_core/include/hip/hip_runtime_api.h:2189:12: note: in call to ‘hipError_t hipDeviceSynchronize()’, declared here
 2189 | hipError_t hipDeviceSynchronize(void);
      |            ^~~~~~~~~~~~~~~~~~~~
In file included from /mnt/sda2/home/calvin/workspace/strata-validation/toolchains/rocm/lib/python3.10/site-packages/_rocm_sdk_core/include/hip/hip_runtime.h:65,
                 from /home/calvin/workspace/strata-integration-validation/source/include/strata/hip_compat/cuda_runtime.h:12,
                 from <command-line>:
/mnt/sda2/home/calvin/workspace/strata-validation/toolchains/rocm/lib/python3.10/site-packages/_rocm_sdk_core/include/hip/hip_runtime_api.h:419:3: note: ‘hipError_t’ declared here
  419 | } hipError_t;
      |   ^~~~~~~~~~
/home/calvin/workspace/strata-integration-validation/source/src/program/generate.cpp: In function ‘int main(int, char**)’:
/home/calvin/workspace/strata-integration-validation/source/src/program/generate.cpp:11288:24: warning: ignoring returned value of type ‘hipError_t’, declared with attribute ‘nodiscard’ [-Wunused-result]
11288 |                 res_put(d_res);
      |                 ~~~~~~~^~~~~~~
/home/calvin/workspace/strata-integration-validation/source/src/program/generate.cpp:5664:20: note: in call to ‘main(int, char**)::<lambda(int32_t*)>’, declared here
 5664 |     auto res_put = [&host_res](int32_t* dst) -> cudaError_t {
      |                    ^
In file included from /mnt/sda2/home/calvin/workspace/strata-validation/toolchains/rocm/lib/python3.10/site-packages/_rocm_sdk_core/include/hip/hip_runtime.h:65,
                 from /home/calvin/workspace/strata-integration-validation/source/include/strata/hip_compat/cuda_runtime.h:12,
                 from <command-line>:
/mnt/sda2/home/calvin/workspace/strata-validation/toolchains/rocm/lib/python3.10/site-packages/_rocm_sdk_core/include/hip/hip_runtime_api.h:419:3: note: ‘hipError_t’ declared here
  419 | } hipError_t;
      |   ^~~~~~~~~~
/home/calvin/workspace/strata-integration-validation/source/src/program/generate.cpp: In lambda function:
/home/calvin/workspace/strata-integration-validation/source/src/program/generate.cpp:11321:82: warning: ignoring returned value of type ‘hipError_t’, declared with attribute ‘nodiscard’ [-Wunused-result]
11321 |             if (!kvg_ensure(n_prompt + o.max_new + 64, [] { cudaDeviceSynchronize(); })) return 1;
In file included from /mnt/sda2/home/calvin/workspace/strata-validation/toolchains/rocm/lib/python3.10/site-packages/_rocm_sdk_core/include/hip/hip_runtime.h:65,
                 from /home/calvin/workspace/strata-integration-validation/source/include/strata/hip_compat/cuda_runtime.h:12,
                 from <command-line>:
/mnt/sda2/home/calvin/workspace/strata-validation/toolchains/rocm/lib/python3.10/site-packages/_rocm_sdk_core/include/hip/hip_runtime_api.h:2189:12: note: in call to ‘hipError_t hipDeviceSynchronize()’, declared here
 2189 | hipError_t hipDeviceSynchronize(void);
      |            ^~~~~~~~~~~~~~~~~~~~
In file included from /mnt/sda2/home/calvin/workspace/strata-validation/toolchains/rocm/lib/python3.10/site-packages/_rocm_sdk_core/include/hip/hip_runtime.h:65,
                 from /home/calvin/workspace/strata-integration-validation/source/include/strata/hip_compat/cuda_runtime.h:12,
                 from <command-line>:
/mnt/sda2/home/calvin/workspace/strata-validation/toolchains/rocm/lib/python3.10/site-packages/_rocm_sdk_core/include/hip/hip_runtime_api.h:419:3: note: ‘hipError_t’ declared here
  419 | } hipError_t;
      |   ^~~~~~~~~~
/home/calvin/workspace/strata-integration-validation/source/src/program/generate.cpp: In function ‘int main(int, char**)’:
/home/calvin/workspace/strata-integration-validation/source/src/program/generate.cpp:11349:20: warning: ignoring returned value of type ‘hipError_t’, declared with attribute ‘nodiscard’ [-Wunused-result]
11349 |             res_put(d_res);
      |             ~~~~~~~^~~~~~~
/home/calvin/workspace/strata-integration-validation/source/src/program/generate.cpp:5664:20: note: in call to ‘main(int, char**)::<lambda(int32_t*)>’, declared here
 5664 |     auto res_put = [&host_res](int32_t* dst) -> cudaError_t {
      |                    ^
In file included from /mnt/sda2/home/calvin/workspace/strata-validation/toolchains/rocm/lib/python3.10/site-packages/_rocm_sdk_core/include/hip/hip_runtime.h:65,
                 from /home/calvin/workspace/strata-integration-validation/source/include/strata/hip_compat/cuda_runtime.h:12,
                 from <command-line>:
/mnt/sda2/home/calvin/workspace/strata-validation/toolchains/rocm/lib/python3.10/site-packages/_rocm_sdk_core/include/hip/hip_runtime_api.h:419:3: note: ‘hipError_t’ declared here
  419 | } hipError_t;
      |   ^~~~~~~~~~
/home/calvin/workspace/strata-integration-validation/source/src/program/generate.cpp: In lambda function:
/home/calvin/workspace/strata-integration-validation/source/src/program/generate.cpp:11372:78: warning: ignoring returned value of type ‘hipError_t’, declared with attribute ‘nodiscard’ [-Wunused-result]
11372 |         if (!kvg_ensure(n_prompt + o.max_new + 64, [] { cudaDeviceSynchronize(); })) return 1;
In file included from /mnt/sda2/home/calvin/workspace/strata-validation/toolchains/rocm/lib/python3.10/site-packages/_rocm_sdk_core/include/hip/hip_runtime.h:65,
                 from /home/calvin/workspace/strata-integration-validation/source/include/strata/hip_compat/cuda_runtime.h:12,
                 from <command-line>:
/mnt/sda2/home/calvin/workspace/strata-validation/toolchains/rocm/lib/python3.10/site-packages/_rocm_sdk_core/include/hip/hip_runtime_api.h:2189:12: note: in call to ‘hipError_t hipDeviceSynchronize()’, declared here
 2189 | hipError_t hipDeviceSynchronize(void);
      |            ^~~~~~~~~~~~~~~~~~~~
In file included from /mnt/sda2/home/calvin/workspace/strata-validation/toolchains/rocm/lib/python3.10/site-packages/_rocm_sdk_core/include/hip/hip_runtime.h:65,
                 from /home/calvin/workspace/strata-integration-validation/source/include/strata/hip_compat/cuda_runtime.h:12,
                 from <command-line>:
/mnt/sda2/home/calvin/workspace/strata-validation/toolchains/rocm/lib/python3.10/site-packages/_rocm_sdk_core/include/hip/hip_runtime_api.h:419:3: note: ‘hipError_t’ declared here
  419 | } hipError_t;
      |   ^~~~~~~~~~
/home/calvin/workspace/strata-integration-validation/source/src/program/generate.cpp: In function ‘int main(int, char**)’:
/home/calvin/workspace/strata-integration-validation/source/src/program/generate.cpp:11454:23: warning: ignoring returned value of type ‘hipError_t’, declared with attribute ‘nodiscard’ [-Wunused-result]
11454 |             cudaMemcpy(final_r_host.data(), ss.R, final_r_host.size() * sizeof(float), cudaMemcpyDeviceToHost);
In file included from /mnt/sda2/home/calvin/workspace/strata-validation/toolchains/rocm/lib/python3.10/site-packages/_rocm_sdk_core/include/hip/hip_runtime.h:65,
                 from /home/calvin/workspace/strata-integration-validation/source/include/strata/hip_compat/cuda_runtime.h:12,
                 from <command-line>:
/mnt/sda2/home/calvin/workspace/strata-validation/toolchains/rocm/lib/python3.10/site-packages/_rocm_sdk_core/include/hip/hip_runtime_api.h:4651:12: note: in call to ‘hipError_t hipMemcpy(void*, const void*, size_t, hipMemcpyKind)’, declared here
 4651 | hipError_t hipMemcpy(void* dst, const void* src, size_t sizeBytes, hipMemcpyKind kind);
      |            ^~~~~~~~~
In file included from /mnt/sda2/home/calvin/workspace/strata-validation/toolchains/rocm/lib/python3.10/site-packages/_rocm_sdk_core/include/hip/hip_runtime.h:65,
                 from /home/calvin/workspace/strata-integration-validation/source/include/strata/hip_compat/cuda_runtime.h:12,
                 from <command-line>:
/mnt/sda2/home/calvin/workspace/strata-validation/toolchains/rocm/lib/python3.10/site-packages/_rocm_sdk_core/include/hip/hip_runtime_api.h:419:3: note: ‘hipError_t’ declared here
  419 | } hipError_t;
      |   ^~~~~~~~~~
/home/calvin/workspace/strata-integration-validation/source/src/program/generate.cpp:11676:33: warning: ignoring returned value of type ‘hipError_t’, declared with attribute ‘nodiscard’ [-Wunused-result]
11676 |         cudaEventCreateWithFlags(&adapt_ev, cudaEventDisableTiming);
In file included from /mnt/sda2/home/calvin/workspace/strata-validation/toolchains/rocm/lib/python3.10/site-packages/_rocm_sdk_core/include/hip/hip_runtime.h:65,
                 from /home/calvin/workspace/strata-integration-validation/source/include/strata/hip_compat/cuda_runtime.h:12,
                 from <command-line>:
/mnt/sda2/home/calvin/workspace/strata-validation/toolchains/rocm/lib/python3.10/site-packages/_rocm_sdk_core/include/hip/hip_runtime_api.h:3354:12: note: in call to ‘hipError_t hipEventCreateWithFlags(ihipEvent_t**, unsigned int)’, declared here
 3354 | hipError_t hipEventCreateWithFlags(hipEvent_t* event, unsigned flags);
      |            ^~~~~~~~~~~~~~~~~~~~~~~
In file included from /mnt/sda2/home/calvin/workspace/strata-validation/toolchains/rocm/lib/python3.10/site-packages/_rocm_sdk_core/include/hip/hip_runtime.h:65,
                 from /home/calvin/workspace/strata-integration-validation/source/include/strata/hip_compat/cuda_runtime.h:12,
                 from <command-line>:
/mnt/sda2/home/calvin/workspace/strata-validation/toolchains/rocm/lib/python3.10/site-packages/_rocm_sdk_core/include/hip/hip_runtime_api.h:419:3: note: ‘hipError_t’ declared here
  419 | } hipError_t;
      |   ^~~~~~~~~~
/home/calvin/workspace/strata-integration-validation/source/src/program/generate.cpp: In lambda function:
/home/calvin/workspace/strata-integration-validation/source/src/program/generate.cpp:11682:43: warning: ignoring returned value of type ‘hipError_t’, declared with attribute ‘nodiscard’ [-Wunused-result]
11682 |             if (wait) cudaEventSynchronize(adapt_ev);
In file included from /mnt/sda2/home/calvin/workspace/strata-validation/toolchains/rocm/lib/python3.10/site-packages/_rocm_sdk_core/include/hip/hip_runtime.h:65,
                 from /home/calvin/workspace/strata-integration-validation/source/include/strata/hip_compat/cuda_runtime.h:12,
                 from <command-line>:
/mnt/sda2/home/calvin/workspace/strata-validation/toolchains/rocm/lib/python3.10/site-packages/_rocm_sdk_core/include/hip/hip_runtime_api.h:3475:12: note: in call to ‘hipError_t hipEventSynchronize(hipEvent_t)’, declared here
 3475 | hipError_t hipEventSynchronize(hipEvent_t event);
      |            ^~~~~~~~~~~~~~~~~~~
In file included from /mnt/sda2/home/calvin/workspace/strata-validation/toolchains/rocm/lib/python3.10/site-packages/_rocm_sdk_core/include/hip/hip_runtime.h:65,
                 from /home/calvin/workspace/strata-integration-validation/source/include/strata/hip_compat/cuda_runtime.h:12,
                 from <command-line>:
/mnt/sda2/home/calvin/workspace/strata-validation/toolchains/rocm/lib/python3.10/site-packages/_rocm_sdk_core/include/hip/hip_runtime_api.h:419:3: note: ‘hipError_t’ declared here
  419 | } hipError_t;
      |   ^~~~~~~~~~
/home/calvin/workspace/strata-integration-validation/source/src/program/generate.cpp:11700:24: warning: ignoring returned value of type ‘hipError_t’, declared with attribute ‘nodiscard’ [-Wunused-result]
11700 |                 res_put(d_res);
      |                 ~~~~~~~^~~~~~~
/home/calvin/workspace/strata-integration-validation/source/src/program/generate.cpp:5664:20: note: in call to ‘main(int, char**)::<lambda(int32_t*)>’, declared here
 5664 |     auto res_put = [&host_res](int32_t* dst) -> cudaError_t {
      |                    ^
In file included from /mnt/sda2/home/calvin/workspace/strata-validation/toolchains/rocm/lib/python3.10/site-packages/_rocm_sdk_core/include/hip/hip_runtime.h:65,
                 from /home/calvin/workspace/strata-integration-validation/source/include/strata/hip_compat/cuda_runtime.h:12,
                 from <command-line>:
/mnt/sda2/home/calvin/workspace/strata-validation/toolchains/rocm/lib/python3.10/site-packages/_rocm_sdk_core/include/hip/hip_runtime_api.h:419:3: note: ‘hipError_t’ declared here
  419 | } hipError_t;
      |   ^~~~~~~~~~
/home/calvin/workspace/strata-integration-validation/source/src/program/generate.cpp: In lambda function:
/home/calvin/workspace/strata-integration-validation/source/src/program/generate.cpp:11789:48: warning: ignoring returned value of type ‘hipError_t’, declared with attribute ‘nodiscard’ [-Wunused-result]
11789 |             if (!swaps.empty()) cudaEventRecord(adapt_ev, adapt_stream);
In file included from /mnt/sda2/home/calvin/workspace/strata-validation/toolchains/rocm/lib/python3.10/site-packages/_rocm_sdk_core/include/hip/hip_runtime.h:65,
                 from /home/calvin/workspace/strata-integration-validation/source/include/strata/hip_compat/cuda_runtime.h:12,
                 from <command-line>:
/mnt/sda2/home/calvin/workspace/strata-validation/toolchains/rocm/lib/python3.10/site-packages/_rocm_sdk_core/include/hip/hip_runtime_api.h:3436:12: note: in call to ‘hipError_t hipEventRecord(hipEvent_t, hipStream_t)’, declared here
 3436 | hipError_t hipEventRecord(hipEvent_t event, hipStream_t stream = NULL);
      |            ^~~~~~~~~~~~~~
In file included from /mnt/sda2/home/calvin/workspace/strata-validation/toolchains/rocm/lib/python3.10/site-packages/_rocm_sdk_core/include/hip/hip_runtime.h:65,
                 from /home/calvin/workspace/strata-integration-validation/source/include/strata/hip_compat/cuda_runtime.h:12,
                 from <command-line>:
/mnt/sda2/home/calvin/workspace/strata-validation/toolchains/rocm/lib/python3.10/site-packages/_rocm_sdk_core/include/hip/hip_runtime_api.h:419:3: note: ‘hipError_t’ declared here
  419 | } hipError_t;
      |   ^~~~~~~~~~
/home/calvin/workspace/strata-integration-validation/source/src/program/generate.cpp: In function ‘int main(int, char**)’:
/home/calvin/workspace/strata-integration-validation/source/src/program/generate.cpp:11913:27: warning: ignoring returned value of type ‘hipError_t’, declared with attribute ‘nodiscard’ [-Wunused-result]
11913 |                 cudaMemcpy(hash_rows.data(), ver.final_R_all(), n_floats * sizeof(float), cudaMemcpyDeviceToHost);
In file included from /mnt/sda2/home/calvin/workspace/strata-validation/toolchains/rocm/lib/python3.10/site-packages/_rocm_sdk_core/include/hip/hip_runtime.h:65,
                 from /home/calvin/workspace/strata-integration-validation/source/include/strata/hip_compat/cuda_runtime.h:12,
                 from <command-line>:
/mnt/sda2/home/calvin/workspace/strata-validation/toolchains/rocm/lib/python3.10/site-packages/_rocm_sdk_core/include/hip/hip_runtime_api.h:4651:12: note: in call to ‘hipError_t hipMemcpy(void*, const void*, size_t, hipMemcpyKind)’, declared here
 4651 | hipError_t hipMemcpy(void* dst, const void* src, size_t sizeBytes, hipMemcpyKind kind);
      |            ^~~~~~~~~
In file included from /mnt/sda2/home/calvin/workspace/strata-validation/toolchains/rocm/lib/python3.10/site-packages/_rocm_sdk_core/include/hip/hip_runtime.h:65,
                 from /home/calvin/workspace/strata-integration-validation/source/include/strata/hip_compat/cuda_runtime.h:12,
                 from <command-line>:
/mnt/sda2/home/calvin/workspace/strata-validation/toolchains/rocm/lib/python3.10/site-packages/_rocm_sdk_core/include/hip/hip_runtime_api.h:419:3: note: ‘hipError_t’ declared here
  419 | } hipError_t;
      |   ^~~~~~~~~~
/home/calvin/workspace/strata-integration-validation/source/src/program/generate.cpp:12090:21: warning: ignoring returned value of type ‘hipError_t’, declared with attribute ‘nodiscard’ [-Wunused-result]
12090 |         cudaFreeHost(layer_stage);
In file included from /mnt/sda2/home/calvin/workspace/strata-validation/toolchains/rocm/lib/python3.10/site-packages/_rocm_sdk_core/include/hip/hip_runtime.h:65,
                 from /home/calvin/workspace/strata-integration-validation/source/include/strata/hip_compat/cuda_runtime.h:12,
                 from <command-line>:
/mnt/sda2/home/calvin/workspace/strata-validation/toolchains/rocm/lib/python3.10/site-packages/_rocm_sdk_core/include/hip/hip_runtime_api.h:4604:12: note: in call to ‘hipError_t hipFreeHost(void*)’, declared here
 4604 | hipError_t hipFreeHost(void* ptr);
      |            ^~~~~~~~~~~
In file included from /mnt/sda2/home/calvin/workspace/strata-validation/toolchains/rocm/lib/python3.10/site-packages/_rocm_sdk_core/include/hip/hip_runtime.h:65,
                 from /home/calvin/workspace/strata-integration-validation/source/include/strata/hip_compat/cuda_runtime.h:12,
                 from <command-line>:
/mnt/sda2/home/calvin/workspace/strata-validation/toolchains/rocm/lib/python3.10/site-packages/_rocm_sdk_core/include/hip/hip_runtime_api.h:419:3: note: ‘hipError_t’ declared here
  419 | } hipError_t;
      |   ^~~~~~~~~~
/home/calvin/workspace/strata-integration-validation/source/src/program/generate.cpp:12096:21: warning: ignoring returned value of type ‘hipError_t’, declared with attribute ‘nodiscard’ [-Wunused-result]
12096 |         cudaFreeHost(half_stage);
In file included from /mnt/sda2/home/calvin/workspace/strata-validation/toolchains/rocm/lib/python3.10/site-packages/_rocm_sdk_core/include/hip/hip_runtime.h:65,
                 from /home/calvin/workspace/strata-integration-validation/source/include/strata/hip_compat/cuda_runtime.h:12,
                 from <command-line>:
/mnt/sda2/home/calvin/workspace/strata-validation/toolchains/rocm/lib/python3.10/site-packages/_rocm_sdk_core/include/hip/hip_runtime_api.h:4604:12: note: in call to ‘hipError_t hipFreeHost(void*)’, declared here
 4604 | hipError_t hipFreeHost(void* ptr);
      |            ^~~~~~~~~~~
In file included from /mnt/sda2/home/calvin/workspace/strata-validation/toolchains/rocm/lib/python3.10/site-packages/_rocm_sdk_core/include/hip/hip_runtime.h:65,
                 from /home/calvin/workspace/strata-integration-validation/source/include/strata/hip_compat/cuda_runtime.h:12,
                 from <command-line>:
/mnt/sda2/home/calvin/workspace/strata-validation/toolchains/rocm/lib/python3.10/site-packages/_rocm_sdk_core/include/hip/hip_runtime_api.h:419:3: note: ‘hipError_t’ declared here
  419 | } hipError_t;
      |   ^~~~~~~~~~
/home/calvin/workspace/strata-integration-validation/source/src/program/generate.cpp:12262:13: warning: ignoring returned value of type ‘hipError_t’, declared with attribute ‘nodiscard’ [-Wunused-result]
12262 |     cudaFree(d_next);
In file included from /mnt/sda2/home/calvin/workspace/strata-validation/toolchains/rocm/lib/python3.10/site-packages/_rocm_sdk_core/include/hip/hip_runtime.h:65,
                 from /home/calvin/workspace/strata-integration-validation/source/include/strata/hip_compat/cuda_runtime.h:12,
                 from <command-line>:
/mnt/sda2/home/calvin/workspace/strata-validation/toolchains/rocm/lib/python3.10/site-packages/_rocm_sdk_core/include/hip/hip_runtime_api.h:4592:12: note: in call to ‘hipError_t hipFree(void*)’, declared here
 4592 | hipError_t hipFree(void* ptr);
      |            ^~~~~~~
In file included from /mnt/sda2/home/calvin/workspace/strata-validation/toolchains/rocm/lib/python3.10/site-packages/_rocm_sdk_core/include/hip/hip_runtime.h:65,
                 from /home/calvin/workspace/strata-integration-validation/source/include/strata/hip_compat/cuda_runtime.h:12,
                 from <command-line>:
/mnt/sda2/home/calvin/workspace/strata-validation/toolchains/rocm/lib/python3.10/site-packages/_rocm_sdk_core/include/hip/hip_runtime_api.h:419:3: note: ‘hipError_t’ declared here
  419 | } hipError_t;
      |   ^~~~~~~~~~
/home/calvin/workspace/strata-integration-validation/source/src/program/generate.cpp:12263:13: warning: ignoring returned value of type ‘hipError_t’, declared with attribute ‘nodiscard’ [-Wunused-result]
12263 |     cudaFree(d_logits);
In file included from /mnt/sda2/home/calvin/workspace/strata-validation/toolchains/rocm/lib/python3.10/site-packages/_rocm_sdk_core/include/hip/hip_runtime.h:65,
                 from /home/calvin/workspace/strata-integration-validation/source/include/strata/hip_compat/cuda_runtime.h:12,
                 from <command-line>:
/mnt/sda2/home/calvin/workspace/strata-validation/toolchains/rocm/lib/python3.10/site-packages/_rocm_sdk_core/include/hip/hip_runtime_api.h:4592:12: note: in call to ‘hipError_t hipFree(void*)’, declared here
 4592 | hipError_t hipFree(void* ptr);
      |            ^~~~~~~
In file included from /mnt/sda2/home/calvin/workspace/strata-validation/toolchains/rocm/lib/python3.10/site-packages/_rocm_sdk_core/include/hip/hip_runtime.h:65,
                 from /home/calvin/workspace/strata-integration-validation/source/include/strata/hip_compat/cuda_runtime.h:12,
                 from <command-line>:
/mnt/sda2/home/calvin/workspace/strata-validation/toolchains/rocm/lib/python3.10/site-packages/_rocm_sdk_core/include/hip/hip_runtime_api.h:419:3: note: ‘hipError_t’ declared here
  419 | } hipError_t;
      |   ^~~~~~~~~~
/home/calvin/workspace/strata-integration-validation/source/src/program/generate.cpp:12264:13: warning: ignoring returned value of type ‘hipError_t’, declared with attribute ‘nodiscard’ [-Wunused-result]
12264 |     cudaFree(d_emb);
In file included from /mnt/sda2/home/calvin/workspace/strata-validation/toolchains/rocm/lib/python3.10/site-packages/_rocm_sdk_core/include/hip/hip_runtime.h:65,
                 from /home/calvin/workspace/strata-integration-validation/source/include/strata/hip_compat/cuda_runtime.h:12,
                 from <command-line>:
/mnt/sda2/home/calvin/workspace/strata-validation/toolchains/rocm/lib/python3.10/site-packages/_rocm_sdk_core/include/hip/hip_runtime_api.h:4592:12: note: in call to ‘hipError_t hipFree(void*)’, declared here
 4592 | hipError_t hipFree(void* ptr);
      |            ^~~~~~~
In file included from /mnt/sda2/home/calvin/workspace/strata-validation/toolchains/rocm/lib/python3.10/site-packages/_rocm_sdk_core/include/hip/hip_runtime.h:65,
                 from /home/calvin/workspace/strata-integration-validation/source/include/strata/hip_compat/cuda_runtime.h:12,
                 from <command-line>:
/mnt/sda2/home/calvin/workspace/strata-validation/toolchains/rocm/lib/python3.10/site-packages/_rocm_sdk_core/include/hip/hip_runtime_api.h:419:3: note: ‘hipError_t’ declared here
  419 | } hipError_t;
      |   ^~~~~~~~~~
/home/calvin/workspace/strata-integration-validation/source/src/program/generate.cpp:12265:13: warning: ignoring returned value of type ‘hipError_t’, declared with attribute ‘nodiscard’ [-Wunused-result]
12265 |     cudaFree(d_parts);
In file included from /mnt/sda2/home/calvin/workspace/strata-validation/toolchains/rocm/lib/python3.10/site-packages/_rocm_sdk_core/include/hip/hip_runtime.h:65,
                 from /home/calvin/workspace/strata-integration-validation/source/include/strata/hip_compat/cuda_runtime.h:12,
                 from <command-line>:
/mnt/sda2/home/calvin/workspace/strata-validation/toolchains/rocm/lib/python3.10/site-packages/_rocm_sdk_core/include/hip/hip_runtime_api.h:4592:12: note: in call to ‘hipError_t hipFree(void*)’, declared here
 4592 | hipError_t hipFree(void* ptr);
      |            ^~~~~~~
In file included from /mnt/sda2/home/calvin/workspace/strata-validation/toolchains/rocm/lib/python3.10/site-packages/_rocm_sdk_core/include/hip/hip_runtime.h:65,
                 from /home/calvin/workspace/strata-integration-validation/source/include/strata/hip_compat/cuda_runtime.h:12,
                 from <command-line>:
/mnt/sda2/home/calvin/workspace/strata-validation/toolchains/rocm/lib/python3.10/site-packages/_rocm_sdk_core/include/hip/hip_runtime_api.h:419:3: note: ‘hipError_t’ declared here
  419 | } hipError_t;
      |   ^~~~~~~~~~
/home/calvin/workspace/strata-integration-validation/source/src/program/generate.cpp:12268:13: warning: ignoring returned value of type ‘hipError_t’, declared with attribute ‘nodiscard’ [-Wunused-result]
12268 |     cudaFree(arena);
In file included from /mnt/sda2/home/calvin/workspace/strata-validation/toolchains/rocm/lib/python3.10/site-packages/_rocm_sdk_core/include/hip/hip_runtime.h:65,
                 from /home/calvin/workspace/strata-integration-validation/source/include/strata/hip_compat/cuda_runtime.h:12,
                 from <command-line>:
/mnt/sda2/home/calvin/workspace/strata-validation/toolchains/rocm/lib/python3.10/site-packages/_rocm_sdk_core/include/hip/hip_runtime_api.h:4592:12: note: in call to ‘hipError_t hipFree(void*)’, declared here
 4592 | hipError_t hipFree(void* ptr);
      |            ^~~~~~~
In file included from /mnt/sda2/home/calvin/workspace/strata-validation/toolchains/rocm/lib/python3.10/site-packages/_rocm_sdk_core/include/hip/hip_runtime.h:65,
                 from /home/calvin/workspace/strata-integration-validation/source/include/strata/hip_compat/cuda_runtime.h:12,
                 from <command-line>:
/mnt/sda2/home/calvin/workspace/strata-validation/toolchains/rocm/lib/python3.10/site-packages/_rocm_sdk_core/include/hip/hip_runtime_api.h:419:3: note: ‘hipError_t’ declared here
  419 | } hipError_t;
      |   ^~~~~~~~~~
[12/13] Linking HIP executable strata
