[1/12] Building CXX object CMakeFiles/strata_engine.dir/src/core/expert_source.cpp.o
In file included from /home/calvin/workspace/strata-integration-validation/source/sycl/src/core/expert_source.cpp:4:
In file included from /home/calvin/workspace/strata-integration-validation/source/sycl/include/dpct/dpct.hpp:53:
In file included from /home/calvin/workspace/strata-integration-validation/source/sycl/include/dpct/image.hpp:14:
In file included from /home/calvin/workspace/strata-integration-validation/source/sycl/include/dpct/memory.hpp:112:
/home/calvin/workspace/strata-integration-validation/source/sycl/include/dpct/detail/memory_detail.hpp:343:30: warning: unused parameter 'direction' [-Wunused-parameter]
  343 |             memcpy_direction direction,
      |                              ^
/home/calvin/workspace/strata-integration-validation/source/sycl/include/dpct/detail/memory_detail.hpp:901:29: warning: unused parameter 'cgh' [-Wunused-parameter]
  901 |   get_access(sycl::handler &cgh) {
      |                             ^
In file included from /home/calvin/workspace/strata-integration-validation/source/sycl/src/core/expert_source.cpp:4:
In file included from /home/calvin/workspace/strata-integration-validation/source/sycl/include/dpct/dpct.hpp:53:
In file included from /home/calvin/workspace/strata-integration-validation/source/sycl/include/dpct/image.hpp:14:
/home/calvin/workspace/strata-integration-validation/source/sycl/include/dpct/memory.hpp:816:23: warning: comparison of integers of different signs: 'int' and 'unsigned int' [-Wsign-compare]
  816 |     for (int i = 0; i < numAttributes; i++) {
      |                     ~ ^ ~~~~~~~~~~~~~
In file included from /home/calvin/workspace/strata-integration-validation/source/sycl/src/core/expert_source.cpp:4:
In file included from /home/calvin/workspace/strata-integration-validation/source/sycl/include/dpct/dpct.hpp:53:
In file included from /home/calvin/workspace/strata-integration-validation/source/sycl/include/dpct/image.hpp:15:
/home/calvin/workspace/strata-integration-validation/source/sycl/include/dpct/util.hpp:466:38: warning: unused parameter 'member_mask' [-Wunused-parameter]
  466 | T select_from_sub_group(unsigned int member_mask,
      |                                      ^
/home/calvin/workspace/strata-integration-validation/source/sycl/include/dpct/util.hpp:507:37: warning: unused parameter 'member_mask' [-Wunused-parameter]
  507 | T shift_sub_group_left(unsigned int member_mask,
      |                                     ^
/home/calvin/workspace/strata-integration-validation/source/sycl/include/dpct/util.hpp:551:38: warning: unused parameter 'member_mask' [-Wunused-parameter]
  551 | T shift_sub_group_right(unsigned int member_mask,
      |                                      ^
/home/calvin/workspace/strata-integration-validation/source/sycl/include/dpct/util.hpp:671:41: warning: unused parameter 'member_mask' [-Wunused-parameter]
  671 | T permute_sub_group_by_xor(unsigned int member_mask,
      |                                         ^
/home/calvin/workspace/strata-integration-validation/source/sycl/include/dpct/util.hpp:680:47: warning: comparison of integers of different signs: 'unsigned int' and 'int' [-Wsign-compare]
  680 |   unsigned logical_remote_id = (target_offset < logical_sub_group_size) ? start_index + target_offset : id;
      |                                 ~~~~~~~~~~~~~ ^ ~~~~~~~~~~~~~~~~~~~~~~
/home/calvin/workspace/strata-integration-validation/source/sycl/include/dpct/util.hpp:959:15: warning: comparison of integers of different signs: 'int' and 'size_t' (aka 'unsigned long') [-Wsign-compare]
  959 |   if (wg_size > max_wg_size) {
      |       ~~~~~~~ ^ ~~~~~~~~~~~
/home/calvin/workspace/strata-integration-validation/source/sycl/include/dpct/util.hpp:1021:35: warning: comparison of integers of different signs: 'int' and 'size_t' (aka 'unsigned long') [-Wsign-compare]
 1021 |       max_ws_size_for_device_code >= max_wg_size)
      |       ~~~~~~~~~~~~~~~~~~~~~~~~~~~ ^  ~~~~~~~~~~~
/home/calvin/workspace/strata-integration-validation/source/sycl/include/dpct/util.hpp:1291:17: warning: '&' within '|' [-Wbitwise-op-parentheses]
 1291 |     result = (a & b | c) ^ a;
      |               ~~^~~ ~
/home/calvin/workspace/strata-integration-validation/source/sycl/include/dpct/util.hpp:1291:17: note: place parentheses around the '&' expression to silence this warning
 1291 |     result = (a & b | c) ^ a;
      |                 ^
      |               (    )
/home/calvin/workspace/strata-integration-validation/source/sycl/include/dpct/util.hpp:1315:16: warning: '&' within '|' [-Wbitwise-op-parentheses]
 1315 |     result = a & (b | c) | (b & c);
      |              ~~^~~~~~~~~ ~
/home/calvin/workspace/strata-integration-validation/source/sycl/include/dpct/util.hpp:1315:16: note: place parentheses around the '&' expression to silence this warning
 1315 |     result = a & (b | c) | (b & c);
      |                ^
      |              (          )
/home/calvin/workspace/strata-integration-validation/source/sycl/include/dpct/util.hpp:1318:16: warning: '&' within '|' [-Wbitwise-op-parentheses]
 1318 |     result = a & b | c;
      |              ~~^~~ ~
/home/calvin/workspace/strata-integration-validation/source/sycl/include/dpct/util.hpp:1318:16: note: place parentheses around the '&' expression to silence this warning
 1318 |     result = a & b | c;
      |                ^
      |              (    )
In file included from /home/calvin/workspace/strata-integration-validation/source/sycl/src/core/expert_source.cpp:4:
In file included from /home/calvin/workspace/strata-integration-validation/source/sycl/include/dpct/dpct.hpp:54:
/home/calvin/workspace/strata-integration-validation/source/sycl/include/dpct/kernel.hpp:50:57: warning: unused parameter 'function' [-Wunused-parameter]
   50 |                                             const void *function) {
      |                                                         ^
/home/calvin/workspace/strata-integration-validation/source/sycl/include/dpct/kernel.hpp:57:38: warning: unused parameter 'function' [-Wunused-parameter]
   57 | get_kernel_function_info(const void *function) {
      |                                      ^
In file included from /home/calvin/workspace/strata-integration-validation/source/sycl/src/core/expert_source.cpp:4:
In file included from /home/calvin/workspace/strata-integration-validation/source/sycl/include/dpct/dpct.hpp:59:
/home/calvin/workspace/strata-integration-validation/source/sycl/include/dpct/bindless_images.hpp:629:35: warning: unused parameter 'q' [-Wunused-parameter]
  629 |   void unmap_resource(sycl::queue q) {
      |                                   ^
/home/calvin/workspace/strata-integration-validation/source/sycl/include/dpct/bindless_images.hpp:656:9: warning: field '_res_external_mem' will be initialized after field '_res_reg_flags' [-Wreorder-ctor]
  656 |       : _res_external_mem(external_mem), _res_reg_flags(reg_flags) {}
      |         ^~~~~~~~~~~~~~~~~~~~~~~~~~~~~~~  ~~~~~~~~~~~~~~~~~~~~~~~~~
      |         _res_reg_flags(reg_flags)        _res_external_mem(external_mem)
/home/calvin/workspace/strata-integration-validation/source/sycl/include/dpct/bindless_images.hpp:1163:24: warning: comparison of integers of different signs: 'size_t' (aka 'unsigned long') and 'int' [-Wsign-compare]
 1163 |   for (size_t i = 0; i < count; ++i) {
      |                      ~ ^ ~~~~~
/home/calvin/workspace/strata-integration-validation/source/sycl/include/dpct/bindless_images.hpp:1350:21: warning: comparison of integers of different signs: 'int' and 'unsigned int' [-Wsign-compare]
 1350 |   for (int i = 0; i < numExtSems; i++) {
      |                   ~ ^ ~~~~~~~~~~
/home/calvin/workspace/strata-integration-validation/source/sycl/include/dpct/bindless_images.hpp:1393:21: warning: comparison of integers of different signs: 'int' and 'unsigned int' [-Wsign-compare]
 1393 |   for (int i = 0; i < numExtSems; i++) {
      |                   ~ ^ ~~~~~~~~~~
/home/calvin/workspace/strata-integration-validation/source/sycl/include/dpct/bindless_images.hpp:1686:60: warning: unused parameter 'channel' [-Wunused-parameter]
 1686 |   void attach(image_mem_wrapper *mem, const image_channel &channel,
      |                                                            ^
In file included from /home/calvin/workspace/strata-integration-validation/source/sycl/src/core/expert_source.cpp:6:
/home/calvin/workspace/strata-integration-validation/source/sycl/include/strata/core/expert_source.hpp:725:13: warning: 'reads' overrides a member function but is not marked 'override' [-Winconsistent-missing-override]
  725 |     int64_t reads() const { return reads_; }
      |             ^
/home/calvin/workspace/strata-integration-validation/source/sycl/include/strata/core/expert_source.hpp:140:21: note: overridden virtual function is here
  140 |     virtual int64_t reads() const { return 0; }
      |                     ^
In file included from /home/calvin/workspace/strata-integration-validation/source/sycl/src/core/expert_source.cpp:4:
In file included from /home/calvin/workspace/strata-integration-validation/source/sycl/include/dpct/dpct.hpp:52:
/home/calvin/workspace/strata-integration-validation/source/sycl/include/dpct/device.hpp:93:13: warning: unused function 'destroy_event' [-Wunused-function]
   93 | static void destroy_event(event_ptr event) {
      |             ^~~~~~~~~~~~~
In file included from /home/calvin/workspace/strata-integration-validation/source/sycl/src/core/expert_source.cpp:4:
In file included from /home/calvin/workspace/strata-integration-validation/source/sycl/include/dpct/dpct.hpp:53:
In file included from /home/calvin/workspace/strata-integration-validation/source/sycl/include/dpct/image.hpp:14:
/home/calvin/workspace/strata-integration-validation/source/sycl/include/dpct/memory.hpp:165:17: warning: 'static' function 'get_buffer' declared in header file should be declared 'static inline' [-Wunneeded-internal-declaration]
  165 | static buffer_t get_buffer(const void *ptr) {
      |                 ^~~~~~~~~~
/home/calvin/workspace/strata-integration-validation/source/sycl/include/dpct/memory.hpp:141:36: warning: 'static' function 'get_buffer_and_offset' declared in header file should be declared 'static inline' [-Wunneeded-internal-declaration]
  141 | static std::pair<buffer_t, size_t> get_buffer_and_offset(const void *ptr) {
      |                                    ^~~~~~~~~~~~~~~~~~~~~
/home/calvin/workspace/strata-integration-validation/source/sycl/include/dpct/memory.hpp:304:13: warning: unused function 'dpct_memcpy' [-Wunused-function]
  304 | static void dpct_memcpy(void *to_ptr, const void *from_ptr, size_t size,
      |             ^~~~~~~~~~~
/home/calvin/workspace/strata-integration-validation/source/sycl/include/dpct/memory.hpp:322:13: warning: unused function 'dpct_memcpy' [-Wunused-function]
  322 | static void dpct_memcpy(void *to_ptr, int to_dev_id, const void *from_ptr,
      |             ^~~~~~~~~~~
/home/calvin/workspace/strata-integration-validation/source/sycl/include/dpct/memory.hpp:340:13: warning: unused function 'async_dpct_memcpy' [-Wunused-function]
  340 | static void async_dpct_memcpy(void *to_ptr, const void *from_ptr, size_t size,
      |             ^~~~~~~~~~~~~~~~~
/home/calvin/workspace/strata-integration-validation/source/sycl/include/dpct/memory.hpp:358:13: warning: unused function 'async_dpct_memcpy' [-Wunused-function]
  358 | static void async_dpct_memcpy(void *to_ptr, int to_dev_id, const void *from_ptr,
      |             ^~~~~~~~~~~~~~~~~
/home/calvin/workspace/strata-integration-validation/source/sycl/include/dpct/memory.hpp:494:13: warning: unused function 'dpct_memset' [-Wunused-function]
  494 | static void dpct_memset(void *dev_ptr, int value, size_t size,
      |             ^~~~~~~~~~~
/home/calvin/workspace/strata-integration-validation/source/sycl/include/dpct/memory.hpp:507:13: warning: unused function 'dpct_memset_d16' [-Wunused-function]
  507 | static void dpct_memset_d16(void *dev_ptr, unsigned short value, size_t size,
      |             ^~~~~~~~~~~~~~~
/home/calvin/workspace/strata-integration-validation/source/sycl/include/dpct/memory.hpp:519:13: warning: unused function 'dpct_memset_d32' [-Wunused-function]
  519 | static void dpct_memset_d32(void *dev_ptr, unsigned int value, size_t size,
      |             ^~~~~~~~~~~~~~~
/home/calvin/workspace/strata-integration-validation/source/sycl/include/dpct/memory.hpp:532:13: warning: unused function 'async_dpct_memset' [-Wunused-function]
  532 | static void async_dpct_memset(void *dev_ptr, int value, size_t size,
      |             ^~~~~~~~~~~~~~~~~
/home/calvin/workspace/strata-integration-validation/source/sycl/include/dpct/memory.hpp:544:13: warning: unused function 'async_dpct_memset_d16' [-Wunused-function]
  544 | static void async_dpct_memset_d16(void *dev_ptr, unsigned short value, size_t size,
      |             ^~~~~~~~~~~~~~~~~~~~~
/home/calvin/workspace/strata-integration-validation/source/sycl/include/dpct/memory.hpp:556:13: warning: unused function 'async_dpct_memset_d32' [-Wunused-function]
  556 | static void async_dpct_memset_d32(void *dev_ptr, unsigned int value, size_t size,
      |             ^~~~~~~~~~~~~~~~~~~~~
In file included from /home/calvin/workspace/strata-integration-validation/source/sycl/src/core/expert_source.cpp:4:
In file included from /home/calvin/workspace/strata-integration-validation/source/sycl/include/dpct/dpct.hpp:60:
/home/calvin/workspace/strata-integration-validation/source/sycl/include/dpct/graph.hpp:136:1: warning: unused function 'add_empty_node' [-Wunused-function]
  136 | add_empty_node(dpct::experimental::node_ptr *newNode,
      | ^~~~~~~~~~~~~~
/home/calvin/workspace/strata-integration-validation/source/sycl/include/dpct/graph.hpp:162:13: warning: unused function 'add_dependencies' [-Wunused-function]
  162 | static void add_dependencies(dpct::experimental::command_graph_ptr graph,
      |             ^~~~~~~~~~~~~~~~
/home/calvin/workspace/strata-integration-validation/source/sycl/include/dpct/graph.hpp:176:13: warning: unused function 'get_nodes' [-Wunused-function]
  176 | static void get_nodes(dpct::experimental::command_graph_ptr graph,
      |             ^~~~~~~~~
/home/calvin/workspace/strata-integration-validation/source/sycl/include/dpct/graph.hpp:187:13: warning: unused function 'get_root_nodes' [-Wunused-function]
  187 | static void get_root_nodes(dpct::experimental::command_graph_ptr graph,
      |             ^~~~~~~~~~~~~~
39 warnings generated.
In file included from /home/calvin/workspace/strata-integration-validation/source/sycl/src/core/expert_source.cpp:4:
In file included from /home/calvin/workspace/strata-integration-validation/source/sycl/include/dpct/dpct.hpp:53:
In file included from /home/calvin/workspace/strata-integration-validation/source/sycl/include/dpct/image.hpp:14:
In file included from /home/calvin/workspace/strata-integration-validation/source/sycl/include/dpct/memory.hpp:112:
/home/calvin/workspace/strata-integration-validation/source/sycl/include/dpct/detail/memory_detail.hpp:343:30: warning: unused parameter 'direction' [-Wunused-parameter]
  343 |             memcpy_direction direction,
      |                              ^
/home/calvin/workspace/strata-integration-validation/source/sycl/include/dpct/detail/memory_detail.hpp:901:29: warning: unused parameter 'cgh' [-Wunused-parameter]
  901 |   get_access(sycl::handler &cgh) {
      |                             ^
In file included from /home/calvin/workspace/strata-integration-validation/source/sycl/src/core/expert_source.cpp:4:
In file included from /home/calvin/workspace/strata-integration-validation/source/sycl/include/dpct/dpct.hpp:53:
In file included from /home/calvin/workspace/strata-integration-validation/source/sycl/include/dpct/image.hpp:14:
/home/calvin/workspace/strata-integration-validation/source/sycl/include/dpct/memory.hpp:816:23: warning: comparison of integers of different signs: 'int' and 'unsigned int' [-Wsign-compare]
  816 |     for (int i = 0; i < numAttributes; i++) {
      |                     ~ ^ ~~~~~~~~~~~~~
In file included from /home/calvin/workspace/strata-integration-validation/source/sycl/src/core/expert_source.cpp:4:
In file included from /home/calvin/workspace/strata-integration-validation/source/sycl/include/dpct/dpct.hpp:53:
In file included from /home/calvin/workspace/strata-integration-validation/source/sycl/include/dpct/image.hpp:15:
/home/calvin/workspace/strata-integration-validation/source/sycl/include/dpct/util.hpp:959:15: warning: comparison of integers of different signs: 'int' and 'size_t' (aka 'unsigned long') [-Wsign-compare]
  959 |   if (wg_size > max_wg_size) {
      |       ~~~~~~~ ^ ~~~~~~~~~~~
/home/calvin/workspace/strata-integration-validation/source/sycl/include/dpct/util.hpp:1021:35: warning: comparison of integers of different signs: 'int' and 'size_t' (aka 'unsigned long') [-Wsign-compare]
 1021 |       max_ws_size_for_device_code >= max_wg_size)
      |       ~~~~~~~~~~~~~~~~~~~~~~~~~~~ ^  ~~~~~~~~~~~
/home/calvin/workspace/strata-integration-validation/source/sycl/include/dpct/util.hpp:1291:17: warning: '&' within '|' [-Wbitwise-op-parentheses]
 1291 |     result = (a & b | c) ^ a;
      |               ~~^~~ ~
/home/calvin/workspace/strata-integration-validation/source/sycl/include/dpct/util.hpp:1291:17: note: place parentheses around the '&' expression to silence this warning
 1291 |     result = (a & b | c) ^ a;
      |                 ^
      |               (    )
/home/calvin/workspace/strata-integration-validation/source/sycl/include/dpct/util.hpp:1315:16: warning: '&' within '|' [-Wbitwise-op-parentheses]
 1315 |     result = a & (b | c) | (b & c);
      |              ~~^~~~~~~~~ ~
/home/calvin/workspace/strata-integration-validation/source/sycl/include/dpct/util.hpp:1315:16: note: place parentheses around the '&' expression to silence this warning
 1315 |     result = a & (b | c) | (b & c);
      |                ^
      |              (          )
/home/calvin/workspace/strata-integration-validation/source/sycl/include/dpct/util.hpp:1318:16: warning: '&' within '|' [-Wbitwise-op-parentheses]
 1318 |     result = a & b | c;
      |              ~~^~~ ~
/home/calvin/workspace/strata-integration-validation/source/sycl/include/dpct/util.hpp:1318:16: note: place parentheses around the '&' expression to silence this warning
 1318 |     result = a & b | c;
      |                ^
      |              (    )
In file included from /home/calvin/workspace/strata-integration-validation/source/sycl/src/core/expert_source.cpp:4:
In file included from /home/calvin/workspace/strata-integration-validation/source/sycl/include/dpct/dpct.hpp:54:
/home/calvin/workspace/strata-integration-validation/source/sycl/include/dpct/kernel.hpp:50:57: warning: unused parameter 'function' [-Wunused-parameter]
   50 |                                             const void *function) {
      |                                                         ^
/home/calvin/workspace/strata-integration-validation/source/sycl/include/dpct/kernel.hpp:57:38: warning: unused parameter 'function' [-Wunused-parameter]
   57 | get_kernel_function_info(const void *function) {
      |                                      ^
In file included from /home/calvin/workspace/strata-integration-validation/source/sycl/src/core/expert_source.cpp:4:
In file included from /home/calvin/workspace/strata-integration-validation/source/sycl/include/dpct/dpct.hpp:59:
/home/calvin/workspace/strata-integration-validation/source/sycl/include/dpct/bindless_images.hpp:629:35: warning: unused parameter 'q' [-Wunused-parameter]
  629 |   void unmap_resource(sycl::queue q) {
      |                                   ^
/home/calvin/workspace/strata-integration-validation/source/sycl/include/dpct/bindless_images.hpp:656:9: warning: field '_res_external_mem' will be initialized after field '_res_reg_flags' [-Wreorder-ctor]
  656 |       : _res_external_mem(external_mem), _res_reg_flags(reg_flags) {}
      |         ^~~~~~~~~~~~~~~~~~~~~~~~~~~~~~~  ~~~~~~~~~~~~~~~~~~~~~~~~~
      |         _res_reg_flags(reg_flags)        _res_external_mem(external_mem)
/home/calvin/workspace/strata-integration-validation/source/sycl/include/dpct/bindless_images.hpp:1163:24: warning: comparison of integers of different signs: 'size_t' (aka 'unsigned long') and 'int' [-Wsign-compare]
 1163 |   for (size_t i = 0; i < count; ++i) {
      |                      ~ ^ ~~~~~
/home/calvin/workspace/strata-integration-validation/source/sycl/include/dpct/bindless_images.hpp:1350:21: warning: comparison of integers of different signs: 'int' and 'unsigned int' [-Wsign-compare]
 1350 |   for (int i = 0; i < numExtSems; i++) {
      |                   ~ ^ ~~~~~~~~~~
/home/calvin/workspace/strata-integration-validation/source/sycl/include/dpct/bindless_images.hpp:1393:21: warning: comparison of integers of different signs: 'int' and 'unsigned int' [-Wsign-compare]
 1393 |   for (int i = 0; i < numExtSems; i++) {
      |                   ~ ^ ~~~~~~~~~~
/home/calvin/workspace/strata-integration-validation/source/sycl/include/dpct/bindless_images.hpp:1686:60: warning: unused parameter 'channel' [-Wunused-parameter]
 1686 |   void attach(image_mem_wrapper *mem, const image_channel &channel,
      |                                                            ^
In file included from /home/calvin/workspace/strata-integration-validation/source/sycl/src/core/expert_source.cpp:6:
/home/calvin/workspace/strata-integration-validation/source/sycl/include/strata/core/expert_source.hpp:725:13: warning: 'reads' overrides a member function but is not marked 'override' [-Winconsistent-missing-override]
  725 |     int64_t reads() const { return reads_; }
      |             ^
/home/calvin/workspace/strata-integration-validation/source/sycl/include/strata/core/expert_source.hpp:140:21: note: overridden virtual function is here
  140 |     virtual int64_t reads() const { return 0; }
      |                     ^
In file included from /home/calvin/workspace/strata-integration-validation/source/sycl/src/core/expert_source.cpp:4:
In file included from /home/calvin/workspace/strata-integration-validation/source/sycl/include/dpct/dpct.hpp:52:
/home/calvin/workspace/strata-integration-validation/source/sycl/include/dpct/device.hpp:93:13: warning: unused function 'destroy_event' [-Wunused-function]
   93 | static void destroy_event(event_ptr event) {
      |             ^~~~~~~~~~~~~
In file included from /home/calvin/workspace/strata-integration-validation/source/sycl/src/core/expert_source.cpp:4:
In file included from /home/calvin/workspace/strata-integration-validation/source/sycl/include/dpct/dpct.hpp:53:
In file included from /home/calvin/workspace/strata-integration-validation/source/sycl/include/dpct/image.hpp:14:
/home/calvin/workspace/strata-integration-validation/source/sycl/include/dpct/memory.hpp:165:17: warning: 'static' function 'get_buffer' declared in header file should be declared 'static inline' [-Wunneeded-internal-declaration]
  165 | static buffer_t get_buffer(const void *ptr) {
      |                 ^~~~~~~~~~
/home/calvin/workspace/strata-integration-validation/source/sycl/include/dpct/memory.hpp:141:36: warning: 'static' function 'get_buffer_and_offset' declared in header file should be declared 'static inline' [-Wunneeded-internal-declaration]
  141 | static std::pair<buffer_t, size_t> get_buffer_and_offset(const void *ptr) {
      |                                    ^~~~~~~~~~~~~~~~~~~~~
/home/calvin/workspace/strata-integration-validation/source/sycl/include/dpct/memory.hpp:304:13: warning: unused function 'dpct_memcpy' [-Wunused-function]
  304 | static void dpct_memcpy(void *to_ptr, const void *from_ptr, size_t size,
      |             ^~~~~~~~~~~
/home/calvin/workspace/strata-integration-validation/source/sycl/include/dpct/memory.hpp:322:13: warning: unused function 'dpct_memcpy' [-Wunused-function]
  322 | static void dpct_memcpy(void *to_ptr, int to_dev_id, const void *from_ptr,
      |             ^~~~~~~~~~~
/home/calvin/workspace/strata-integration-validation/source/sycl/include/dpct/memory.hpp:340:13: warning: unused function 'async_dpct_memcpy' [-Wunused-function]
  340 | static void async_dpct_memcpy(void *to_ptr, const void *from_ptr, size_t size,
      |             ^~~~~~~~~~~~~~~~~
/home/calvin/workspace/strata-integration-validation/source/sycl/include/dpct/memory.hpp:358:13: warning: unused function 'async_dpct_memcpy' [-Wunused-function]
  358 | static void async_dpct_memcpy(void *to_ptr, int to_dev_id, const void *from_ptr,
      |             ^~~~~~~~~~~~~~~~~
/home/calvin/workspace/strata-integration-validation/source/sycl/include/dpct/memory.hpp:494:13: warning: unused function 'dpct_memset' [-Wunused-function]
  494 | static void dpct_memset(void *dev_ptr, int value, size_t size,
      |             ^~~~~~~~~~~
/home/calvin/workspace/strata-integration-validation/source/sycl/include/dpct/memory.hpp:507:13: warning: unused function 'dpct_memset_d16' [-Wunused-function]
  507 | static void dpct_memset_d16(void *dev_ptr, unsigned short value, size_t size,
      |             ^~~~~~~~~~~~~~~
/home/calvin/workspace/strata-integration-validation/source/sycl/include/dpct/memory.hpp:519:13: warning: unused function 'dpct_memset_d32' [-Wunused-function]
  519 | static void dpct_memset_d32(void *dev_ptr, unsigned int value, size_t size,
      |             ^~~~~~~~~~~~~~~
/home/calvin/workspace/strata-integration-validation/source/sycl/include/dpct/memory.hpp:532:13: warning: unused function 'async_dpct_memset' [-Wunused-function]
  532 | static void async_dpct_memset(void *dev_ptr, int value, size_t size,
      |             ^~~~~~~~~~~~~~~~~
/home/calvin/workspace/strata-integration-validation/source/sycl/include/dpct/memory.hpp:544:13: warning: unused function 'async_dpct_memset_d16' [-Wunused-function]
  544 | static void async_dpct_memset_d16(void *dev_ptr, unsigned short value, size_t size,
      |             ^~~~~~~~~~~~~~~~~~~~~
/home/calvin/workspace/strata-integration-validation/source/sycl/include/dpct/memory.hpp:556:13: warning: unused function 'async_dpct_memset_d32' [-Wunused-function]
  556 | static void async_dpct_memset_d32(void *dev_ptr, unsigned int value, size_t size,
      |             ^~~~~~~~~~~~~~~~~~~~~
In file included from /home/calvin/workspace/strata-integration-validation/source/sycl/src/core/expert_source.cpp:4:
In file included from /home/calvin/workspace/strata-integration-validation/source/sycl/include/dpct/dpct.hpp:60:
/home/calvin/workspace/strata-integration-validation/source/sycl/include/dpct/graph.hpp:136:1: warning: unused function 'add_empty_node' [-Wunused-function]
  136 | add_empty_node(dpct::experimental::node_ptr *newNode,
      | ^~~~~~~~~~~~~~
/home/calvin/workspace/strata-integration-validation/source/sycl/include/dpct/graph.hpp:162:13: warning: unused function 'add_dependencies' [-Wunused-function]
  162 | static void add_dependencies(dpct::experimental::command_graph_ptr graph,
      |             ^~~~~~~~~~~~~~~~
/home/calvin/workspace/strata-integration-validation/source/sycl/include/dpct/graph.hpp:176:13: warning: unused function 'get_nodes' [-Wunused-function]
  176 | static void get_nodes(dpct::experimental::command_graph_ptr graph,
      |             ^~~~~~~~~
/home/calvin/workspace/strata-integration-validation/source/sycl/include/dpct/graph.hpp:187:13: warning: unused function 'get_root_nodes' [-Wunused-function]
  187 | static void get_root_nodes(dpct::experimental::command_graph_ptr graph,
      |             ^~~~~~~~~~~~~~
34 warnings generated.
[2/12] Building CXX object CMakeFiles/strata_engine.dir/src/core/remote_experts.cpp.o
In file included from /home/calvin/workspace/strata-integration-validation/source/sycl/src/core/remote_experts.cpp:2:
In file included from /home/calvin/workspace/strata-integration-validation/source/sycl/include/dpct/dpct.hpp:53:
In file included from /home/calvin/workspace/strata-integration-validation/source/sycl/include/dpct/image.hpp:14:
In file included from /home/calvin/workspace/strata-integration-validation/source/sycl/include/dpct/memory.hpp:112:
/home/calvin/workspace/strata-integration-validation/source/sycl/include/dpct/detail/memory_detail.hpp:343:30: warning: unused parameter 'direction' [-Wunused-parameter]
  343 |             memcpy_direction direction,
      |                              ^
/home/calvin/workspace/strata-integration-validation/source/sycl/include/dpct/detail/memory_detail.hpp:901:29: warning: unused parameter 'cgh' [-Wunused-parameter]
  901 |   get_access(sycl::handler &cgh) {
      |                             ^
In file included from /home/calvin/workspace/strata-integration-validation/source/sycl/src/core/remote_experts.cpp:2:
In file included from /home/calvin/workspace/strata-integration-validation/source/sycl/include/dpct/dpct.hpp:53:
In file included from /home/calvin/workspace/strata-integration-validation/source/sycl/include/dpct/image.hpp:14:
/home/calvin/workspace/strata-integration-validation/source/sycl/include/dpct/memory.hpp:816:23: warning: comparison of integers of different signs: 'int' and 'unsigned int' [-Wsign-compare]
  816 |     for (int i = 0; i < numAttributes; i++) {
      |                     ~ ^ ~~~~~~~~~~~~~
In file included from /home/calvin/workspace/strata-integration-validation/source/sycl/src/core/remote_experts.cpp:2:
In file included from /home/calvin/workspace/strata-integration-validation/source/sycl/include/dpct/dpct.hpp:53:
In file included from /home/calvin/workspace/strata-integration-validation/source/sycl/include/dpct/image.hpp:15:
/home/calvin/workspace/strata-integration-validation/source/sycl/include/dpct/util.hpp:466:38: warning: unused parameter 'member_mask' [-Wunused-parameter]
  466 | T select_from_sub_group(unsigned int member_mask,
      |                                      ^
/home/calvin/workspace/strata-integration-validation/source/sycl/include/dpct/util.hpp:507:37: warning: unused parameter 'member_mask' [-Wunused-parameter]
  507 | T shift_sub_group_left(unsigned int member_mask,
      |                                     ^
/home/calvin/workspace/strata-integration-validation/source/sycl/include/dpct/util.hpp:551:38: warning: unused parameter 'member_mask' [-Wunused-parameter]
  551 | T shift_sub_group_right(unsigned int member_mask,
      |                                      ^
/home/calvin/workspace/strata-integration-validation/source/sycl/include/dpct/util.hpp:671:41: warning: unused parameter 'member_mask' [-Wunused-parameter]
  671 | T permute_sub_group_by_xor(unsigned int member_mask,
      |                                         ^
/home/calvin/workspace/strata-integration-validation/source/sycl/include/dpct/util.hpp:680:47: warning: comparison of integers of different signs: 'unsigned int' and 'int' [-Wsign-compare]
  680 |   unsigned logical_remote_id = (target_offset < logical_sub_group_size) ? start_index + target_offset : id;
      |                                 ~~~~~~~~~~~~~ ^ ~~~~~~~~~~~~~~~~~~~~~~
/home/calvin/workspace/strata-integration-validation/source/sycl/include/dpct/util.hpp:959:15: warning: comparison of integers of different signs: 'int' and 'size_t' (aka 'unsigned long') [-Wsign-compare]
  959 |   if (wg_size > max_wg_size) {
      |       ~~~~~~~ ^ ~~~~~~~~~~~
/home/calvin/workspace/strata-integration-validation/source/sycl/include/dpct/util.hpp:1021:35: warning: comparison of integers of different signs: 'int' and 'size_t' (aka 'unsigned long') [-Wsign-compare]
 1021 |       max_ws_size_for_device_code >= max_wg_size)
      |       ~~~~~~~~~~~~~~~~~~~~~~~~~~~ ^  ~~~~~~~~~~~
/home/calvin/workspace/strata-integration-validation/source/sycl/include/dpct/util.hpp:1291:17: warning: '&' within '|' [-Wbitwise-op-parentheses]
 1291 |     result = (a & b | c) ^ a;
      |               ~~^~~ ~
/home/calvin/workspace/strata-integration-validation/source/sycl/include/dpct/util.hpp:1291:17: note: place parentheses around the '&' expression to silence this warning
 1291 |     result = (a & b | c) ^ a;
      |                 ^
      |               (    )
/home/calvin/workspace/strata-integration-validation/source/sycl/include/dpct/util.hpp:1315:16: warning: '&' within '|' [-Wbitwise-op-parentheses]
 1315 |     result = a & (b | c) | (b & c);
      |              ~~^~~~~~~~~ ~
/home/calvin/workspace/strata-integration-validation/source/sycl/include/dpct/util.hpp:1315:16: note: place parentheses around the '&' expression to silence this warning
 1315 |     result = a & (b | c) | (b & c);
      |                ^
      |              (          )
/home/calvin/workspace/strata-integration-validation/source/sycl/include/dpct/util.hpp:1318:16: warning: '&' within '|' [-Wbitwise-op-parentheses]
 1318 |     result = a & b | c;
      |              ~~^~~ ~
/home/calvin/workspace/strata-integration-validation/source/sycl/include/dpct/util.hpp:1318:16: note: place parentheses around the '&' expression to silence this warning
 1318 |     result = a & b | c;
      |                ^
      |              (    )
In file included from /home/calvin/workspace/strata-integration-validation/source/sycl/src/core/remote_experts.cpp:2:
In file included from /home/calvin/workspace/strata-integration-validation/source/sycl/include/dpct/dpct.hpp:54:
/home/calvin/workspace/strata-integration-validation/source/sycl/include/dpct/kernel.hpp:50:57: warning: unused parameter 'function' [-Wunused-parameter]
   50 |                                             const void *function) {
      |                                                         ^
/home/calvin/workspace/strata-integration-validation/source/sycl/include/dpct/kernel.hpp:57:38: warning: unused parameter 'function' [-Wunused-parameter]
   57 | get_kernel_function_info(const void *function) {
      |                                      ^
In file included from /home/calvin/workspace/strata-integration-validation/source/sycl/src/core/remote_experts.cpp:2:
In file included from /home/calvin/workspace/strata-integration-validation/source/sycl/include/dpct/dpct.hpp:59:
/home/calvin/workspace/strata-integration-validation/source/sycl/include/dpct/bindless_images.hpp:629:35: warning: unused parameter 'q' [-Wunused-parameter]
  629 |   void unmap_resource(sycl::queue q) {
      |                                   ^
/home/calvin/workspace/strata-integration-validation/source/sycl/include/dpct/bindless_images.hpp:656:9: warning: field '_res_external_mem' will be initialized after field '_res_reg_flags' [-Wreorder-ctor]
  656 |       : _res_external_mem(external_mem), _res_reg_flags(reg_flags) {}
      |         ^~~~~~~~~~~~~~~~~~~~~~~~~~~~~~~  ~~~~~~~~~~~~~~~~~~~~~~~~~
      |         _res_reg_flags(reg_flags)        _res_external_mem(external_mem)
/home/calvin/workspace/strata-integration-validation/source/sycl/include/dpct/bindless_images.hpp:1163:24: warning: comparison of integers of different signs: 'size_t' (aka 'unsigned long') and 'int' [-Wsign-compare]
 1163 |   for (size_t i = 0; i < count; ++i) {
      |                      ~ ^ ~~~~~
/home/calvin/workspace/strata-integration-validation/source/sycl/include/dpct/bindless_images.hpp:1350:21: warning: comparison of integers of different signs: 'int' and 'unsigned int' [-Wsign-compare]
 1350 |   for (int i = 0; i < numExtSems; i++) {
      |                   ~ ^ ~~~~~~~~~~
/home/calvin/workspace/strata-integration-validation/source/sycl/include/dpct/bindless_images.hpp:1393:21: warning: comparison of integers of different signs: 'int' and 'unsigned int' [-Wsign-compare]
 1393 |   for (int i = 0; i < numExtSems; i++) {
      |                   ~ ^ ~~~~~~~~~~
/home/calvin/workspace/strata-integration-validation/source/sycl/include/dpct/bindless_images.hpp:1686:60: warning: unused parameter 'channel' [-Wunused-parameter]
 1686 |   void attach(image_mem_wrapper *mem, const image_channel &channel,
      |                                                            ^
In file included from /home/calvin/workspace/strata-integration-validation/source/sycl/src/core/remote_experts.cpp:3:
In file included from /home/calvin/workspace/strata-integration-validation/source/sycl/include/strata/core/remote_experts.hpp:6:
/home/calvin/workspace/strata-integration-validation/source/sycl/include/strata/core/expert_source.hpp:725:13: warning: 'reads' overrides a member function but is not marked 'override' [-Winconsistent-missing-override]
  725 |     int64_t reads() const { return reads_; }
      |             ^
/home/calvin/workspace/strata-integration-validation/source/sycl/include/strata/core/expert_source.hpp:140:21: note: overridden virtual function is here
  140 |     virtual int64_t reads() const { return 0; }
      |                     ^
In file included from /home/calvin/workspace/strata-integration-validation/source/sycl/src/core/remote_experts.cpp:2:
In file included from /home/calvin/workspace/strata-integration-validation/source/sycl/include/dpct/dpct.hpp:52:
/home/calvin/workspace/strata-integration-validation/source/sycl/include/dpct/device.hpp:93:13: warning: unused function 'destroy_event' [-Wunused-function]
   93 | static void destroy_event(event_ptr event) {
      |             ^~~~~~~~~~~~~
In file included from /home/calvin/workspace/strata-integration-validation/source/sycl/src/core/remote_experts.cpp:2:
In file included from /home/calvin/workspace/strata-integration-validation/source/sycl/include/dpct/dpct.hpp:53:
In file included from /home/calvin/workspace/strata-integration-validation/source/sycl/include/dpct/image.hpp:14:
/home/calvin/workspace/strata-integration-validation/source/sycl/include/dpct/memory.hpp:165:17: warning: 'static' function 'get_buffer' declared in header file should be declared 'static inline' [-Wunneeded-internal-declaration]
  165 | static buffer_t get_buffer(const void *ptr) {
      |                 ^~~~~~~~~~
/home/calvin/workspace/strata-integration-validation/source/sycl/include/dpct/memory.hpp:141:36: warning: 'static' function 'get_buffer_and_offset' declared in header file should be declared 'static inline' [-Wunneeded-internal-declaration]
  141 | static std::pair<buffer_t, size_t> get_buffer_and_offset(const void *ptr) {
      |                                    ^~~~~~~~~~~~~~~~~~~~~
/home/calvin/workspace/strata-integration-validation/source/sycl/include/dpct/memory.hpp:304:13: warning: unused function 'dpct_memcpy' [-Wunused-function]
  304 | static void dpct_memcpy(void *to_ptr, const void *from_ptr, size_t size,
      |             ^~~~~~~~~~~
/home/calvin/workspace/strata-integration-validation/source/sycl/include/dpct/memory.hpp:322:13: warning: unused function 'dpct_memcpy' [-Wunused-function]
  322 | static void dpct_memcpy(void *to_ptr, int to_dev_id, const void *from_ptr,
      |             ^~~~~~~~~~~
/home/calvin/workspace/strata-integration-validation/source/sycl/include/dpct/memory.hpp:340:13: warning: unused function 'async_dpct_memcpy' [-Wunused-function]
  340 | static void async_dpct_memcpy(void *to_ptr, const void *from_ptr, size_t size,
      |             ^~~~~~~~~~~~~~~~~
/home/calvin/workspace/strata-integration-validation/source/sycl/include/dpct/memory.hpp:358:13: warning: unused function 'async_dpct_memcpy' [-Wunused-function]
  358 | static void async_dpct_memcpy(void *to_ptr, int to_dev_id, const void *from_ptr,
      |             ^~~~~~~~~~~~~~~~~
/home/calvin/workspace/strata-integration-validation/source/sycl/include/dpct/memory.hpp:494:13: warning: unused function 'dpct_memset' [-Wunused-function]
  494 | static void dpct_memset(void *dev_ptr, int value, size_t size,
      |             ^~~~~~~~~~~
/home/calvin/workspace/strata-integration-validation/source/sycl/include/dpct/memory.hpp:507:13: warning: unused function 'dpct_memset_d16' [-Wunused-function]
  507 | static void dpct_memset_d16(void *dev_ptr, unsigned short value, size_t size,
      |             ^~~~~~~~~~~~~~~
/home/calvin/workspace/strata-integration-validation/source/sycl/include/dpct/memory.hpp:519:13: warning: unused function 'dpct_memset_d32' [-Wunused-function]
  519 | static void dpct_memset_d32(void *dev_ptr, unsigned int value, size_t size,
      |             ^~~~~~~~~~~~~~~
/home/calvin/workspace/strata-integration-validation/source/sycl/include/dpct/memory.hpp:532:13: warning: unused function 'async_dpct_memset' [-Wunused-function]
  532 | static void async_dpct_memset(void *dev_ptr, int value, size_t size,
      |             ^~~~~~~~~~~~~~~~~
/home/calvin/workspace/strata-integration-validation/source/sycl/include/dpct/memory.hpp:544:13: warning: unused function 'async_dpct_memset_d16' [-Wunused-function]
  544 | static void async_dpct_memset_d16(void *dev_ptr, unsigned short value, size_t size,
      |             ^~~~~~~~~~~~~~~~~~~~~
/home/calvin/workspace/strata-integration-validation/source/sycl/include/dpct/memory.hpp:556:13: warning: unused function 'async_dpct_memset_d32' [-Wunused-function]
  556 | static void async_dpct_memset_d32(void *dev_ptr, unsigned int value, size_t size,
      |             ^~~~~~~~~~~~~~~~~~~~~
In file included from /home/calvin/workspace/strata-integration-validation/source/sycl/src/core/remote_experts.cpp:2:
In file included from /home/calvin/workspace/strata-integration-validation/source/sycl/include/dpct/dpct.hpp:60:
/home/calvin/workspace/strata-integration-validation/source/sycl/include/dpct/graph.hpp:136:1: warning: unused function 'add_empty_node' [-Wunused-function]
  136 | add_empty_node(dpct::experimental::node_ptr *newNode,
      | ^~~~~~~~~~~~~~
/home/calvin/workspace/strata-integration-validation/source/sycl/include/dpct/graph.hpp:162:13: warning: unused function 'add_dependencies' [-Wunused-function]
  162 | static void add_dependencies(dpct::experimental::command_graph_ptr graph,
      |             ^~~~~~~~~~~~~~~~
/home/calvin/workspace/strata-integration-validation/source/sycl/include/dpct/graph.hpp:176:13: warning: unused function 'get_nodes' [-Wunused-function]
  176 | static void get_nodes(dpct::experimental::command_graph_ptr graph,
      |             ^~~~~~~~~
/home/calvin/workspace/strata-integration-validation/source/sycl/include/dpct/graph.hpp:187:13: warning: unused function 'get_root_nodes' [-Wunused-function]
  187 | static void get_root_nodes(dpct::experimental::command_graph_ptr graph,
      |             ^~~~~~~~~~~~~~
39 warnings generated.
In file included from /home/calvin/workspace/strata-integration-validation/source/sycl/src/core/remote_experts.cpp:2:
In file included from /home/calvin/workspace/strata-integration-validation/source/sycl/include/dpct/dpct.hpp:53:
In file included from /home/calvin/workspace/strata-integration-validation/source/sycl/include/dpct/image.hpp:14:
In file included from /home/calvin/workspace/strata-integration-validation/source/sycl/include/dpct/memory.hpp:112:
/home/calvin/workspace/strata-integration-validation/source/sycl/include/dpct/detail/memory_detail.hpp:343:30: warning: unused parameter 'direction' [-Wunused-parameter]
  343 |             memcpy_direction direction,
      |                              ^
/home/calvin/workspace/strata-integration-validation/source/sycl/include/dpct/detail/memory_detail.hpp:901:29: warning: unused parameter 'cgh' [-Wunused-parameter]
  901 |   get_access(sycl::handler &cgh) {
      |                             ^
In file included from /home/calvin/workspace/strata-integration-validation/source/sycl/src/core/remote_experts.cpp:2:
In file included from /home/calvin/workspace/strata-integration-validation/source/sycl/include/dpct/dpct.hpp:53:
In file included from /home/calvin/workspace/strata-integration-validation/source/sycl/include/dpct/image.hpp:14:
/home/calvin/workspace/strata-integration-validation/source/sycl/include/dpct/memory.hpp:816:23: warning: comparison of integers of different signs: 'int' and 'unsigned int' [-Wsign-compare]
  816 |     for (int i = 0; i < numAttributes; i++) {
      |                     ~ ^ ~~~~~~~~~~~~~
In file included from /home/calvin/workspace/strata-integration-validation/source/sycl/src/core/remote_experts.cpp:2:
In file included from /home/calvin/workspace/strata-integration-validation/source/sycl/include/dpct/dpct.hpp:53:
In file included from /home/calvin/workspace/strata-integration-validation/source/sycl/include/dpct/image.hpp:15:
/home/calvin/workspace/strata-integration-validation/source/sycl/include/dpct/util.hpp:959:15: warning: comparison of integers of different signs: 'int' and 'size_t' (aka 'unsigned long') [-Wsign-compare]
  959 |   if (wg_size > max_wg_size) {
      |       ~~~~~~~ ^ ~~~~~~~~~~~
/home/calvin/workspace/strata-integration-validation/source/sycl/include/dpct/util.hpp:1021:35: warning: comparison of integers of different signs: 'int' and 'size_t' (aka 'unsigned long') [-Wsign-compare]
 1021 |       max_ws_size_for_device_code >= max_wg_size)
      |       ~~~~~~~~~~~~~~~~~~~~~~~~~~~ ^  ~~~~~~~~~~~
/home/calvin/workspace/strata-integration-validation/source/sycl/include/dpct/util.hpp:1291:17: warning: '&' within '|' [-Wbitwise-op-parentheses]
 1291 |     result = (a & b | c) ^ a;
      |               ~~^~~ ~
/home/calvin/workspace/strata-integration-validation/source/sycl/include/dpct/util.hpp:1291:17: note: place parentheses around the '&' expression to silence this warning
 1291 |     result = (a & b | c) ^ a;
      |                 ^
      |               (    )
/home/calvin/workspace/strata-integration-validation/source/sycl/include/dpct/util.hpp:1315:16: warning: '&' within '|' [-Wbitwise-op-parentheses]
 1315 |     result = a & (b | c) | (b & c);
      |              ~~^~~~~~~~~ ~
/home/calvin/workspace/strata-integration-validation/source/sycl/include/dpct/util.hpp:1315:16: note: place parentheses around the '&' expression to silence this warning
 1315 |     result = a & (b | c) | (b & c);
      |                ^
      |              (          )
/home/calvin/workspace/strata-integration-validation/source/sycl/include/dpct/util.hpp:1318:16: warning: '&' within '|' [-Wbitwise-op-parentheses]
 1318 |     result = a & b | c;
      |              ~~^~~ ~
/home/calvin/workspace/strata-integration-validation/source/sycl/include/dpct/util.hpp:1318:16: note: place parentheses around the '&' expression to silence this warning
 1318 |     result = a & b | c;
      |                ^
      |              (    )
In file included from /home/calvin/workspace/strata-integration-validation/source/sycl/src/core/remote_experts.cpp:2:
In file included from /home/calvin/workspace/strata-integration-validation/source/sycl/include/dpct/dpct.hpp:54:
/home/calvin/workspace/strata-integration-validation/source/sycl/include/dpct/kernel.hpp:50:57: warning: unused parameter 'function' [-Wunused-parameter]
   50 |                                             const void *function) {
      |                                                         ^
/home/calvin/workspace/strata-integration-validation/source/sycl/include/dpct/kernel.hpp:57:38: warning: unused parameter 'function' [-Wunused-parameter]
   57 | get_kernel_function_info(const void *function) {
      |                                      ^
In file included from /home/calvin/workspace/strata-integration-validation/source/sycl/src/core/remote_experts.cpp:2:
In file included from /home/calvin/workspace/strata-integration-validation/source/sycl/include/dpct/dpct.hpp:59:
/home/calvin/workspace/strata-integration-validation/source/sycl/include/dpct/bindless_images.hpp:629:35: warning: unused parameter 'q' [-Wunused-parameter]
  629 |   void unmap_resource(sycl::queue q) {
      |                                   ^
/home/calvin/workspace/strata-integration-validation/source/sycl/include/dpct/bindless_images.hpp:656:9: warning: field '_res_external_mem' will be initialized after field '_res_reg_flags' [-Wreorder-ctor]
  656 |       : _res_external_mem(external_mem), _res_reg_flags(reg_flags) {}
      |         ^~~~~~~~~~~~~~~~~~~~~~~~~~~~~~~  ~~~~~~~~~~~~~~~~~~~~~~~~~
      |         _res_reg_flags(reg_flags)        _res_external_mem(external_mem)
/home/calvin/workspace/strata-integration-validation/source/sycl/include/dpct/bindless_images.hpp:1163:24: warning: comparison of integers of different signs: 'size_t' (aka 'unsigned long') and 'int' [-Wsign-compare]
 1163 |   for (size_t i = 0; i < count; ++i) {
      |                      ~ ^ ~~~~~
/home/calvin/workspace/strata-integration-validation/source/sycl/include/dpct/bindless_images.hpp:1350:21: warning: comparison of integers of different signs: 'int' and 'unsigned int' [-Wsign-compare]
 1350 |   for (int i = 0; i < numExtSems; i++) {
      |                   ~ ^ ~~~~~~~~~~
/home/calvin/workspace/strata-integration-validation/source/sycl/include/dpct/bindless_images.hpp:1393:21: warning: comparison of integers of different signs: 'int' and 'unsigned int' [-Wsign-compare]
 1393 |   for (int i = 0; i < numExtSems; i++) {
      |                   ~ ^ ~~~~~~~~~~
/home/calvin/workspace/strata-integration-validation/source/sycl/include/dpct/bindless_images.hpp:1686:60: warning: unused parameter 'channel' [-Wunused-parameter]
 1686 |   void attach(image_mem_wrapper *mem, const image_channel &channel,
      |                                                            ^
In file included from /home/calvin/workspace/strata-integration-validation/source/sycl/src/core/remote_experts.cpp:3:
In file included from /home/calvin/workspace/strata-integration-validation/source/sycl/include/strata/core/remote_experts.hpp:6:
/home/calvin/workspace/strata-integration-validation/source/sycl/include/strata/core/expert_source.hpp:725:13: warning: 'reads' overrides a member function but is not marked 'override' [-Winconsistent-missing-override]
  725 |     int64_t reads() const { return reads_; }
      |             ^
/home/calvin/workspace/strata-integration-validation/source/sycl/include/strata/core/expert_source.hpp:140:21: note: overridden virtual function is here
  140 |     virtual int64_t reads() const { return 0; }
      |                     ^
In file included from /home/calvin/workspace/strata-integration-validation/source/sycl/src/core/remote_experts.cpp:2:
In file included from /home/calvin/workspace/strata-integration-validation/source/sycl/include/dpct/dpct.hpp:52:
/home/calvin/workspace/strata-integration-validation/source/sycl/include/dpct/device.hpp:93:13: warning: unused function 'destroy_event' [-Wunused-function]
   93 | static void destroy_event(event_ptr event) {
      |             ^~~~~~~~~~~~~
In file included from /home/calvin/workspace/strata-integration-validation/source/sycl/src/core/remote_experts.cpp:2:
In file included from /home/calvin/workspace/strata-integration-validation/source/sycl/include/dpct/dpct.hpp:53:
In file included from /home/calvin/workspace/strata-integration-validation/source/sycl/include/dpct/image.hpp:14:
/home/calvin/workspace/strata-integration-validation/source/sycl/include/dpct/memory.hpp:165:17: warning: 'static' function 'get_buffer' declared in header file should be declared 'static inline' [-Wunneeded-internal-declaration]
  165 | static buffer_t get_buffer(const void *ptr) {
      |                 ^~~~~~~~~~
/home/calvin/workspace/strata-integration-validation/source/sycl/include/dpct/memory.hpp:141:36: warning: 'static' function 'get_buffer_and_offset' declared in header file should be declared 'static inline' [-Wunneeded-internal-declaration]
  141 | static std::pair<buffer_t, size_t> get_buffer_and_offset(const void *ptr) {
      |                                    ^~~~~~~~~~~~~~~~~~~~~
/home/calvin/workspace/strata-integration-validation/source/sycl/include/dpct/memory.hpp:304:13: warning: unused function 'dpct_memcpy' [-Wunused-function]
  304 | static void dpct_memcpy(void *to_ptr, const void *from_ptr, size_t size,
      |             ^~~~~~~~~~~
/home/calvin/workspace/strata-integration-validation/source/sycl/include/dpct/memory.hpp:322:13: warning: unused function 'dpct_memcpy' [-Wunused-function]
  322 | static void dpct_memcpy(void *to_ptr, int to_dev_id, const void *from_ptr,
      |             ^~~~~~~~~~~
/home/calvin/workspace/strata-integration-validation/source/sycl/include/dpct/memory.hpp:340:13: warning: unused function 'async_dpct_memcpy' [-Wunused-function]
  340 | static void async_dpct_memcpy(void *to_ptr, const void *from_ptr, size_t size,
      |             ^~~~~~~~~~~~~~~~~
/home/calvin/workspace/strata-integration-validation/source/sycl/include/dpct/memory.hpp:358:13: warning: unused function 'async_dpct_memcpy' [-Wunused-function]
  358 | static void async_dpct_memcpy(void *to_ptr, int to_dev_id, const void *from_ptr,
      |             ^~~~~~~~~~~~~~~~~
/home/calvin/workspace/strata-integration-validation/source/sycl/include/dpct/memory.hpp:494:13: warning: unused function 'dpct_memset' [-Wunused-function]
  494 | static void dpct_memset(void *dev_ptr, int value, size_t size,
      |             ^~~~~~~~~~~
/home/calvin/workspace/strata-integration-validation/source/sycl/include/dpct/memory.hpp:507:13: warning: unused function 'dpct_memset_d16' [-Wunused-function]
  507 | static void dpct_memset_d16(void *dev_ptr, unsigned short value, size_t size,
      |             ^~~~~~~~~~~~~~~
/home/calvin/workspace/strata-integration-validation/source/sycl/include/dpct/memory.hpp:519:13: warning: unused function 'dpct_memset_d32' [-Wunused-function]
  519 | static void dpct_memset_d32(void *dev_ptr, unsigned int value, size_t size,
      |             ^~~~~~~~~~~~~~~
/home/calvin/workspace/strata-integration-validation/source/sycl/include/dpct/memory.hpp:532:13: warning: unused function 'async_dpct_memset' [-Wunused-function]
  532 | static void async_dpct_memset(void *dev_ptr, int value, size_t size,
      |             ^~~~~~~~~~~~~~~~~
/home/calvin/workspace/strata-integration-validation/source/sycl/include/dpct/memory.hpp:544:13: warning: unused function 'async_dpct_memset_d16' [-Wunused-function]
  544 | static void async_dpct_memset_d16(void *dev_ptr, unsigned short value, size_t size,
      |             ^~~~~~~~~~~~~~~~~~~~~
/home/calvin/workspace/strata-integration-validation/source/sycl/include/dpct/memory.hpp:556:13: warning: unused function 'async_dpct_memset_d32' [-Wunused-function]
  556 | static void async_dpct_memset_d32(void *dev_ptr, unsigned int value, size_t size,
      |             ^~~~~~~~~~~~~~~~~~~~~
In file included from /home/calvin/workspace/strata-integration-validation/source/sycl/src/core/remote_experts.cpp:2:
In file included from /home/calvin/workspace/strata-integration-validation/source/sycl/include/dpct/dpct.hpp:60:
/home/calvin/workspace/strata-integration-validation/source/sycl/include/dpct/graph.hpp:136:1: warning: unused function 'add_empty_node' [-Wunused-function]
  136 | add_empty_node(dpct::experimental::node_ptr *newNode,
      | ^~~~~~~~~~~~~~
/home/calvin/workspace/strata-integration-validation/source/sycl/include/dpct/graph.hpp:162:13: warning: unused function 'add_dependencies' [-Wunused-function]
  162 | static void add_dependencies(dpct::experimental::command_graph_ptr graph,
      |             ^~~~~~~~~~~~~~~~
/home/calvin/workspace/strata-integration-validation/source/sycl/include/dpct/graph.hpp:176:13: warning: unused function 'get_nodes' [-Wunused-function]
  176 | static void get_nodes(dpct::experimental::command_graph_ptr graph,
      |             ^~~~~~~~~
/home/calvin/workspace/strata-integration-validation/source/sycl/include/dpct/graph.hpp:187:13: warning: unused function 'get_root_nodes' [-Wunused-function]
  187 | static void get_root_nodes(dpct::experimental::command_graph_ptr graph,
      |             ^~~~~~~~~~~~~~
34 warnings generated.
[3/12] Building CXX object CMakeFiles/strata_engine.dir/src/core/expert_cache.cpp.o
In file included from /home/calvin/workspace/strata-integration-validation/source/sycl/src/core/expert_cache.cpp:6:
In file included from /home/calvin/workspace/strata-integration-validation/source/sycl/include/dpct/dpct.hpp:53:
In file included from /home/calvin/workspace/strata-integration-validation/source/sycl/include/dpct/image.hpp:14:
In file included from /home/calvin/workspace/strata-integration-validation/source/sycl/include/dpct/memory.hpp:112:
/home/calvin/workspace/strata-integration-validation/source/sycl/include/dpct/detail/memory_detail.hpp:343:30: warning: unused parameter 'direction' [-Wunused-parameter]
  343 |             memcpy_direction direction,
      |                              ^
/home/calvin/workspace/strata-integration-validation/source/sycl/include/dpct/detail/memory_detail.hpp:901:29: warning: unused parameter 'cgh' [-Wunused-parameter]
  901 |   get_access(sycl::handler &cgh) {
      |                             ^
In file included from /home/calvin/workspace/strata-integration-validation/source/sycl/src/core/expert_cache.cpp:6:
In file included from /home/calvin/workspace/strata-integration-validation/source/sycl/include/dpct/dpct.hpp:53:
In file included from /home/calvin/workspace/strata-integration-validation/source/sycl/include/dpct/image.hpp:14:
/home/calvin/workspace/strata-integration-validation/source/sycl/include/dpct/memory.hpp:816:23: warning: comparison of integers of different signs: 'int' and 'unsigned int' [-Wsign-compare]
  816 |     for (int i = 0; i < numAttributes; i++) {
      |                     ~ ^ ~~~~~~~~~~~~~
In file included from /home/calvin/workspace/strata-integration-validation/source/sycl/src/core/expert_cache.cpp:6:
In file included from /home/calvin/workspace/strata-integration-validation/source/sycl/include/dpct/dpct.hpp:53:
In file included from /home/calvin/workspace/strata-integration-validation/source/sycl/include/dpct/image.hpp:15:
/home/calvin/workspace/strata-integration-validation/source/sycl/include/dpct/util.hpp:466:38: warning: unused parameter 'member_mask' [-Wunused-parameter]
  466 | T select_from_sub_group(unsigned int member_mask,
      |                                      ^
/home/calvin/workspace/strata-integration-validation/source/sycl/include/dpct/util.hpp:507:37: warning: unused parameter 'member_mask' [-Wunused-parameter]
  507 | T shift_sub_group_left(unsigned int member_mask,
      |                                     ^
/home/calvin/workspace/strata-integration-validation/source/sycl/include/dpct/util.hpp:551:38: warning: unused parameter 'member_mask' [-Wunused-parameter]
  551 | T shift_sub_group_right(unsigned int member_mask,
      |                                      ^
/home/calvin/workspace/strata-integration-validation/source/sycl/include/dpct/util.hpp:671:41: warning: unused parameter 'member_mask' [-Wunused-parameter]
  671 | T permute_sub_group_by_xor(unsigned int member_mask,
      |                                         ^
/home/calvin/workspace/strata-integration-validation/source/sycl/include/dpct/util.hpp:680:47: warning: comparison of integers of different signs: 'unsigned int' and 'int' [-Wsign-compare]
  680 |   unsigned logical_remote_id = (target_offset < logical_sub_group_size) ? start_index + target_offset : id;
      |                                 ~~~~~~~~~~~~~ ^ ~~~~~~~~~~~~~~~~~~~~~~
/home/calvin/workspace/strata-integration-validation/source/sycl/include/dpct/util.hpp:959:15: warning: comparison of integers of different signs: 'int' and 'size_t' (aka 'unsigned long') [-Wsign-compare]
  959 |   if (wg_size > max_wg_size) {
      |       ~~~~~~~ ^ ~~~~~~~~~~~
/home/calvin/workspace/strata-integration-validation/source/sycl/include/dpct/util.hpp:1021:35: warning: comparison of integers of different signs: 'int' and 'size_t' (aka 'unsigned long') [-Wsign-compare]
 1021 |       max_ws_size_for_device_code >= max_wg_size)
      |       ~~~~~~~~~~~~~~~~~~~~~~~~~~~ ^  ~~~~~~~~~~~
/home/calvin/workspace/strata-integration-validation/source/sycl/include/dpct/util.hpp:1291:17: warning: '&' within '|' [-Wbitwise-op-parentheses]
 1291 |     result = (a & b | c) ^ a;
      |               ~~^~~ ~
/home/calvin/workspace/strata-integration-validation/source/sycl/include/dpct/util.hpp:1291:17: note: place parentheses around the '&' expression to silence this warning
 1291 |     result = (a & b | c) ^ a;
      |                 ^
      |               (    )
/home/calvin/workspace/strata-integration-validation/source/sycl/include/dpct/util.hpp:1315:16: warning: '&' within '|' [-Wbitwise-op-parentheses]
 1315 |     result = a & (b | c) | (b & c);
      |              ~~^~~~~~~~~ ~
/home/calvin/workspace/strata-integration-validation/source/sycl/include/dpct/util.hpp:1315:16: note: place parentheses around the '&' expression to silence this warning
 1315 |     result = a & (b | c) | (b & c);
      |                ^
      |              (          )
/home/calvin/workspace/strata-integration-validation/source/sycl/include/dpct/util.hpp:1318:16: warning: '&' within '|' [-Wbitwise-op-parentheses]
 1318 |     result = a & b | c;
      |              ~~^~~ ~
/home/calvin/workspace/strata-integration-validation/source/sycl/include/dpct/util.hpp:1318:16: note: place parentheses around the '&' expression to silence this warning
 1318 |     result = a & b | c;
      |                ^
      |              (    )
In file included from /home/calvin/workspace/strata-integration-validation/source/sycl/src/core/expert_cache.cpp:6:
In file included from /home/calvin/workspace/strata-integration-validation/source/sycl/include/dpct/dpct.hpp:54:
/home/calvin/workspace/strata-integration-validation/source/sycl/include/dpct/kernel.hpp:50:57: warning: unused parameter 'function' [-Wunused-parameter]
   50 |                                             const void *function) {
      |                                                         ^
/home/calvin/workspace/strata-integration-validation/source/sycl/include/dpct/kernel.hpp:57:38: warning: unused parameter 'function' [-Wunused-parameter]
   57 | get_kernel_function_info(const void *function) {
      |                                      ^
In file included from /home/calvin/workspace/strata-integration-validation/source/sycl/src/core/expert_cache.cpp:6:
In file included from /home/calvin/workspace/strata-integration-validation/source/sycl/include/dpct/dpct.hpp:59:
/home/calvin/workspace/strata-integration-validation/source/sycl/include/dpct/bindless_images.hpp:629:35: warning: unused parameter 'q' [-Wunused-parameter]
  629 |   void unmap_resource(sycl::queue q) {
      |                                   ^
/home/calvin/workspace/strata-integration-validation/source/sycl/include/dpct/bindless_images.hpp:656:9: warning: field '_res_external_mem' will be initialized after field '_res_reg_flags' [-Wreorder-ctor]
  656 |       : _res_external_mem(external_mem), _res_reg_flags(reg_flags) {}
      |         ^~~~~~~~~~~~~~~~~~~~~~~~~~~~~~~  ~~~~~~~~~~~~~~~~~~~~~~~~~
      |         _res_reg_flags(reg_flags)        _res_external_mem(external_mem)
/home/calvin/workspace/strata-integration-validation/source/sycl/include/dpct/bindless_images.hpp:1163:24: warning: comparison of integers of different signs: 'size_t' (aka 'unsigned long') and 'int' [-Wsign-compare]
 1163 |   for (size_t i = 0; i < count; ++i) {
      |                      ~ ^ ~~~~~
/home/calvin/workspace/strata-integration-validation/source/sycl/include/dpct/bindless_images.hpp:1350:21: warning: comparison of integers of different signs: 'int' and 'unsigned int' [-Wsign-compare]
 1350 |   for (int i = 0; i < numExtSems; i++) {
      |                   ~ ^ ~~~~~~~~~~
/home/calvin/workspace/strata-integration-validation/source/sycl/include/dpct/bindless_images.hpp:1393:21: warning: comparison of integers of different signs: 'int' and 'unsigned int' [-Wsign-compare]
 1393 |   for (int i = 0; i < numExtSems; i++) {
      |                   ~ ^ ~~~~~~~~~~
/home/calvin/workspace/strata-integration-validation/source/sycl/include/dpct/bindless_images.hpp:1686:60: warning: unused parameter 'channel' [-Wunused-parameter]
 1686 |   void attach(image_mem_wrapper *mem, const image_channel &channel,
      |                                                            ^
In file included from /home/calvin/workspace/strata-integration-validation/source/sycl/src/core/expert_cache.cpp:6:
In file included from /home/calvin/workspace/strata-integration-validation/source/sycl/include/dpct/dpct.hpp:52:
/home/calvin/workspace/strata-integration-validation/source/sycl/include/dpct/device.hpp:93:13: warning: unused function 'destroy_event' [-Wunused-function]
   93 | static void destroy_event(event_ptr event) {
      |             ^~~~~~~~~~~~~
In file included from /home/calvin/workspace/strata-integration-validation/source/sycl/src/core/expert_cache.cpp:6:
In file included from /home/calvin/workspace/strata-integration-validation/source/sycl/include/dpct/dpct.hpp:53:
In file included from /home/calvin/workspace/strata-integration-validation/source/sycl/include/dpct/image.hpp:14:
/home/calvin/workspace/strata-integration-validation/source/sycl/include/dpct/memory.hpp:165:17: warning: 'static' function 'get_buffer' declared in header file should be declared 'static inline' [-Wunneeded-internal-declaration]
  165 | static buffer_t get_buffer(const void *ptr) {
      |                 ^~~~~~~~~~
/home/calvin/workspace/strata-integration-validation/source/sycl/include/dpct/memory.hpp:141:36: warning: 'static' function 'get_buffer_and_offset' declared in header file should be declared 'static inline' [-Wunneeded-internal-declaration]
  141 | static std::pair<buffer_t, size_t> get_buffer_and_offset(const void *ptr) {
      |                                    ^~~~~~~~~~~~~~~~~~~~~
/home/calvin/workspace/strata-integration-validation/source/sycl/include/dpct/memory.hpp:304:13: warning: unused function 'dpct_memcpy' [-Wunused-function]
  304 | static void dpct_memcpy(void *to_ptr, const void *from_ptr, size_t size,
      |             ^~~~~~~~~~~
/home/calvin/workspace/strata-integration-validation/source/sycl/include/dpct/memory.hpp:322:13: warning: unused function 'dpct_memcpy' [-Wunused-function]
  322 | static void dpct_memcpy(void *to_ptr, int to_dev_id, const void *from_ptr,
      |             ^~~~~~~~~~~
/home/calvin/workspace/strata-integration-validation/source/sycl/include/dpct/memory.hpp:340:13: warning: unused function 'async_dpct_memcpy' [-Wunused-function]
  340 | static void async_dpct_memcpy(void *to_ptr, const void *from_ptr, size_t size,
      |             ^~~~~~~~~~~~~~~~~
/home/calvin/workspace/strata-integration-validation/source/sycl/include/dpct/memory.hpp:358:13: warning: unused function 'async_dpct_memcpy' [-Wunused-function]
  358 | static void async_dpct_memcpy(void *to_ptr, int to_dev_id, const void *from_ptr,
      |             ^~~~~~~~~~~~~~~~~
/home/calvin/workspace/strata-integration-validation/source/sycl/include/dpct/memory.hpp:494:13: warning: unused function 'dpct_memset' [-Wunused-function]
  494 | static void dpct_memset(void *dev_ptr, int value, size_t size,
      |             ^~~~~~~~~~~
/home/calvin/workspace/strata-integration-validation/source/sycl/include/dpct/memory.hpp:507:13: warning: unused function 'dpct_memset_d16' [-Wunused-function]
  507 | static void dpct_memset_d16(void *dev_ptr, unsigned short value, size_t size,
      |             ^~~~~~~~~~~~~~~
/home/calvin/workspace/strata-integration-validation/source/sycl/include/dpct/memory.hpp:519:13: warning: unused function 'dpct_memset_d32' [-Wunused-function]
  519 | static void dpct_memset_d32(void *dev_ptr, unsigned int value, size_t size,
      |             ^~~~~~~~~~~~~~~
/home/calvin/workspace/strata-integration-validation/source/sycl/include/dpct/memory.hpp:532:13: warning: unused function 'async_dpct_memset' [-Wunused-function]
  532 | static void async_dpct_memset(void *dev_ptr, int value, size_t size,
      |             ^~~~~~~~~~~~~~~~~
/home/calvin/workspace/strata-integration-validation/source/sycl/include/dpct/memory.hpp:544:13: warning: unused function 'async_dpct_memset_d16' [-Wunused-function]
  544 | static void async_dpct_memset_d16(void *dev_ptr, unsigned short value, size_t size,
      |             ^~~~~~~~~~~~~~~~~~~~~
/home/calvin/workspace/strata-integration-validation/source/sycl/include/dpct/memory.hpp:556:13: warning: unused function 'async_dpct_memset_d32' [-Wunused-function]
  556 | static void async_dpct_memset_d32(void *dev_ptr, unsigned int value, size_t size,
      |             ^~~~~~~~~~~~~~~~~~~~~
In file included from /home/calvin/workspace/strata-integration-validation/source/sycl/src/core/expert_cache.cpp:6:
In file included from /home/calvin/workspace/strata-integration-validation/source/sycl/include/dpct/dpct.hpp:60:
/home/calvin/workspace/strata-integration-validation/source/sycl/include/dpct/graph.hpp:136:1: warning: unused function 'add_empty_node' [-Wunused-function]
  136 | add_empty_node(dpct::experimental::node_ptr *newNode,
      | ^~~~~~~~~~~~~~
/home/calvin/workspace/strata-integration-validation/source/sycl/include/dpct/graph.hpp:162:13: warning: unused function 'add_dependencies' [-Wunused-function]
  162 | static void add_dependencies(dpct::experimental::command_graph_ptr graph,
      |             ^~~~~~~~~~~~~~~~
/home/calvin/workspace/strata-integration-validation/source/sycl/include/dpct/graph.hpp:176:13: warning: unused function 'get_nodes' [-Wunused-function]
  176 | static void get_nodes(dpct::experimental::command_graph_ptr graph,
      |             ^~~~~~~~~
/home/calvin/workspace/strata-integration-validation/source/sycl/include/dpct/graph.hpp:187:13: warning: unused function 'get_root_nodes' [-Wunused-function]
  187 | static void get_root_nodes(dpct::experimental::command_graph_ptr graph,
      |             ^~~~~~~~~~~~~~
In file included from /home/calvin/workspace/strata-integration-validation/source/sycl/src/core/expert_cache.cpp:8:
/home/calvin/workspace/strata-integration-validation/source/sycl/../include/strata/core/expert_cache.hpp:222:14: warning: private field 'trace_allocation_bytes_' is not used [-Wunused-private-field]
  222 |     uint64_t trace_allocation_bytes_ = 0;  ///< ordinary single-block backing observed by integration tracing
      |              ^
/home/calvin/workspace/strata-integration-validation/source/sycl/../include/strata/core/expert_cache.hpp:223:9: warning: private field 'trace_device_' is not used [-Wunused-private-field]
  223 |     int trace_device_ = -1;
      |         ^
40 warnings generated.
In file included from /home/calvin/workspace/strata-integration-validation/source/sycl/src/core/expert_cache.cpp:6:
In file included from /home/calvin/workspace/strata-integration-validation/source/sycl/include/dpct/dpct.hpp:53:
In file included from /home/calvin/workspace/strata-integration-validation/source/sycl/include/dpct/image.hpp:14:
In file included from /home/calvin/workspace/strata-integration-validation/source/sycl/include/dpct/memory.hpp:112:
/home/calvin/workspace/strata-integration-validation/source/sycl/include/dpct/detail/memory_detail.hpp:343:30: warning: unused parameter 'direction' [-Wunused-parameter]
  343 |             memcpy_direction direction,
      |                              ^
/home/calvin/workspace/strata-integration-validation/source/sycl/include/dpct/detail/memory_detail.hpp:901:29: warning: unused parameter 'cgh' [-Wunused-parameter]
  901 |   get_access(sycl::handler &cgh) {
      |                             ^
In file included from /home/calvin/workspace/strata-integration-validation/source/sycl/src/core/expert_cache.cpp:6:
In file included from /home/calvin/workspace/strata-integration-validation/source/sycl/include/dpct/dpct.hpp:53:
In file included from /home/calvin/workspace/strata-integration-validation/source/sycl/include/dpct/image.hpp:14:
/home/calvin/workspace/strata-integration-validation/source/sycl/include/dpct/memory.hpp:816:23: warning: comparison of integers of different signs: 'int' and 'unsigned int' [-Wsign-compare]
  816 |     for (int i = 0; i < numAttributes; i++) {
      |                     ~ ^ ~~~~~~~~~~~~~
In file included from /home/calvin/workspace/strata-integration-validation/source/sycl/src/core/expert_cache.cpp:6:
In file included from /home/calvin/workspace/strata-integration-validation/source/sycl/include/dpct/dpct.hpp:53:
In file included from /home/calvin/workspace/strata-integration-validation/source/sycl/include/dpct/image.hpp:15:
/home/calvin/workspace/strata-integration-validation/source/sycl/include/dpct/util.hpp:959:15: warning: comparison of integers of different signs: 'int' and 'size_t' (aka 'unsigned long') [-Wsign-compare]
  959 |   if (wg_size > max_wg_size) {
      |       ~~~~~~~ ^ ~~~~~~~~~~~
/home/calvin/workspace/strata-integration-validation/source/sycl/include/dpct/util.hpp:1021:35: warning: comparison of integers of different signs: 'int' and 'size_t' (aka 'unsigned long') [-Wsign-compare]
 1021 |       max_ws_size_for_device_code >= max_wg_size)
      |       ~~~~~~~~~~~~~~~~~~~~~~~~~~~ ^  ~~~~~~~~~~~
/home/calvin/workspace/strata-integration-validation/source/sycl/include/dpct/util.hpp:1291:17: warning: '&' within '|' [-Wbitwise-op-parentheses]
 1291 |     result = (a & b | c) ^ a;
      |               ~~^~~ ~
/home/calvin/workspace/strata-integration-validation/source/sycl/include/dpct/util.hpp:1291:17: note: place parentheses around the '&' expression to silence this warning
 1291 |     result = (a & b | c) ^ a;
      |                 ^
      |               (    )
/home/calvin/workspace/strata-integration-validation/source/sycl/include/dpct/util.hpp:1315:16: warning: '&' within '|' [-Wbitwise-op-parentheses]
 1315 |     result = a & (b | c) | (b & c);
      |              ~~^~~~~~~~~ ~
/home/calvin/workspace/strata-integration-validation/source/sycl/include/dpct/util.hpp:1315:16: note: place parentheses around the '&' expression to silence this warning
 1315 |     result = a & (b | c) | (b & c);
      |                ^
      |              (          )
/home/calvin/workspace/strata-integration-validation/source/sycl/include/dpct/util.hpp:1318:16: warning: '&' within '|' [-Wbitwise-op-parentheses]
 1318 |     result = a & b | c;
      |              ~~^~~ ~
/home/calvin/workspace/strata-integration-validation/source/sycl/include/dpct/util.hpp:1318:16: note: place parentheses around the '&' expression to silence this warning
 1318 |     result = a & b | c;
      |                ^
      |              (    )
In file included from /home/calvin/workspace/strata-integration-validation/source/sycl/src/core/expert_cache.cpp:6:
In file included from /home/calvin/workspace/strata-integration-validation/source/sycl/include/dpct/dpct.hpp:54:
/home/calvin/workspace/strata-integration-validation/source/sycl/include/dpct/kernel.hpp:50:57: warning: unused parameter 'function' [-Wunused-parameter]
   50 |                                             const void *function) {
      |                                                         ^
/home/calvin/workspace/strata-integration-validation/source/sycl/include/dpct/kernel.hpp:57:38: warning: unused parameter 'function' [-Wunused-parameter]
   57 | get_kernel_function_info(const void *function) {
      |                                      ^
In file included from /home/calvin/workspace/strata-integration-validation/source/sycl/src/core/expert_cache.cpp:6:
In file included from /home/calvin/workspace/strata-integration-validation/source/sycl/include/dpct/dpct.hpp:59:
/home/calvin/workspace/strata-integration-validation/source/sycl/include/dpct/bindless_images.hpp:629:35: warning: unused parameter 'q' [-Wunused-parameter]
  629 |   void unmap_resource(sycl::queue q) {
      |                                   ^
/home/calvin/workspace/strata-integration-validation/source/sycl/include/dpct/bindless_images.hpp:656:9: warning: field '_res_external_mem' will be initialized after field '_res_reg_flags' [-Wreorder-ctor]
  656 |       : _res_external_mem(external_mem), _res_reg_flags(reg_flags) {}
      |         ^~~~~~~~~~~~~~~~~~~~~~~~~~~~~~~  ~~~~~~~~~~~~~~~~~~~~~~~~~
      |         _res_reg_flags(reg_flags)        _res_external_mem(external_mem)
/home/calvin/workspace/strata-integration-validation/source/sycl/include/dpct/bindless_images.hpp:1163:24: warning: comparison of integers of different signs: 'size_t' (aka 'unsigned long') and 'int' [-Wsign-compare]
 1163 |   for (size_t i = 0; i < count; ++i) {
      |                      ~ ^ ~~~~~
/home/calvin/workspace/strata-integration-validation/source/sycl/include/dpct/bindless_images.hpp:1350:21: warning: comparison of integers of different signs: 'int' and 'unsigned int' [-Wsign-compare]
 1350 |   for (int i = 0; i < numExtSems; i++) {
      |                   ~ ^ ~~~~~~~~~~
/home/calvin/workspace/strata-integration-validation/source/sycl/include/dpct/bindless_images.hpp:1393:21: warning: comparison of integers of different signs: 'int' and 'unsigned int' [-Wsign-compare]
 1393 |   for (int i = 0; i < numExtSems; i++) {
      |                   ~ ^ ~~~~~~~~~~
/home/calvin/workspace/strata-integration-validation/source/sycl/include/dpct/bindless_images.hpp:1686:60: warning: unused parameter 'channel' [-Wunused-parameter]
 1686 |   void attach(image_mem_wrapper *mem, const image_channel &channel,
      |                                                            ^
In file included from /home/calvin/workspace/strata-integration-validation/source/sycl/src/core/expert_cache.cpp:6:
In file included from /home/calvin/workspace/strata-integration-validation/source/sycl/include/dpct/dpct.hpp:52:
/home/calvin/workspace/strata-integration-validation/source/sycl/include/dpct/device.hpp:93:13: warning: unused function 'destroy_event' [-Wunused-function]
   93 | static void destroy_event(event_ptr event) {
      |             ^~~~~~~~~~~~~
In file included from /home/calvin/workspace/strata-integration-validation/source/sycl/src/core/expert_cache.cpp:6:
In file included from /home/calvin/workspace/strata-integration-validation/source/sycl/include/dpct/dpct.hpp:53:
In file included from /home/calvin/workspace/strata-integration-validation/source/sycl/include/dpct/image.hpp:14:
/home/calvin/workspace/strata-integration-validation/source/sycl/include/dpct/memory.hpp:165:17: warning: 'static' function 'get_buffer' declared in header file should be declared 'static inline' [-Wunneeded-internal-declaration]
  165 | static buffer_t get_buffer(const void *ptr) {
      |                 ^~~~~~~~~~
/home/calvin/workspace/strata-integration-validation/source/sycl/include/dpct/memory.hpp:141:36: warning: 'static' function 'get_buffer_and_offset' declared in header file should be declared 'static inline' [-Wunneeded-internal-declaration]
  141 | static std::pair<buffer_t, size_t> get_buffer_and_offset(const void *ptr) {
      |                                    ^~~~~~~~~~~~~~~~~~~~~
/home/calvin/workspace/strata-integration-validation/source/sycl/include/dpct/memory.hpp:304:13: warning: unused function 'dpct_memcpy' [-Wunused-function]
  304 | static void dpct_memcpy(void *to_ptr, const void *from_ptr, size_t size,
      |             ^~~~~~~~~~~
/home/calvin/workspace/strata-integration-validation/source/sycl/include/dpct/memory.hpp:322:13: warning: unused function 'dpct_memcpy' [-Wunused-function]
  322 | static void dpct_memcpy(void *to_ptr, int to_dev_id, const void *from_ptr,
      |             ^~~~~~~~~~~
/home/calvin/workspace/strata-integration-validation/source/sycl/include/dpct/memory.hpp:340:13: warning: unused function 'async_dpct_memcpy' [-Wunused-function]
  340 | static void async_dpct_memcpy(void *to_ptr, const void *from_ptr, size_t size,
      |             ^~~~~~~~~~~~~~~~~
/home/calvin/workspace/strata-integration-validation/source/sycl/include/dpct/memory.hpp:358:13: warning: unused function 'async_dpct_memcpy' [-Wunused-function]
  358 | static void async_dpct_memcpy(void *to_ptr, int to_dev_id, const void *from_ptr,
      |             ^~~~~~~~~~~~~~~~~
/home/calvin/workspace/strata-integration-validation/source/sycl/include/dpct/memory.hpp:494:13: warning: unused function 'dpct_memset' [-Wunused-function]
  494 | static void dpct_memset(void *dev_ptr, int value, size_t size,
      |             ^~~~~~~~~~~
/home/calvin/workspace/strata-integration-validation/source/sycl/include/dpct/memory.hpp:507:13: warning: unused function 'dpct_memset_d16' [-Wunused-function]
  507 | static void dpct_memset_d16(void *dev_ptr, unsigned short value, size_t size,
      |             ^~~~~~~~~~~~~~~
/home/calvin/workspace/strata-integration-validation/source/sycl/include/dpct/memory.hpp:519:13: warning: unused function 'dpct_memset_d32' [-Wunused-function]
  519 | static void dpct_memset_d32(void *dev_ptr, unsigned int value, size_t size,
      |             ^~~~~~~~~~~~~~~
/home/calvin/workspace/strata-integration-validation/source/sycl/include/dpct/memory.hpp:532:13: warning: unused function 'async_dpct_memset' [-Wunused-function]
  532 | static void async_dpct_memset(void *dev_ptr, int value, size_t size,
      |             ^~~~~~~~~~~~~~~~~
/home/calvin/workspace/strata-integration-validation/source/sycl/include/dpct/memory.hpp:544:13: warning: unused function 'async_dpct_memset_d16' [-Wunused-function]
  544 | static void async_dpct_memset_d16(void *dev_ptr, unsigned short value, size_t size,
      |             ^~~~~~~~~~~~~~~~~~~~~
/home/calvin/workspace/strata-integration-validation/source/sycl/include/dpct/memory.hpp:556:13: warning: unused function 'async_dpct_memset_d32' [-Wunused-function]
  556 | static void async_dpct_memset_d32(void *dev_ptr, unsigned int value, size_t size,
      |             ^~~~~~~~~~~~~~~~~~~~~
In file included from /home/calvin/workspace/strata-integration-validation/source/sycl/src/core/expert_cache.cpp:6:
In file included from /home/calvin/workspace/strata-integration-validation/source/sycl/include/dpct/dpct.hpp:60:
/home/calvin/workspace/strata-integration-validation/source/sycl/include/dpct/graph.hpp:136:1: warning: unused function 'add_empty_node' [-Wunused-function]
  136 | add_empty_node(dpct::experimental::node_ptr *newNode,
      | ^~~~~~~~~~~~~~
/home/calvin/workspace/strata-integration-validation/source/sycl/include/dpct/graph.hpp:162:13: warning: unused function 'add_dependencies' [-Wunused-function]
  162 | static void add_dependencies(dpct::experimental::command_graph_ptr graph,
      |             ^~~~~~~~~~~~~~~~
/home/calvin/workspace/strata-integration-validation/source/sycl/include/dpct/graph.hpp:176:13: warning: unused function 'get_nodes' [-Wunused-function]
  176 | static void get_nodes(dpct::experimental::command_graph_ptr graph,
      |             ^~~~~~~~~
/home/calvin/workspace/strata-integration-validation/source/sycl/include/dpct/graph.hpp:187:13: warning: unused function 'get_root_nodes' [-Wunused-function]
  187 | static void get_root_nodes(dpct::experimental::command_graph_ptr graph,
      |             ^~~~~~~~~~~~~~
In file included from /home/calvin/workspace/strata-integration-validation/source/sycl/src/core/expert_cache.cpp:8:
/home/calvin/workspace/strata-integration-validation/source/sycl/../include/strata/core/expert_cache.hpp:222:14: warning: private field 'trace_allocation_bytes_' is not used [-Wunused-private-field]
  222 |     uint64_t trace_allocation_bytes_ = 0;  ///< ordinary single-block backing observed by integration tracing
      |              ^
/home/calvin/workspace/strata-integration-validation/source/sycl/../include/strata/core/expert_cache.hpp:223:9: warning: private field 'trace_device_' is not used [-Wunused-private-field]
  223 |     int trace_device_ = -1;
      |         ^
35 warnings generated.
[4/12] Building CXX object CMakeFiles/strata_engine.dir/src/core/verify.cpp.o
In file included from /home/calvin/workspace/strata-integration-validation/source/sycl/src/core/verify.cpp:4:
In file included from /home/calvin/workspace/strata-integration-validation/source/sycl/include/dpct/dpct.hpp:53:
In file included from /home/calvin/workspace/strata-integration-validation/source/sycl/include/dpct/image.hpp:14:
In file included from /home/calvin/workspace/strata-integration-validation/source/sycl/include/dpct/memory.hpp:112:
/home/calvin/workspace/strata-integration-validation/source/sycl/include/dpct/detail/memory_detail.hpp:343:30: warning: unused parameter 'direction' [-Wunused-parameter]
  343 |             memcpy_direction direction,
      |                              ^
/home/calvin/workspace/strata-integration-validation/source/sycl/include/dpct/detail/memory_detail.hpp:901:29: warning: unused parameter 'cgh' [-Wunused-parameter]
  901 |   get_access(sycl::handler &cgh) {
      |                             ^
In file included from /home/calvin/workspace/strata-integration-validation/source/sycl/src/core/verify.cpp:4:
In file included from /home/calvin/workspace/strata-integration-validation/source/sycl/include/dpct/dpct.hpp:53:
In file included from /home/calvin/workspace/strata-integration-validation/source/sycl/include/dpct/image.hpp:14:
/home/calvin/workspace/strata-integration-validation/source/sycl/include/dpct/memory.hpp:816:23: warning: comparison of integers of different signs: 'int' and 'unsigned int' [-Wsign-compare]
  816 |     for (int i = 0; i < numAttributes; i++) {
      |                     ~ ^ ~~~~~~~~~~~~~
In file included from /home/calvin/workspace/strata-integration-validation/source/sycl/src/core/verify.cpp:4:
In file included from /home/calvin/workspace/strata-integration-validation/source/sycl/include/dpct/dpct.hpp:53:
In file included from /home/calvin/workspace/strata-integration-validation/source/sycl/include/dpct/image.hpp:15:
/home/calvin/workspace/strata-integration-validation/source/sycl/include/dpct/util.hpp:466:38: warning: unused parameter 'member_mask' [-Wunused-parameter]
  466 | T select_from_sub_group(unsigned int member_mask,
      |                                      ^
/home/calvin/workspace/strata-integration-validation/source/sycl/include/dpct/util.hpp:507:37: warning: unused parameter 'member_mask' [-Wunused-parameter]
  507 | T shift_sub_group_left(unsigned int member_mask,
      |                                     ^
/home/calvin/workspace/strata-integration-validation/source/sycl/include/dpct/util.hpp:551:38: warning: unused parameter 'member_mask' [-Wunused-parameter]
  551 | T shift_sub_group_right(unsigned int member_mask,
      |                                      ^
/home/calvin/workspace/strata-integration-validation/source/sycl/include/dpct/util.hpp:671:41: warning: unused parameter 'member_mask' [-Wunused-parameter]
  671 | T permute_sub_group_by_xor(unsigned int member_mask,
      |                                         ^
/home/calvin/workspace/strata-integration-validation/source/sycl/include/dpct/util.hpp:680:47: warning: comparison of integers of different signs: 'unsigned int' and 'int' [-Wsign-compare]
  680 |   unsigned logical_remote_id = (target_offset < logical_sub_group_size) ? start_index + target_offset : id;
      |                                 ~~~~~~~~~~~~~ ^ ~~~~~~~~~~~~~~~~~~~~~~
/home/calvin/workspace/strata-integration-validation/source/sycl/include/dpct/util.hpp:959:15: warning: comparison of integers of different signs: 'int' and 'size_t' (aka 'unsigned long') [-Wsign-compare]
  959 |   if (wg_size > max_wg_size) {
      |       ~~~~~~~ ^ ~~~~~~~~~~~
/home/calvin/workspace/strata-integration-validation/source/sycl/include/dpct/util.hpp:1021:35: warning: comparison of integers of different signs: 'int' and 'size_t' (aka 'unsigned long') [-Wsign-compare]
 1021 |       max_ws_size_for_device_code >= max_wg_size)
      |       ~~~~~~~~~~~~~~~~~~~~~~~~~~~ ^  ~~~~~~~~~~~
/home/calvin/workspace/strata-integration-validation/source/sycl/include/dpct/util.hpp:1291:17: warning: '&' within '|' [-Wbitwise-op-parentheses]
 1291 |     result = (a & b | c) ^ a;
      |               ~~^~~ ~
/home/calvin/workspace/strata-integration-validation/source/sycl/include/dpct/util.hpp:1291:17: note: place parentheses around the '&' expression to silence this warning
 1291 |     result = (a & b | c) ^ a;
      |                 ^
      |               (    )
/home/calvin/workspace/strata-integration-validation/source/sycl/include/dpct/util.hpp:1315:16: warning: '&' within '|' [-Wbitwise-op-parentheses]
 1315 |     result = a & (b | c) | (b & c);
      |              ~~^~~~~~~~~ ~
/home/calvin/workspace/strata-integration-validation/source/sycl/include/dpct/util.hpp:1315:16: note: place parentheses around the '&' expression to silence this warning
 1315 |     result = a & (b | c) | (b & c);
      |                ^
      |              (          )
/home/calvin/workspace/strata-integration-validation/source/sycl/include/dpct/util.hpp:1318:16: warning: '&' within '|' [-Wbitwise-op-parentheses]
 1318 |     result = a & b | c;
      |              ~~^~~ ~
/home/calvin/workspace/strata-integration-validation/source/sycl/include/dpct/util.hpp:1318:16: note: place parentheses around the '&' expression to silence this warning
 1318 |     result = a & b | c;
      |                ^
      |              (    )
In file included from /home/calvin/workspace/strata-integration-validation/source/sycl/src/core/verify.cpp:4:
In file included from /home/calvin/workspace/strata-integration-validation/source/sycl/include/dpct/dpct.hpp:54:
/home/calvin/workspace/strata-integration-validation/source/sycl/include/dpct/kernel.hpp:50:57: warning: unused parameter 'function' [-Wunused-parameter]
   50 |                                             const void *function) {
      |                                                         ^
/home/calvin/workspace/strata-integration-validation/source/sycl/include/dpct/kernel.hpp:57:38: warning: unused parameter 'function' [-Wunused-parameter]
   57 | get_kernel_function_info(const void *function) {
      |                                      ^
In file included from /home/calvin/workspace/strata-integration-validation/source/sycl/src/core/verify.cpp:4:
In file included from /home/calvin/workspace/strata-integration-validation/source/sycl/include/dpct/dpct.hpp:59:
/home/calvin/workspace/strata-integration-validation/source/sycl/include/dpct/bindless_images.hpp:629:35: warning: unused parameter 'q' [-Wunused-parameter]
  629 |   void unmap_resource(sycl::queue q) {
      |                                   ^
/home/calvin/workspace/strata-integration-validation/source/sycl/include/dpct/bindless_images.hpp:656:9: warning: field '_res_external_mem' will be initialized after field '_res_reg_flags' [-Wreorder-ctor]
  656 |       : _res_external_mem(external_mem), _res_reg_flags(reg_flags) {}
      |         ^~~~~~~~~~~~~~~~~~~~~~~~~~~~~~~  ~~~~~~~~~~~~~~~~~~~~~~~~~
      |         _res_reg_flags(reg_flags)        _res_external_mem(external_mem)
/home/calvin/workspace/strata-integration-validation/source/sycl/include/dpct/bindless_images.hpp:1163:24: warning: comparison of integers of different signs: 'size_t' (aka 'unsigned long') and 'int' [-Wsign-compare]
 1163 |   for (size_t i = 0; i < count; ++i) {
      |                      ~ ^ ~~~~~
/home/calvin/workspace/strata-integration-validation/source/sycl/include/dpct/bindless_images.hpp:1350:21: warning: comparison of integers of different signs: 'int' and 'unsigned int' [-Wsign-compare]
 1350 |   for (int i = 0; i < numExtSems; i++) {
      |                   ~ ^ ~~~~~~~~~~
/home/calvin/workspace/strata-integration-validation/source/sycl/include/dpct/bindless_images.hpp:1393:21: warning: comparison of integers of different signs: 'int' and 'unsigned int' [-Wsign-compare]
 1393 |   for (int i = 0; i < numExtSems; i++) {
      |                   ~ ^ ~~~~~~~~~~
/home/calvin/workspace/strata-integration-validation/source/sycl/include/dpct/bindless_images.hpp:1686:60: warning: unused parameter 'channel' [-Wunused-parameter]
 1686 |   void attach(image_mem_wrapper *mem, const image_channel &channel,
      |                                                            ^
In file included from /home/calvin/workspace/strata-integration-validation/source/sycl/src/core/verify.cpp:6:
In file included from /home/calvin/workspace/strata-integration-validation/source/sycl/include/strata/core/verify.hpp:28:
/home/calvin/workspace/strata-integration-validation/source/sycl/include/strata/core/expert_source.hpp:725:13: warning: 'reads' overrides a member function but is not marked 'override' [-Winconsistent-missing-override]
  725 |     int64_t reads() const { return reads_; }
      |             ^
/home/calvin/workspace/strata-integration-validation/source/sycl/include/strata/core/expert_source.hpp:140:21: note: overridden virtual function is here
  140 |     virtual int64_t reads() const { return 0; }
      |                     ^
/home/calvin/workspace/strata-integration-validation/source/sycl/src/core/verify.cpp:2231:20: warning: unused variable 'f' [-Wunused-variable]
 2231 |     volatile long* f = (volatile long*) flag;
      |                    ^
In file included from /home/calvin/workspace/strata-integration-validation/source/sycl/src/core/verify.cpp:4:
In file included from /home/calvin/workspace/strata-integration-validation/source/sycl/include/dpct/dpct.hpp:53:
In file included from /home/calvin/workspace/strata-integration-validation/source/sycl/include/dpct/image.hpp:14:
/home/calvin/workspace/strata-integration-validation/source/sycl/include/dpct/memory.hpp:165:17: warning: 'static' function 'get_buffer' declared in header file should be declared 'static inline' [-Wunneeded-internal-declaration]
  165 | static buffer_t get_buffer(const void *ptr) {
      |                 ^~~~~~~~~~
/home/calvin/workspace/strata-integration-validation/source/sycl/include/dpct/memory.hpp:141:36: warning: 'static' function 'get_buffer_and_offset' declared in header file should be declared 'static inline' [-Wunneeded-internal-declaration]
  141 | static std::pair<buffer_t, size_t> get_buffer_and_offset(const void *ptr) {
      |                                    ^~~~~~~~~~~~~~~~~~~~~
/home/calvin/workspace/strata-integration-validation/source/sycl/include/dpct/memory.hpp:304:13: warning: unused function 'dpct_memcpy' [-Wunused-function]
  304 | static void dpct_memcpy(void *to_ptr, const void *from_ptr, size_t size,
      |             ^~~~~~~~~~~
/home/calvin/workspace/strata-integration-validation/source/sycl/include/dpct/memory.hpp:322:13: warning: unused function 'dpct_memcpy' [-Wunused-function]
  322 | static void dpct_memcpy(void *to_ptr, int to_dev_id, const void *from_ptr,
      |             ^~~~~~~~~~~
/home/calvin/workspace/strata-integration-validation/source/sycl/include/dpct/memory.hpp:340:13: warning: unused function 'async_dpct_memcpy' [-Wunused-function]
  340 | static void async_dpct_memcpy(void *to_ptr, const void *from_ptr, size_t size,
      |             ^~~~~~~~~~~~~~~~~
/home/calvin/workspace/strata-integration-validation/source/sycl/include/dpct/memory.hpp:358:13: warning: unused function 'async_dpct_memcpy' [-Wunused-function]
  358 | static void async_dpct_memcpy(void *to_ptr, int to_dev_id, const void *from_ptr,
      |             ^~~~~~~~~~~~~~~~~
/home/calvin/workspace/strata-integration-validation/source/sycl/include/dpct/memory.hpp:494:13: warning: unused function 'dpct_memset' [-Wunused-function]
  494 | static void dpct_memset(void *dev_ptr, int value, size_t size,
      |             ^~~~~~~~~~~
/home/calvin/workspace/strata-integration-validation/source/sycl/include/dpct/memory.hpp:507:13: warning: unused function 'dpct_memset_d16' [-Wunused-function]
  507 | static void dpct_memset_d16(void *dev_ptr, unsigned short value, size_t size,
      |             ^~~~~~~~~~~~~~~
/home/calvin/workspace/strata-integration-validation/source/sycl/include/dpct/memory.hpp:519:13: warning: unused function 'dpct_memset_d32' [-Wunused-function]
  519 | static void dpct_memset_d32(void *dev_ptr, unsigned int value, size_t size,
      |             ^~~~~~~~~~~~~~~
/home/calvin/workspace/strata-integration-validation/source/sycl/include/dpct/memory.hpp:532:13: warning: unused function 'async_dpct_memset' [-Wunused-function]
  532 | static void async_dpct_memset(void *dev_ptr, int value, size_t size,
      |             ^~~~~~~~~~~~~~~~~
/home/calvin/workspace/strata-integration-validation/source/sycl/include/dpct/memory.hpp:544:13: warning: unused function 'async_dpct_memset_d16' [-Wunused-function]
  544 | static void async_dpct_memset_d16(void *dev_ptr, unsigned short value, size_t size,
      |             ^~~~~~~~~~~~~~~~~~~~~
/home/calvin/workspace/strata-integration-validation/source/sycl/include/dpct/memory.hpp:556:13: warning: unused function 'async_dpct_memset_d32' [-Wunused-function]
  556 | static void async_dpct_memset_d32(void *dev_ptr, unsigned int value, size_t size,
      |             ^~~~~~~~~~~~~~~~~~~~~
In file included from /home/calvin/workspace/strata-integration-validation/source/sycl/src/core/verify.cpp:4:
In file included from /home/calvin/workspace/strata-integration-validation/source/sycl/include/dpct/dpct.hpp:60:
/home/calvin/workspace/strata-integration-validation/source/sycl/include/dpct/graph.hpp:136:1: warning: unused function 'add_empty_node' [-Wunused-function]
  136 | add_empty_node(dpct::experimental::node_ptr *newNode,
      | ^~~~~~~~~~~~~~
/home/calvin/workspace/strata-integration-validation/source/sycl/include/dpct/graph.hpp:162:13: warning: unused function 'add_dependencies' [-Wunused-function]
  162 | static void add_dependencies(dpct::experimental::command_graph_ptr graph,
      |             ^~~~~~~~~~~~~~~~
/home/calvin/workspace/strata-integration-validation/source/sycl/include/dpct/graph.hpp:187:13: warning: unused function 'get_root_nodes' [-Wunused-function]
  187 | static void get_root_nodes(dpct::experimental::command_graph_ptr graph,
      |             ^~~~~~~~~~~~~~
38 warnings generated.
In file included from /home/calvin/workspace/strata-integration-validation/source/sycl/src/core/verify.cpp:4:
In file included from /home/calvin/workspace/strata-integration-validation/source/sycl/include/dpct/dpct.hpp:53:
In file included from /home/calvin/workspace/strata-integration-validation/source/sycl/include/dpct/image.hpp:14:
In file included from /home/calvin/workspace/strata-integration-validation/source/sycl/include/dpct/memory.hpp:112:
/home/calvin/workspace/strata-integration-validation/source/sycl/include/dpct/detail/memory_detail.hpp:343:30: warning: unused parameter 'direction' [-Wunused-parameter]
  343 |             memcpy_direction direction,
      |                              ^
/home/calvin/workspace/strata-integration-validation/source/sycl/include/dpct/detail/memory_detail.hpp:901:29: warning: unused parameter 'cgh' [-Wunused-parameter]
  901 |   get_access(sycl::handler &cgh) {
      |                             ^
In file included from /home/calvin/workspace/strata-integration-validation/source/sycl/src/core/verify.cpp:4:
In file included from /home/calvin/workspace/strata-integration-validation/source/sycl/include/dpct/dpct.hpp:53:
In file included from /home/calvin/workspace/strata-integration-validation/source/sycl/include/dpct/image.hpp:14:
/home/calvin/workspace/strata-integration-validation/source/sycl/include/dpct/memory.hpp:816:23: warning: comparison of integers of different signs: 'int' and 'unsigned int' [-Wsign-compare]
  816 |     for (int i = 0; i < numAttributes; i++) {
      |                     ~ ^ ~~~~~~~~~~~~~
In file included from /home/calvin/workspace/strata-integration-validation/source/sycl/src/core/verify.cpp:4:
In file included from /home/calvin/workspace/strata-integration-validation/source/sycl/include/dpct/dpct.hpp:53:
In file included from /home/calvin/workspace/strata-integration-validation/source/sycl/include/dpct/image.hpp:15:
/home/calvin/workspace/strata-integration-validation/source/sycl/include/dpct/util.hpp:959:15: warning: comparison of integers of different signs: 'int' and 'size_t' (aka 'unsigned long') [-Wsign-compare]
  959 |   if (wg_size > max_wg_size) {
      |       ~~~~~~~ ^ ~~~~~~~~~~~
/home/calvin/workspace/strata-integration-validation/source/sycl/include/dpct/util.hpp:1021:35: warning: comparison of integers of different signs: 'int' and 'size_t' (aka 'unsigned long') [-Wsign-compare]
 1021 |       max_ws_size_for_device_code >= max_wg_size)
      |       ~~~~~~~~~~~~~~~~~~~~~~~~~~~ ^  ~~~~~~~~~~~
/home/calvin/workspace/strata-integration-validation/source/sycl/include/dpct/util.hpp:1291:17: warning: '&' within '|' [-Wbitwise-op-parentheses]
 1291 |     result = (a & b | c) ^ a;
      |               ~~^~~ ~
/home/calvin/workspace/strata-integration-validation/source/sycl/include/dpct/util.hpp:1291:17: note: place parentheses around the '&' expression to silence this warning
 1291 |     result = (a & b | c) ^ a;
      |                 ^
      |               (    )
/home/calvin/workspace/strata-integration-validation/source/sycl/include/dpct/util.hpp:1315:16: warning: '&' within '|' [-Wbitwise-op-parentheses]
 1315 |     result = a & (b | c) | (b & c);
      |              ~~^~~~~~~~~ ~
/home/calvin/workspace/strata-integration-validation/source/sycl/include/dpct/util.hpp:1315:16: note: place parentheses around the '&' expression to silence this warning
 1315 |     result = a & (b | c) | (b & c);
      |                ^
      |              (          )
/home/calvin/workspace/strata-integration-validation/source/sycl/include/dpct/util.hpp:1318:16: warning: '&' within '|' [-Wbitwise-op-parentheses]
 1318 |     result = a & b | c;
      |              ~~^~~ ~
/home/calvin/workspace/strata-integration-validation/source/sycl/include/dpct/util.hpp:1318:16: note: place parentheses around the '&' expression to silence this warning
 1318 |     result = a & b | c;
      |                ^
      |              (    )
In file included from /home/calvin/workspace/strata-integration-validation/source/sycl/src/core/verify.cpp:4:
In file included from /home/calvin/workspace/strata-integration-validation/source/sycl/include/dpct/dpct.hpp:54:
/home/calvin/workspace/strata-integration-validation/source/sycl/include/dpct/kernel.hpp:50:57: warning: unused parameter 'function' [-Wunused-parameter]
   50 |                                             const void *function) {
      |                                                         ^
/home/calvin/workspace/strata-integration-validation/source/sycl/include/dpct/kernel.hpp:57:38: warning: unused parameter 'function' [-Wunused-parameter]
   57 | get_kernel_function_info(const void *function) {
      |                                      ^
In file included from /home/calvin/workspace/strata-integration-validation/source/sycl/src/core/verify.cpp:4:
In file included from /home/calvin/workspace/strata-integration-validation/source/sycl/include/dpct/dpct.hpp:59:
/home/calvin/workspace/strata-integration-validation/source/sycl/include/dpct/bindless_images.hpp:629:35: warning: unused parameter 'q' [-Wunused-parameter]
  629 |   void unmap_resource(sycl::queue q) {
      |                                   ^
/home/calvin/workspace/strata-integration-validation/source/sycl/include/dpct/bindless_images.hpp:656:9: warning: field '_res_external_mem' will be initialized after field '_res_reg_flags' [-Wreorder-ctor]
  656 |       : _res_external_mem(external_mem), _res_reg_flags(reg_flags) {}
      |         ^~~~~~~~~~~~~~~~~~~~~~~~~~~~~~~  ~~~~~~~~~~~~~~~~~~~~~~~~~
      |         _res_reg_flags(reg_flags)        _res_external_mem(external_mem)
/home/calvin/workspace/strata-integration-validation/source/sycl/include/dpct/bindless_images.hpp:1163:24: warning: comparison of integers of different signs: 'size_t' (aka 'unsigned long') and 'int' [-Wsign-compare]
 1163 |   for (size_t i = 0; i < count; ++i) {
      |                      ~ ^ ~~~~~
/home/calvin/workspace/strata-integration-validation/source/sycl/include/dpct/bindless_images.hpp:1350:21: warning: comparison of integers of different signs: 'int' and 'unsigned int' [-Wsign-compare]
 1350 |   for (int i = 0; i < numExtSems; i++) {
      |                   ~ ^ ~~~~~~~~~~
/home/calvin/workspace/strata-integration-validation/source/sycl/include/dpct/bindless_images.hpp:1393:21: warning: comparison of integers of different signs: 'int' and 'unsigned int' [-Wsign-compare]
 1393 |   for (int i = 0; i < numExtSems; i++) {
      |                   ~ ^ ~~~~~~~~~~
/home/calvin/workspace/strata-integration-validation/source/sycl/include/dpct/bindless_images.hpp:1686:60: warning: unused parameter 'channel' [-Wunused-parameter]
 1686 |   void attach(image_mem_wrapper *mem, const image_channel &channel,
      |                                                            ^
In file included from /home/calvin/workspace/strata-integration-validation/source/sycl/src/core/verify.cpp:6:
In file included from /home/calvin/workspace/strata-integration-validation/source/sycl/include/strata/core/verify.hpp:28:
/home/calvin/workspace/strata-integration-validation/source/sycl/include/strata/core/expert_source.hpp:725:13: warning: 'reads' overrides a member function but is not marked 'override' [-Winconsistent-missing-override]
  725 |     int64_t reads() const { return reads_; }
      |             ^
/home/calvin/workspace/strata-integration-validation/source/sycl/include/strata/core/expert_source.hpp:140:21: note: overridden virtual function is here
  140 |     virtual int64_t reads() const { return 0; }
      |                     ^
/home/calvin/workspace/strata-integration-validation/source/sycl/src/core/verify.cpp:2231:20: warning: unused variable 'f' [-Wunused-variable]
 2231 |     volatile long* f = (volatile long*) flag;
      |                    ^
In file included from /home/calvin/workspace/strata-integration-validation/source/sycl/src/core/verify.cpp:4:
In file included from /home/calvin/workspace/strata-integration-validation/source/sycl/include/dpct/dpct.hpp:53:
In file included from /home/calvin/workspace/strata-integration-validation/source/sycl/include/dpct/image.hpp:14:
/home/calvin/workspace/strata-integration-validation/source/sycl/include/dpct/memory.hpp:165:17: warning: 'static' function 'get_buffer' declared in header file should be declared 'static inline' [-Wunneeded-internal-declaration]
  165 | static buffer_t get_buffer(const void *ptr) {
      |                 ^~~~~~~~~~
/home/calvin/workspace/strata-integration-validation/source/sycl/include/dpct/memory.hpp:141:36: warning: 'static' function 'get_buffer_and_offset' declared in header file should be declared 'static inline' [-Wunneeded-internal-declaration]
  141 | static std::pair<buffer_t, size_t> get_buffer_and_offset(const void *ptr) {
      |                                    ^~~~~~~~~~~~~~~~~~~~~
/home/calvin/workspace/strata-integration-validation/source/sycl/include/dpct/memory.hpp:304:13: warning: unused function 'dpct_memcpy' [-Wunused-function]
  304 | static void dpct_memcpy(void *to_ptr, const void *from_ptr, size_t size,
      |             ^~~~~~~~~~~
/home/calvin/workspace/strata-integration-validation/source/sycl/include/dpct/memory.hpp:322:13: warning: unused function 'dpct_memcpy' [-Wunused-function]
  322 | static void dpct_memcpy(void *to_ptr, int to_dev_id, const void *from_ptr,
      |             ^~~~~~~~~~~
/home/calvin/workspace/strata-integration-validation/source/sycl/include/dpct/memory.hpp:340:13: warning: unused function 'async_dpct_memcpy' [-Wunused-function]
  340 | static void async_dpct_memcpy(void *to_ptr, const void *from_ptr, size_t size,
      |             ^~~~~~~~~~~~~~~~~
/home/calvin/workspace/strata-integration-validation/source/sycl/include/dpct/memory.hpp:358:13: warning: unused function 'async_dpct_memcpy' [-Wunused-function]
  358 | static void async_dpct_memcpy(void *to_ptr, int to_dev_id, const void *from_ptr,
      |             ^~~~~~~~~~~~~~~~~
/home/calvin/workspace/strata-integration-validation/source/sycl/include/dpct/memory.hpp:494:13: warning: unused function 'dpct_memset' [-Wunused-function]
  494 | static void dpct_memset(void *dev_ptr, int value, size_t size,
      |             ^~~~~~~~~~~
/home/calvin/workspace/strata-integration-validation/source/sycl/include/dpct/memory.hpp:507:13: warning: unused function 'dpct_memset_d16' [-Wunused-function]
  507 | static void dpct_memset_d16(void *dev_ptr, unsigned short value, size_t size,
      |             ^~~~~~~~~~~~~~~
/home/calvin/workspace/strata-integration-validation/source/sycl/include/dpct/memory.hpp:519:13: warning: unused function 'dpct_memset_d32' [-Wunused-function]
  519 | static void dpct_memset_d32(void *dev_ptr, unsigned int value, size_t size,
      |             ^~~~~~~~~~~~~~~
/home/calvin/workspace/strata-integration-validation/source/sycl/include/dpct/memory.hpp:532:13: warning: unused function 'async_dpct_memset' [-Wunused-function]
  532 | static void async_dpct_memset(void *dev_ptr, int value, size_t size,
      |             ^~~~~~~~~~~~~~~~~
/home/calvin/workspace/strata-integration-validation/source/sycl/include/dpct/memory.hpp:544:13: warning: unused function 'async_dpct_memset_d16' [-Wunused-function]
  544 | static void async_dpct_memset_d16(void *dev_ptr, unsigned short value, size_t size,
      |             ^~~~~~~~~~~~~~~~~~~~~
/home/calvin/workspace/strata-integration-validation/source/sycl/include/dpct/memory.hpp:556:13: warning: unused function 'async_dpct_memset_d32' [-Wunused-function]
  556 | static void async_dpct_memset_d32(void *dev_ptr, unsigned int value, size_t size,
      |             ^~~~~~~~~~~~~~~~~~~~~
In file included from /home/calvin/workspace/strata-integration-validation/source/sycl/src/core/verify.cpp:4:
In file included from /home/calvin/workspace/strata-integration-validation/source/sycl/include/dpct/dpct.hpp:60:
/home/calvin/workspace/strata-integration-validation/source/sycl/include/dpct/graph.hpp:136:1: warning: unused function 'add_empty_node' [-Wunused-function]
  136 | add_empty_node(dpct::experimental::node_ptr *newNode,
      | ^~~~~~~~~~~~~~
/home/calvin/workspace/strata-integration-validation/source/sycl/include/dpct/graph.hpp:162:13: warning: unused function 'add_dependencies' [-Wunused-function]
  162 | static void add_dependencies(dpct::experimental::command_graph_ptr graph,
      |             ^~~~~~~~~~~~~~~~
/home/calvin/workspace/strata-integration-validation/source/sycl/include/dpct/graph.hpp:187:13: warning: unused function 'get_root_nodes' [-Wunused-function]
  187 | static void get_root_nodes(dpct::experimental::command_graph_ptr graph,
      |             ^~~~~~~~~~~~~~
33 warnings generated.
[5/12] Building CXX object CMakeFiles/strata_engine.dir/src/core/mtp.cpp.o
In file included from /home/calvin/workspace/strata-integration-validation/source/sycl/src/core/mtp.cpp:4:
In file included from /home/calvin/workspace/strata-integration-validation/source/sycl/include/dpct/dpct.hpp:53:
In file included from /home/calvin/workspace/strata-integration-validation/source/sycl/include/dpct/image.hpp:14:
In file included from /home/calvin/workspace/strata-integration-validation/source/sycl/include/dpct/memory.hpp:112:
/home/calvin/workspace/strata-integration-validation/source/sycl/include/dpct/detail/memory_detail.hpp:343:30: warning: unused parameter 'direction' [-Wunused-parameter]
  343 |             memcpy_direction direction,
      |                              ^
/home/calvin/workspace/strata-integration-validation/source/sycl/include/dpct/detail/memory_detail.hpp:901:29: warning: unused parameter 'cgh' [-Wunused-parameter]
  901 |   get_access(sycl::handler &cgh) {
      |                             ^
In file included from /home/calvin/workspace/strata-integration-validation/source/sycl/src/core/mtp.cpp:4:
In file included from /home/calvin/workspace/strata-integration-validation/source/sycl/include/dpct/dpct.hpp:53:
In file included from /home/calvin/workspace/strata-integration-validation/source/sycl/include/dpct/image.hpp:14:
/home/calvin/workspace/strata-integration-validation/source/sycl/include/dpct/memory.hpp:816:23: warning: comparison of integers of different signs: 'int' and 'unsigned int' [-Wsign-compare]
  816 |     for (int i = 0; i < numAttributes; i++) {
      |                     ~ ^ ~~~~~~~~~~~~~
In file included from /home/calvin/workspace/strata-integration-validation/source/sycl/src/core/mtp.cpp:4:
In file included from /home/calvin/workspace/strata-integration-validation/source/sycl/include/dpct/dpct.hpp:53:
In file included from /home/calvin/workspace/strata-integration-validation/source/sycl/include/dpct/image.hpp:15:
/home/calvin/workspace/strata-integration-validation/source/sycl/include/dpct/util.hpp:466:38: warning: unused parameter 'member_mask' [-Wunused-parameter]
  466 | T select_from_sub_group(unsigned int member_mask,
      |                                      ^
/home/calvin/workspace/strata-integration-validation/source/sycl/include/dpct/util.hpp:507:37: warning: unused parameter 'member_mask' [-Wunused-parameter]
  507 | T shift_sub_group_left(unsigned int member_mask,
      |                                     ^
/home/calvin/workspace/strata-integration-validation/source/sycl/include/dpct/util.hpp:551:38: warning: unused parameter 'member_mask' [-Wunused-parameter]
  551 | T shift_sub_group_right(unsigned int member_mask,
      |                                      ^
/home/calvin/workspace/strata-integration-validation/source/sycl/include/dpct/util.hpp:671:41: warning: unused parameter 'member_mask' [-Wunused-parameter]
  671 | T permute_sub_group_by_xor(unsigned int member_mask,
      |                                         ^
/home/calvin/workspace/strata-integration-validation/source/sycl/include/dpct/util.hpp:680:47: warning: comparison of integers of different signs: 'unsigned int' and 'int' [-Wsign-compare]
  680 |   unsigned logical_remote_id = (target_offset < logical_sub_group_size) ? start_index + target_offset : id;
      |                                 ~~~~~~~~~~~~~ ^ ~~~~~~~~~~~~~~~~~~~~~~
/home/calvin/workspace/strata-integration-validation/source/sycl/include/dpct/util.hpp:959:15: warning: comparison of integers of different signs: 'int' and 'size_t' (aka 'unsigned long') [-Wsign-compare]
  959 |   if (wg_size > max_wg_size) {
      |       ~~~~~~~ ^ ~~~~~~~~~~~
/home/calvin/workspace/strata-integration-validation/source/sycl/include/dpct/util.hpp:1021:35: warning: comparison of integers of different signs: 'int' and 'size_t' (aka 'unsigned long') [-Wsign-compare]
 1021 |       max_ws_size_for_device_code >= max_wg_size)
      |       ~~~~~~~~~~~~~~~~~~~~~~~~~~~ ^  ~~~~~~~~~~~
/home/calvin/workspace/strata-integration-validation/source/sycl/include/dpct/util.hpp:1291:17: warning: '&' within '|' [-Wbitwise-op-parentheses]
 1291 |     result = (a & b | c) ^ a;
      |               ~~^~~ ~
/home/calvin/workspace/strata-integration-validation/source/sycl/include/dpct/util.hpp:1291:17: note: place parentheses around the '&' expression to silence this warning
 1291 |     result = (a & b | c) ^ a;
      |                 ^
      |               (    )
/home/calvin/workspace/strata-integration-validation/source/sycl/include/dpct/util.hpp:1315:16: warning: '&' within '|' [-Wbitwise-op-parentheses]
 1315 |     result = a & (b | c) | (b & c);
      |              ~~^~~~~~~~~ ~
/home/calvin/workspace/strata-integration-validation/source/sycl/include/dpct/util.hpp:1315:16: note: place parentheses around the '&' expression to silence this warning
 1315 |     result = a & (b | c) | (b & c);
      |                ^
      |              (          )
/home/calvin/workspace/strata-integration-validation/source/sycl/include/dpct/util.hpp:1318:16: warning: '&' within '|' [-Wbitwise-op-parentheses]
 1318 |     result = a & b | c;
      |              ~~^~~ ~
/home/calvin/workspace/strata-integration-validation/source/sycl/include/dpct/util.hpp:1318:16: note: place parentheses around the '&' expression to silence this warning
 1318 |     result = a & b | c;
      |                ^
      |              (    )
In file included from /home/calvin/workspace/strata-integration-validation/source/sycl/src/core/mtp.cpp:4:
In file included from /home/calvin/workspace/strata-integration-validation/source/sycl/include/dpct/dpct.hpp:54:
/home/calvin/workspace/strata-integration-validation/source/sycl/include/dpct/kernel.hpp:50:57: warning: unused parameter 'function' [-Wunused-parameter]
   50 |                                             const void *function) {
      |                                                         ^
/home/calvin/workspace/strata-integration-validation/source/sycl/include/dpct/kernel.hpp:57:38: warning: unused parameter 'function' [-Wunused-parameter]
   57 | get_kernel_function_info(const void *function) {
      |                                      ^
In file included from /home/calvin/workspace/strata-integration-validation/source/sycl/src/core/mtp.cpp:4:
In file included from /home/calvin/workspace/strata-integration-validation/source/sycl/include/dpct/dpct.hpp:59:
/home/calvin/workspace/strata-integration-validation/source/sycl/include/dpct/bindless_images.hpp:629:35: warning: unused parameter 'q' [-Wunused-parameter]
  629 |   void unmap_resource(sycl::queue q) {
      |                                   ^
/home/calvin/workspace/strata-integration-validation/source/sycl/include/dpct/bindless_images.hpp:656:9: warning: field '_res_external_mem' will be initialized after field '_res_reg_flags' [-Wreorder-ctor]
  656 |       : _res_external_mem(external_mem), _res_reg_flags(reg_flags) {}
      |         ^~~~~~~~~~~~~~~~~~~~~~~~~~~~~~~  ~~~~~~~~~~~~~~~~~~~~~~~~~
      |         _res_reg_flags(reg_flags)        _res_external_mem(external_mem)
/home/calvin/workspace/strata-integration-validation/source/sycl/include/dpct/bindless_images.hpp:1163:24: warning: comparison of integers of different signs: 'size_t' (aka 'unsigned long') and 'int' [-Wsign-compare]
 1163 |   for (size_t i = 0; i < count; ++i) {
      |                      ~ ^ ~~~~~
/home/calvin/workspace/strata-integration-validation/source/sycl/include/dpct/bindless_images.hpp:1350:21: warning: comparison of integers of different signs: 'int' and 'unsigned int' [-Wsign-compare]
 1350 |   for (int i = 0; i < numExtSems; i++) {
      |                   ~ ^ ~~~~~~~~~~
/home/calvin/workspace/strata-integration-validation/source/sycl/include/dpct/bindless_images.hpp:1393:21: warning: comparison of integers of different signs: 'int' and 'unsigned int' [-Wsign-compare]
 1393 |   for (int i = 0; i < numExtSems; i++) {
      |                   ~ ^ ~~~~~~~~~~
/home/calvin/workspace/strata-integration-validation/source/sycl/include/dpct/bindless_images.hpp:1686:60: warning: unused parameter 'channel' [-Wunused-parameter]
 1686 |   void attach(image_mem_wrapper *mem, const image_channel &channel,
      |                                                            ^
In file included from /home/calvin/workspace/strata-integration-validation/source/sycl/src/core/mtp.cpp:12:
In file included from /home/calvin/workspace/strata-integration-validation/source/sycl/include/strata/core/peer_experts.hpp:22:
/home/calvin/workspace/strata-integration-validation/source/sycl/include/strata/core/expert_source.hpp:725:13: warning: 'reads' overrides a member function but is not marked 'override' [-Winconsistent-missing-override]
  725 |     int64_t reads() const { return reads_; }
      |             ^
/home/calvin/workspace/strata-integration-validation/source/sycl/include/strata/core/expert_source.hpp:140:21: note: overridden virtual function is here
  140 |     virtual int64_t reads() const { return 0; }
      |                     ^
/home/calvin/workspace/strata-integration-validation/source/sycl/src/core/mtp.cpp:505:9: warning: unused variable 'prio_lo' [-Wunused-variable]
  505 |     int prio_lo = 0, prio_hi = 0;
      |         ^~~~~~~
/home/calvin/workspace/strata-integration-validation/source/sycl/src/core/mtp.cpp:505:22: warning: unused variable 'prio_hi' [-Wunused-variable]
  505 |     int prio_lo = 0, prio_hi = 0;
      |                      ^~~~~~~
In file included from /home/calvin/workspace/strata-integration-validation/source/sycl/src/core/mtp.cpp:4:
In file included from /home/calvin/workspace/strata-integration-validation/source/sycl/include/dpct/dpct.hpp:53:
In file included from /home/calvin/workspace/strata-integration-validation/source/sycl/include/dpct/image.hpp:14:
/home/calvin/workspace/strata-integration-validation/source/sycl/include/dpct/memory.hpp:165:17: warning: 'static' function 'get_buffer' declared in header file should be declared 'static inline' [-Wunneeded-internal-declaration]
  165 | static buffer_t get_buffer(const void *ptr) {
      |                 ^~~~~~~~~~
/home/calvin/workspace/strata-integration-validation/source/sycl/include/dpct/memory.hpp:141:36: warning: 'static' function 'get_buffer_and_offset' declared in header file should be declared 'static inline' [-Wunneeded-internal-declaration]
  141 | static std::pair<buffer_t, size_t> get_buffer_and_offset(const void *ptr) {
      |                                    ^~~~~~~~~~~~~~~~~~~~~
/home/calvin/workspace/strata-integration-validation/source/sycl/include/dpct/memory.hpp:304:13: warning: unused function 'dpct_memcpy' [-Wunused-function]
  304 | static void dpct_memcpy(void *to_ptr, const void *from_ptr, size_t size,
      |             ^~~~~~~~~~~
/home/calvin/workspace/strata-integration-validation/source/sycl/include/dpct/memory.hpp:322:13: warning: unused function 'dpct_memcpy' [-Wunused-function]
  322 | static void dpct_memcpy(void *to_ptr, int to_dev_id, const void *from_ptr,
      |             ^~~~~~~~~~~
/home/calvin/workspace/strata-integration-validation/source/sycl/include/dpct/memory.hpp:340:13: warning: unused function 'async_dpct_memcpy' [-Wunused-function]
  340 | static void async_dpct_memcpy(void *to_ptr, const void *from_ptr, size_t size,
      |             ^~~~~~~~~~~~~~~~~
/home/calvin/workspace/strata-integration-validation/source/sycl/include/dpct/memory.hpp:358:13: warning: unused function 'async_dpct_memcpy' [-Wunused-function]
  358 | static void async_dpct_memcpy(void *to_ptr, int to_dev_id, const void *from_ptr,
      |             ^~~~~~~~~~~~~~~~~
/home/calvin/workspace/strata-integration-validation/source/sycl/include/dpct/memory.hpp:494:13: warning: unused function 'dpct_memset' [-Wunused-function]
  494 | static void dpct_memset(void *dev_ptr, int value, size_t size,
      |             ^~~~~~~~~~~
/home/calvin/workspace/strata-integration-validation/source/sycl/include/dpct/memory.hpp:507:13: warning: unused function 'dpct_memset_d16' [-Wunused-function]
  507 | static void dpct_memset_d16(void *dev_ptr, unsigned short value, size_t size,
      |             ^~~~~~~~~~~~~~~
/home/calvin/workspace/strata-integration-validation/source/sycl/include/dpct/memory.hpp:519:13: warning: unused function 'dpct_memset_d32' [-Wunused-function]
  519 | static void dpct_memset_d32(void *dev_ptr, unsigned int value, size_t size,
      |             ^~~~~~~~~~~~~~~
/home/calvin/workspace/strata-integration-validation/source/sycl/include/dpct/memory.hpp:532:13: warning: unused function 'async_dpct_memset' [-Wunused-function]
  532 | static void async_dpct_memset(void *dev_ptr, int value, size_t size,
      |             ^~~~~~~~~~~~~~~~~
/home/calvin/workspace/strata-integration-validation/source/sycl/include/dpct/memory.hpp:544:13: warning: unused function 'async_dpct_memset_d16' [-Wunused-function]
  544 | static void async_dpct_memset_d16(void *dev_ptr, unsigned short value, size_t size,
      |             ^~~~~~~~~~~~~~~~~~~~~
/home/calvin/workspace/strata-integration-validation/source/sycl/include/dpct/memory.hpp:556:13: warning: unused function 'async_dpct_memset_d32' [-Wunused-function]
  556 | static void async_dpct_memset_d32(void *dev_ptr, unsigned int value, size_t size,
      |             ^~~~~~~~~~~~~~~~~~~~~
In file included from /home/calvin/workspace/strata-integration-validation/source/sycl/src/core/mtp.cpp:4:
In file included from /home/calvin/workspace/strata-integration-validation/source/sycl/include/dpct/dpct.hpp:60:
/home/calvin/workspace/strata-integration-validation/source/sycl/include/dpct/graph.hpp:136:1: warning: unused function 'add_empty_node' [-Wunused-function]
  136 | add_empty_node(dpct::experimental::node_ptr *newNode,
      | ^~~~~~~~~~~~~~
/home/calvin/workspace/strata-integration-validation/source/sycl/include/dpct/graph.hpp:162:13: warning: unused function 'add_dependencies' [-Wunused-function]
  162 | static void add_dependencies(dpct::experimental::command_graph_ptr graph,
      |             ^~~~~~~~~~~~~~~~
/home/calvin/workspace/strata-integration-validation/source/sycl/include/dpct/graph.hpp:176:13: warning: unused function 'get_nodes' [-Wunused-function]
  176 | static void get_nodes(dpct::experimental::command_graph_ptr graph,
      |             ^~~~~~~~~
/home/calvin/workspace/strata-integration-validation/source/sycl/include/dpct/graph.hpp:187:13: warning: unused function 'get_root_nodes' [-Wunused-function]
  187 | static void get_root_nodes(dpct::experimental::command_graph_ptr graph,
      |             ^~~~~~~~~~~~~~
40 warnings generated.
In file included from /home/calvin/workspace/strata-integration-validation/source/sycl/src/core/mtp.cpp:4:
In file included from /home/calvin/workspace/strata-integration-validation/source/sycl/include/dpct/dpct.hpp:53:
In file included from /home/calvin/workspace/strata-integration-validation/source/sycl/include/dpct/image.hpp:14:
In file included from /home/calvin/workspace/strata-integration-validation/source/sycl/include/dpct/memory.hpp:112:
/home/calvin/workspace/strata-integration-validation/source/sycl/include/dpct/detail/memory_detail.hpp:343:30: warning: unused parameter 'direction' [-Wunused-parameter]
  343 |             memcpy_direction direction,
      |                              ^
/home/calvin/workspace/strata-integration-validation/source/sycl/include/dpct/detail/memory_detail.hpp:901:29: warning: unused parameter 'cgh' [-Wunused-parameter]
  901 |   get_access(sycl::handler &cgh) {
      |                             ^
In file included from /home/calvin/workspace/strata-integration-validation/source/sycl/src/core/mtp.cpp:4:
In file included from /home/calvin/workspace/strata-integration-validation/source/sycl/include/dpct/dpct.hpp:53:
In file included from /home/calvin/workspace/strata-integration-validation/source/sycl/include/dpct/image.hpp:14:
/home/calvin/workspace/strata-integration-validation/source/sycl/include/dpct/memory.hpp:816:23: warning: comparison of integers of different signs: 'int' and 'unsigned int' [-Wsign-compare]
  816 |     for (int i = 0; i < numAttributes; i++) {
      |                     ~ ^ ~~~~~~~~~~~~~
In file included from /home/calvin/workspace/strata-integration-validation/source/sycl/src/core/mtp.cpp:4:
In file included from /home/calvin/workspace/strata-integration-validation/source/sycl/include/dpct/dpct.hpp:53:
In file included from /home/calvin/workspace/strata-integration-validation/source/sycl/include/dpct/image.hpp:15:
/home/calvin/workspace/strata-integration-validation/source/sycl/include/dpct/util.hpp:959:15: warning: comparison of integers of different signs: 'int' and 'size_t' (aka 'unsigned long') [-Wsign-compare]
  959 |   if (wg_size > max_wg_size) {
      |       ~~~~~~~ ^ ~~~~~~~~~~~
/home/calvin/workspace/strata-integration-validation/source/sycl/include/dpct/util.hpp:1021:35: warning: comparison of integers of different signs: 'int' and 'size_t' (aka 'unsigned long') [-Wsign-compare]
 1021 |       max_ws_size_for_device_code >= max_wg_size)
      |       ~~~~~~~~~~~~~~~~~~~~~~~~~~~ ^  ~~~~~~~~~~~
/home/calvin/workspace/strata-integration-validation/source/sycl/include/dpct/util.hpp:1291:17: warning: '&' within '|' [-Wbitwise-op-parentheses]
 1291 |     result = (a & b | c) ^ a;
      |               ~~^~~ ~
/home/calvin/workspace/strata-integration-validation/source/sycl/include/dpct/util.hpp:1291:17: note: place parentheses around the '&' expression to silence this warning
 1291 |     result = (a & b | c) ^ a;
      |                 ^
      |               (    )
/home/calvin/workspace/strata-integration-validation/source/sycl/include/dpct/util.hpp:1315:16: warning: '&' within '|' [-Wbitwise-op-parentheses]
 1315 |     result = a & (b | c) | (b & c);
      |              ~~^~~~~~~~~ ~
/home/calvin/workspace/strata-integration-validation/source/sycl/include/dpct/util.hpp:1315:16: note: place parentheses around the '&' expression to silence this warning
 1315 |     result = a & (b | c) | (b & c);
      |                ^
      |              (          )
/home/calvin/workspace/strata-integration-validation/source/sycl/include/dpct/util.hpp:1318:16: warning: '&' within '|' [-Wbitwise-op-parentheses]
 1318 |     result = a & b | c;
      |              ~~^~~ ~
/home/calvin/workspace/strata-integration-validation/source/sycl/include/dpct/util.hpp:1318:16: note: place parentheses around the '&' expression to silence this warning
 1318 |     result = a & b | c;
      |                ^
      |              (    )
In file included from /home/calvin/workspace/strata-integration-validation/source/sycl/src/core/mtp.cpp:4:
In file included from /home/calvin/workspace/strata-integration-validation/source/sycl/include/dpct/dpct.hpp:54:
/home/calvin/workspace/strata-integration-validation/source/sycl/include/dpct/kernel.hpp:50:57: warning: unused parameter 'function' [-Wunused-parameter]
   50 |                                             const void *function) {
      |                                                         ^
/home/calvin/workspace/strata-integration-validation/source/sycl/include/dpct/kernel.hpp:57:38: warning: unused parameter 'function' [-Wunused-parameter]
   57 | get_kernel_function_info(const void *function) {
      |                                      ^
In file included from /home/calvin/workspace/strata-integration-validation/source/sycl/src/core/mtp.cpp:4:
In file included from /home/calvin/workspace/strata-integration-validation/source/sycl/include/dpct/dpct.hpp:59:
/home/calvin/workspace/strata-integration-validation/source/sycl/include/dpct/bindless_images.hpp:629:35: warning: unused parameter 'q' [-Wunused-parameter]
  629 |   void unmap_resource(sycl::queue q) {
      |                                   ^
/home/calvin/workspace/strata-integration-validation/source/sycl/include/dpct/bindless_images.hpp:656:9: warning: field '_res_external_mem' will be initialized after field '_res_reg_flags' [-Wreorder-ctor]
  656 |       : _res_external_mem(external_mem), _res_reg_flags(reg_flags) {}
      |         ^~~~~~~~~~~~~~~~~~~~~~~~~~~~~~~  ~~~~~~~~~~~~~~~~~~~~~~~~~
      |         _res_reg_flags(reg_flags)        _res_external_mem(external_mem)
/home/calvin/workspace/strata-integration-validation/source/sycl/include/dpct/bindless_images.hpp:1163:24: warning: comparison of integers of different signs: 'size_t' (aka 'unsigned long') and 'int' [-Wsign-compare]
 1163 |   for (size_t i = 0; i < count; ++i) {
      |                      ~ ^ ~~~~~
/home/calvin/workspace/strata-integration-validation/source/sycl/include/dpct/bindless_images.hpp:1350:21: warning: comparison of integers of different signs: 'int' and 'unsigned int' [-Wsign-compare]
 1350 |   for (int i = 0; i < numExtSems; i++) {
      |                   ~ ^ ~~~~~~~~~~
/home/calvin/workspace/strata-integration-validation/source/sycl/include/dpct/bindless_images.hpp:1393:21: warning: comparison of integers of different signs: 'int' and 'unsigned int' [-Wsign-compare]
 1393 |   for (int i = 0; i < numExtSems; i++) {
      |                   ~ ^ ~~~~~~~~~~
/home/calvin/workspace/strata-integration-validation/source/sycl/include/dpct/bindless_images.hpp:1686:60: warning: unused parameter 'channel' [-Wunused-parameter]
 1686 |   void attach(image_mem_wrapper *mem, const image_channel &channel,
      |                                                            ^
In file included from /home/calvin/workspace/strata-integration-validation/source/sycl/src/core/mtp.cpp:12:
In file included from /home/calvin/workspace/strata-integration-validation/source/sycl/include/strata/core/peer_experts.hpp:22:
/home/calvin/workspace/strata-integration-validation/source/sycl/include/strata/core/expert_source.hpp:725:13: warning: 'reads' overrides a member function but is not marked 'override' [-Winconsistent-missing-override]
  725 |     int64_t reads() const { return reads_; }
      |             ^
/home/calvin/workspace/strata-integration-validation/source/sycl/include/strata/core/expert_source.hpp:140:21: note: overridden virtual function is here
  140 |     virtual int64_t reads() const { return 0; }
      |                     ^
/home/calvin/workspace/strata-integration-validation/source/sycl/src/core/mtp.cpp:505:9: warning: unused variable 'prio_lo' [-Wunused-variable]
  505 |     int prio_lo = 0, prio_hi = 0;
      |         ^~~~~~~
/home/calvin/workspace/strata-integration-validation/source/sycl/src/core/mtp.cpp:505:22: warning: unused variable 'prio_hi' [-Wunused-variable]
  505 |     int prio_lo = 0, prio_hi = 0;
      |                      ^~~~~~~
In file included from /home/calvin/workspace/strata-integration-validation/source/sycl/src/core/mtp.cpp:4:
In file included from /home/calvin/workspace/strata-integration-validation/source/sycl/include/dpct/dpct.hpp:53:
In file included from /home/calvin/workspace/strata-integration-validation/source/sycl/include/dpct/image.hpp:14:
/home/calvin/workspace/strata-integration-validation/source/sycl/include/dpct/memory.hpp:165:17: warning: 'static' function 'get_buffer' declared in header file should be declared 'static inline' [-Wunneeded-internal-declaration]
  165 | static buffer_t get_buffer(const void *ptr) {
      |                 ^~~~~~~~~~
/home/calvin/workspace/strata-integration-validation/source/sycl/include/dpct/memory.hpp:141:36: warning: 'static' function 'get_buffer_and_offset' declared in header file should be declared 'static inline' [-Wunneeded-internal-declaration]
  141 | static std::pair<buffer_t, size_t> get_buffer_and_offset(const void *ptr) {
      |                                    ^~~~~~~~~~~~~~~~~~~~~
/home/calvin/workspace/strata-integration-validation/source/sycl/include/dpct/memory.hpp:304:13: warning: unused function 'dpct_memcpy' [-Wunused-function]
  304 | static void dpct_memcpy(void *to_ptr, const void *from_ptr, size_t size,
      |             ^~~~~~~~~~~
/home/calvin/workspace/strata-integration-validation/source/sycl/include/dpct/memory.hpp:322:13: warning: unused function 'dpct_memcpy' [-Wunused-function]
  322 | static void dpct_memcpy(void *to_ptr, int to_dev_id, const void *from_ptr,
      |             ^~~~~~~~~~~
/home/calvin/workspace/strata-integration-validation/source/sycl/include/dpct/memory.hpp:340:13: warning: unused function 'async_dpct_memcpy' [-Wunused-function]
  340 | static void async_dpct_memcpy(void *to_ptr, const void *from_ptr, size_t size,
      |             ^~~~~~~~~~~~~~~~~
/home/calvin/workspace/strata-integration-validation/source/sycl/include/dpct/memory.hpp:358:13: warning: unused function 'async_dpct_memcpy' [-Wunused-function]
  358 | static void async_dpct_memcpy(void *to_ptr, int to_dev_id, const void *from_ptr,
      |             ^~~~~~~~~~~~~~~~~
/home/calvin/workspace/strata-integration-validation/source/sycl/include/dpct/memory.hpp:494:13: warning: unused function 'dpct_memset' [-Wunused-function]
  494 | static void dpct_memset(void *dev_ptr, int value, size_t size,
      |             ^~~~~~~~~~~
/home/calvin/workspace/strata-integration-validation/source/sycl/include/dpct/memory.hpp:507:13: warning: unused function 'dpct_memset_d16' [-Wunused-function]
  507 | static void dpct_memset_d16(void *dev_ptr, unsigned short value, size_t size,
      |             ^~~~~~~~~~~~~~~
/home/calvin/workspace/strata-integration-validation/source/sycl/include/dpct/memory.hpp:519:13: warning: unused function 'dpct_memset_d32' [-Wunused-function]
  519 | static void dpct_memset_d32(void *dev_ptr, unsigned int value, size_t size,
      |             ^~~~~~~~~~~~~~~
/home/calvin/workspace/strata-integration-validation/source/sycl/include/dpct/memory.hpp:532:13: warning: unused function 'async_dpct_memset' [-Wunused-function]
  532 | static void async_dpct_memset(void *dev_ptr, int value, size_t size,
      |             ^~~~~~~~~~~~~~~~~
/home/calvin/workspace/strata-integration-validation/source/sycl/include/dpct/memory.hpp:544:13: warning: unused function 'async_dpct_memset_d16' [-Wunused-function]
  544 | static void async_dpct_memset_d16(void *dev_ptr, unsigned short value, size_t size,
      |             ^~~~~~~~~~~~~~~~~~~~~
/home/calvin/workspace/strata-integration-validation/source/sycl/include/dpct/memory.hpp:556:13: warning: unused function 'async_dpct_memset_d32' [-Wunused-function]
  556 | static void async_dpct_memset_d32(void *dev_ptr, unsigned int value, size_t size,
      |             ^~~~~~~~~~~~~~~~~~~~~
In file included from /home/calvin/workspace/strata-integration-validation/source/sycl/src/core/mtp.cpp:4:
In file included from /home/calvin/workspace/strata-integration-validation/source/sycl/include/dpct/dpct.hpp:60:
/home/calvin/workspace/strata-integration-validation/source/sycl/include/dpct/graph.hpp:136:1: warning: unused function 'add_empty_node' [-Wunused-function]
  136 | add_empty_node(dpct::experimental::node_ptr *newNode,
      | ^~~~~~~~~~~~~~
/home/calvin/workspace/strata-integration-validation/source/sycl/include/dpct/graph.hpp:162:13: warning: unused function 'add_dependencies' [-Wunused-function]
  162 | static void add_dependencies(dpct::experimental::command_graph_ptr graph,
      |             ^~~~~~~~~~~~~~~~
/home/calvin/workspace/strata-integration-validation/source/sycl/include/dpct/graph.hpp:176:13: warning: unused function 'get_nodes' [-Wunused-function]
  176 | static void get_nodes(dpct::experimental::command_graph_ptr graph,
      |             ^~~~~~~~~
/home/calvin/workspace/strata-integration-validation/source/sycl/include/dpct/graph.hpp:187:13: warning: unused function 'get_root_nodes' [-Wunused-function]
  187 | static void get_root_nodes(dpct::experimental::command_graph_ptr graph,
      |             ^~~~~~~~~~~~~~
35 warnings generated.
[6/12] Building CXX object CMakeFiles/strata_engine.dir/src/core/peer_experts.cpp.o
In file included from /home/calvin/workspace/strata-integration-validation/source/sycl/src/core/peer_experts.cpp:4:
In file included from /home/calvin/workspace/strata-integration-validation/source/sycl/include/strata/core/peer_experts.hpp:20:
In file included from /home/calvin/workspace/strata-integration-validation/source/sycl/include/dpct/dpct.hpp:53:
In file included from /home/calvin/workspace/strata-integration-validation/source/sycl/include/dpct/image.hpp:14:
In file included from /home/calvin/workspace/strata-integration-validation/source/sycl/include/dpct/memory.hpp:112:
/home/calvin/workspace/strata-integration-validation/source/sycl/include/dpct/detail/memory_detail.hpp:343:30: warning: unused parameter 'direction' [-Wunused-parameter]
  343 |             memcpy_direction direction,
      |                              ^
/home/calvin/workspace/strata-integration-validation/source/sycl/include/dpct/detail/memory_detail.hpp:901:29: warning: unused parameter 'cgh' [-Wunused-parameter]
  901 |   get_access(sycl::handler &cgh) {
      |                             ^
In file included from /home/calvin/workspace/strata-integration-validation/source/sycl/src/core/peer_experts.cpp:4:
In file included from /home/calvin/workspace/strata-integration-validation/source/sycl/include/strata/core/peer_experts.hpp:20:
In file included from /home/calvin/workspace/strata-integration-validation/source/sycl/include/dpct/dpct.hpp:53:
In file included from /home/calvin/workspace/strata-integration-validation/source/sycl/include/dpct/image.hpp:14:
/home/calvin/workspace/strata-integration-validation/source/sycl/include/dpct/memory.hpp:816:23: warning: comparison of integers of different signs: 'int' and 'unsigned int' [-Wsign-compare]
  816 |     for (int i = 0; i < numAttributes; i++) {
      |                     ~ ^ ~~~~~~~~~~~~~
In file included from /home/calvin/workspace/strata-integration-validation/source/sycl/src/core/peer_experts.cpp:4:
In file included from /home/calvin/workspace/strata-integration-validation/source/sycl/include/strata/core/peer_experts.hpp:20:
In file included from /home/calvin/workspace/strata-integration-validation/source/sycl/include/dpct/dpct.hpp:53:
In file included from /home/calvin/workspace/strata-integration-validation/source/sycl/include/dpct/image.hpp:15:
/home/calvin/workspace/strata-integration-validation/source/sycl/include/dpct/util.hpp:466:38: warning: unused parameter 'member_mask' [-Wunused-parameter]
  466 | T select_from_sub_group(unsigned int member_mask,
      |                                      ^
/home/calvin/workspace/strata-integration-validation/source/sycl/include/dpct/util.hpp:507:37: warning: unused parameter 'member_mask' [-Wunused-parameter]
  507 | T shift_sub_group_left(unsigned int member_mask,
      |                                     ^
/home/calvin/workspace/strata-integration-validation/source/sycl/include/dpct/util.hpp:551:38: warning: unused parameter 'member_mask' [-Wunused-parameter]
  551 | T shift_sub_group_right(unsigned int member_mask,
      |                                      ^
/home/calvin/workspace/strata-integration-validation/source/sycl/include/dpct/util.hpp:671:41: warning: unused parameter 'member_mask' [-Wunused-parameter]
  671 | T permute_sub_group_by_xor(unsigned int member_mask,
      |                                         ^
/home/calvin/workspace/strata-integration-validation/source/sycl/include/dpct/util.hpp:680:47: warning: comparison of integers of different signs: 'unsigned int' and 'int' [-Wsign-compare]
  680 |   unsigned logical_remote_id = (target_offset < logical_sub_group_size) ? start_index + target_offset : id;
      |                                 ~~~~~~~~~~~~~ ^ ~~~~~~~~~~~~~~~~~~~~~~
/home/calvin/workspace/strata-integration-validation/source/sycl/include/dpct/util.hpp:959:15: warning: comparison of integers of different signs: 'int' and 'size_t' (aka 'unsigned long') [-Wsign-compare]
  959 |   if (wg_size > max_wg_size) {
      |       ~~~~~~~ ^ ~~~~~~~~~~~
/home/calvin/workspace/strata-integration-validation/source/sycl/include/dpct/util.hpp:1021:35: warning: comparison of integers of different signs: 'int' and 'size_t' (aka 'unsigned long') [-Wsign-compare]
 1021 |       max_ws_size_for_device_code >= max_wg_size)
      |       ~~~~~~~~~~~~~~~~~~~~~~~~~~~ ^  ~~~~~~~~~~~
/home/calvin/workspace/strata-integration-validation/source/sycl/include/dpct/util.hpp:1291:17: warning: '&' within '|' [-Wbitwise-op-parentheses]
 1291 |     result = (a & b | c) ^ a;
      |               ~~^~~ ~
/home/calvin/workspace/strata-integration-validation/source/sycl/include/dpct/util.hpp:1291:17: note: place parentheses around the '&' expression to silence this warning
 1291 |     result = (a & b | c) ^ a;
      |                 ^
      |               (    )
/home/calvin/workspace/strata-integration-validation/source/sycl/include/dpct/util.hpp:1315:16: warning: '&' within '|' [-Wbitwise-op-parentheses]
 1315 |     result = a & (b | c) | (b & c);
      |              ~~^~~~~~~~~ ~
/home/calvin/workspace/strata-integration-validation/source/sycl/include/dpct/util.hpp:1315:16: note: place parentheses around the '&' expression to silence this warning
 1315 |     result = a & (b | c) | (b & c);
      |                ^
      |              (          )
/home/calvin/workspace/strata-integration-validation/source/sycl/include/dpct/util.hpp:1318:16: warning: '&' within '|' [-Wbitwise-op-parentheses]
 1318 |     result = a & b | c;
      |              ~~^~~ ~
/home/calvin/workspace/strata-integration-validation/source/sycl/include/dpct/util.hpp:1318:16: note: place parentheses around the '&' expression to silence this warning
 1318 |     result = a & b | c;
      |                ^
      |              (    )
In file included from /home/calvin/workspace/strata-integration-validation/source/sycl/src/core/peer_experts.cpp:4:
In file included from /home/calvin/workspace/strata-integration-validation/source/sycl/include/strata/core/peer_experts.hpp:20:
In file included from /home/calvin/workspace/strata-integration-validation/source/sycl/include/dpct/dpct.hpp:54:
/home/calvin/workspace/strata-integration-validation/source/sycl/include/dpct/kernel.hpp:50:57: warning: unused parameter 'function' [-Wunused-parameter]
   50 |                                             const void *function) {
      |                                                         ^
/home/calvin/workspace/strata-integration-validation/source/sycl/include/dpct/kernel.hpp:57:38: warning: unused parameter 'function' [-Wunused-parameter]
   57 | get_kernel_function_info(const void *function) {
      |                                      ^
In file included from /home/calvin/workspace/strata-integration-validation/source/sycl/src/core/peer_experts.cpp:4:
In file included from /home/calvin/workspace/strata-integration-validation/source/sycl/include/strata/core/peer_experts.hpp:20:
In file included from /home/calvin/workspace/strata-integration-validation/source/sycl/include/dpct/dpct.hpp:59:
/home/calvin/workspace/strata-integration-validation/source/sycl/include/dpct/bindless_images.hpp:629:35: warning: unused parameter 'q' [-Wunused-parameter]
  629 |   void unmap_resource(sycl::queue q) {
      |                                   ^
/home/calvin/workspace/strata-integration-validation/source/sycl/include/dpct/bindless_images.hpp:656:9: warning: field '_res_external_mem' will be initialized after field '_res_reg_flags' [-Wreorder-ctor]
  656 |       : _res_external_mem(external_mem), _res_reg_flags(reg_flags) {}
      |         ^~~~~~~~~~~~~~~~~~~~~~~~~~~~~~~  ~~~~~~~~~~~~~~~~~~~~~~~~~
      |         _res_reg_flags(reg_flags)        _res_external_mem(external_mem)
/home/calvin/workspace/strata-integration-validation/source/sycl/include/dpct/bindless_images.hpp:1163:24: warning: comparison of integers of different signs: 'size_t' (aka 'unsigned long') and 'int' [-Wsign-compare]
 1163 |   for (size_t i = 0; i < count; ++i) {
      |                      ~ ^ ~~~~~
/home/calvin/workspace/strata-integration-validation/source/sycl/include/dpct/bindless_images.hpp:1350:21: warning: comparison of integers of different signs: 'int' and 'unsigned int' [-Wsign-compare]
 1350 |   for (int i = 0; i < numExtSems; i++) {
      |                   ~ ^ ~~~~~~~~~~
/home/calvin/workspace/strata-integration-validation/source/sycl/include/dpct/bindless_images.hpp:1393:21: warning: comparison of integers of different signs: 'int' and 'unsigned int' [-Wsign-compare]
 1393 |   for (int i = 0; i < numExtSems; i++) {
      |                   ~ ^ ~~~~~~~~~~
/home/calvin/workspace/strata-integration-validation/source/sycl/include/dpct/bindless_images.hpp:1686:60: warning: unused parameter 'channel' [-Wunused-parameter]
 1686 |   void attach(image_mem_wrapper *mem, const image_channel &channel,
      |                                                            ^
In file included from /home/calvin/workspace/strata-integration-validation/source/sycl/src/core/peer_experts.cpp:4:
In file included from /home/calvin/workspace/strata-integration-validation/source/sycl/include/strata/core/peer_experts.hpp:22:
/home/calvin/workspace/strata-integration-validation/source/sycl/include/strata/core/expert_source.hpp:725:13: warning: 'reads' overrides a member function but is not marked 'override' [-Winconsistent-missing-override]
  725 |     int64_t reads() const { return reads_; }
      |             ^
/home/calvin/workspace/strata-integration-validation/source/sycl/include/strata/core/expert_source.hpp:140:21: note: overridden virtual function is here
  140 |     virtual int64_t reads() const { return 0; }
      |                     ^
In file included from /home/calvin/workspace/strata-integration-validation/source/sycl/src/core/peer_experts.cpp:4:
In file included from /home/calvin/workspace/strata-integration-validation/source/sycl/include/strata/core/peer_experts.hpp:20:
In file included from /home/calvin/workspace/strata-integration-validation/source/sycl/include/dpct/dpct.hpp:52:
/home/calvin/workspace/strata-integration-validation/source/sycl/include/dpct/device.hpp:93:13: warning: unused function 'destroy_event' [-Wunused-function]
   93 | static void destroy_event(event_ptr event) {
      |             ^~~~~~~~~~~~~
In file included from /home/calvin/workspace/strata-integration-validation/source/sycl/src/core/peer_experts.cpp:4:
In file included from /home/calvin/workspace/strata-integration-validation/source/sycl/include/strata/core/peer_experts.hpp:20:
In file included from /home/calvin/workspace/strata-integration-validation/source/sycl/include/dpct/dpct.hpp:53:
In file included from /home/calvin/workspace/strata-integration-validation/source/sycl/include/dpct/image.hpp:14:
/home/calvin/workspace/strata-integration-validation/source/sycl/include/dpct/memory.hpp:165:17: warning: 'static' function 'get_buffer' declared in header file should be declared 'static inline' [-Wunneeded-internal-declaration]
  165 | static buffer_t get_buffer(const void *ptr) {
      |                 ^~~~~~~~~~
/home/calvin/workspace/strata-integration-validation/source/sycl/include/dpct/memory.hpp:141:36: warning: 'static' function 'get_buffer_and_offset' declared in header file should be declared 'static inline' [-Wunneeded-internal-declaration]
  141 | static std::pair<buffer_t, size_t> get_buffer_and_offset(const void *ptr) {
      |                                    ^~~~~~~~~~~~~~~~~~~~~
/home/calvin/workspace/strata-integration-validation/source/sycl/include/dpct/memory.hpp:304:13: warning: unused function 'dpct_memcpy' [-Wunused-function]
  304 | static void dpct_memcpy(void *to_ptr, const void *from_ptr, size_t size,
      |             ^~~~~~~~~~~
/home/calvin/workspace/strata-integration-validation/source/sycl/include/dpct/memory.hpp:322:13: warning: unused function 'dpct_memcpy' [-Wunused-function]
  322 | static void dpct_memcpy(void *to_ptr, int to_dev_id, const void *from_ptr,
      |             ^~~~~~~~~~~
/home/calvin/workspace/strata-integration-validation/source/sycl/include/dpct/memory.hpp:340:13: warning: unused function 'async_dpct_memcpy' [-Wunused-function]
  340 | static void async_dpct_memcpy(void *to_ptr, const void *from_ptr, size_t size,
      |             ^~~~~~~~~~~~~~~~~
/home/calvin/workspace/strata-integration-validation/source/sycl/include/dpct/memory.hpp:358:13: warning: unused function 'async_dpct_memcpy' [-Wunused-function]
  358 | static void async_dpct_memcpy(void *to_ptr, int to_dev_id, const void *from_ptr,
      |             ^~~~~~~~~~~~~~~~~
/home/calvin/workspace/strata-integration-validation/source/sycl/include/dpct/memory.hpp:494:13: warning: unused function 'dpct_memset' [-Wunused-function]
  494 | static void dpct_memset(void *dev_ptr, int value, size_t size,
      |             ^~~~~~~~~~~
/home/calvin/workspace/strata-integration-validation/source/sycl/include/dpct/memory.hpp:507:13: warning: unused function 'dpct_memset_d16' [-Wunused-function]
  507 | static void dpct_memset_d16(void *dev_ptr, unsigned short value, size_t size,
      |             ^~~~~~~~~~~~~~~
/home/calvin/workspace/strata-integration-validation/source/sycl/include/dpct/memory.hpp:519:13: warning: unused function 'dpct_memset_d32' [-Wunused-function]
  519 | static void dpct_memset_d32(void *dev_ptr, unsigned int value, size_t size,
      |             ^~~~~~~~~~~~~~~
/home/calvin/workspace/strata-integration-validation/source/sycl/include/dpct/memory.hpp:532:13: warning: unused function 'async_dpct_memset' [-Wunused-function]
  532 | static void async_dpct_memset(void *dev_ptr, int value, size_t size,
      |             ^~~~~~~~~~~~~~~~~
/home/calvin/workspace/strata-integration-validation/source/sycl/include/dpct/memory.hpp:544:13: warning: unused function 'async_dpct_memset_d16' [-Wunused-function]
  544 | static void async_dpct_memset_d16(void *dev_ptr, unsigned short value, size_t size,
      |             ^~~~~~~~~~~~~~~~~~~~~
/home/calvin/workspace/strata-integration-validation/source/sycl/include/dpct/memory.hpp:556:13: warning: unused function 'async_dpct_memset_d32' [-Wunused-function]
  556 | static void async_dpct_memset_d32(void *dev_ptr, unsigned int value, size_t size,
      |             ^~~~~~~~~~~~~~~~~~~~~
In file included from /home/calvin/workspace/strata-integration-validation/source/sycl/src/core/peer_experts.cpp:4:
In file included from /home/calvin/workspace/strata-integration-validation/source/sycl/include/strata/core/peer_experts.hpp:20:
In file included from /home/calvin/workspace/strata-integration-validation/source/sycl/include/dpct/dpct.hpp:60:
/home/calvin/workspace/strata-integration-validation/source/sycl/include/dpct/graph.hpp:136:1: warning: unused function 'add_empty_node' [-Wunused-function]
  136 | add_empty_node(dpct::experimental::node_ptr *newNode,
      | ^~~~~~~~~~~~~~
/home/calvin/workspace/strata-integration-validation/source/sycl/include/dpct/graph.hpp:162:13: warning: unused function 'add_dependencies' [-Wunused-function]
  162 | static void add_dependencies(dpct::experimental::command_graph_ptr graph,
      |             ^~~~~~~~~~~~~~~~
/home/calvin/workspace/strata-integration-validation/source/sycl/include/dpct/graph.hpp:176:13: warning: unused function 'get_nodes' [-Wunused-function]
  176 | static void get_nodes(dpct::experimental::command_graph_ptr graph,
      |             ^~~~~~~~~
/home/calvin/workspace/strata-integration-validation/source/sycl/include/dpct/graph.hpp:187:13: warning: unused function 'get_root_nodes' [-Wunused-function]
  187 | static void get_root_nodes(dpct::experimental::command_graph_ptr graph,
      |             ^~~~~~~~~~~~~~
In file included from /home/calvin/workspace/strata-integration-validation/source/sycl/src/core/peer_experts.cpp:4:
/home/calvin/workspace/strata-integration-validation/source/sycl/include/strata/core/peer_experts.hpp:89:13: warning: private field 'n_layers_' is not used [-Wunused-private-field]
   89 |     int64_t n_layers_ = 0, n_expert_ = 0;
      |             ^
/home/calvin/workspace/strata-integration-validation/source/sycl/include/strata/core/peer_experts.hpp:91:19: warning: private field 'src_' is not used [-Wunused-private-field]
   91 |     ExpertSource* src_ = nullptr;
      |                   ^
/home/calvin/workspace/strata-integration-validation/source/sycl/include/strata/core/peer_experts.hpp:95:21: warning: private field 'stream_' is not used [-Wunused-private-field]
   95 |     dpct::queue_ptr stream_ = &dpct::get_in_order_queue(),
      |                     ^
/home/calvin/workspace/strata-integration-validation/source/sycl/include/strata/core/peer_experts.hpp:96:21: warning: private field 'refill_' is not used [-Wunused-private-field]
   96 |                     refill_ = &dpct::get_in_order_queue();
      |                     ^
/home/calvin/workspace/strata-integration-validation/source/sycl/include/strata/core/peer_experts.hpp:97:21: warning: private field 'refill_ev_' is not used [-Wunused-private-field]
   97 |     dpct::event_ptr refill_ev_ = nullptr;
      |                     ^
/home/calvin/workspace/strata-integration-validation/source/sycl/include/strata/core/peer_experts.hpp:98:12: warning: private field 'h_x_' is not used [-Wunused-private-field]
   98 |     float* h_x_ = nullptr;   float* d_x_ = nullptr;   // n_tok x n_embd
      |            ^
/home/calvin/workspace/strata-integration-validation/source/sycl/include/strata/core/peer_experts.hpp:98:37: warning: private field 'd_x_' is not used [-Wunused-private-field]
   98 |     float* h_x_ = nullptr;   float* d_x_ = nullptr;   // n_tok x n_embd
      |                                     ^
/home/calvin/workspace/strata-integration-validation/source/sycl/include/strata/core/peer_experts.hpp:99:12: warning: private field 'h_out_' is not used [-Wunused-private-field]
   99 |     float* h_out_ = nullptr; float* d_out_ = nullptr; // compact rows
      |            ^
/home/calvin/workspace/strata-integration-validation/source/sycl/include/strata/core/peer_experts.hpp:99:37: warning: private field 'd_out_' is not used [-Wunused-private-field]
   99 |     float* h_out_ = nullptr; float* d_out_ = nullptr; // compact rows
      |                                     ^
/home/calvin/workspace/strata-integration-validation/source/sycl/include/strata/core/peer_experts.hpp:100:11: warning: private field 'h_meta_' is not used [-Wunused-private-field]
  100 |     void* h_meta_ = nullptr; void* d_meta_ = nullptr; // groups: ptr | start | dst | tok | count
      |           ^
/home/calvin/workspace/strata-integration-validation/source/sycl/include/strata/core/peer_experts.hpp:100:36: warning: private field 'd_meta_' is not used [-Wunused-private-field]
  100 |     void* h_meta_ = nullptr; void* d_meta_ = nullptr; // groups: ptr | start | dst | tok | count
      |                                    ^
/home/calvin/workspace/strata-integration-validation/source/sycl/include/strata/core/peer_experts.hpp:101:14: warning: private field 'd_q8_' is not used [-Wunused-private-field]
  101 |     uint8_t* d_q8_ = nullptr;
      |              ^
/home/calvin/workspace/strata-integration-validation/source/sycl/include/strata/core/peer_experts.hpp:102:11: warning: private field 'd_scratch_' is not used [-Wunused-private-field]
  102 |     void* d_scratch_ = nullptr;
      |           ^
/home/calvin/workspace/strata-integration-validation/source/sycl/include/strata/core/peer_experts.hpp:104:13: warning: private field 'launched_rows_' is not used [-Wunused-private-field]
  104 |     int64_t launched_rows_ = 0;
      |             ^
53 warnings generated.
In file included from /home/calvin/workspace/strata-integration-validation/source/sycl/src/core/peer_experts.cpp:4:
In file included from /home/calvin/workspace/strata-integration-validation/source/sycl/include/strata/core/peer_experts.hpp:20:
In file included from /home/calvin/workspace/strata-integration-validation/source/sycl/include/dpct/dpct.hpp:53:
In file included from /home/calvin/workspace/strata-integration-validation/source/sycl/include/dpct/image.hpp:14:
In file included from /home/calvin/workspace/strata-integration-validation/source/sycl/include/dpct/memory.hpp:112:
/home/calvin/workspace/strata-integration-validation/source/sycl/include/dpct/detail/memory_detail.hpp:343:30: warning: unused parameter 'direction' [-Wunused-parameter]
  343 |             memcpy_direction direction,
      |                              ^
/home/calvin/workspace/strata-integration-validation/source/sycl/include/dpct/detail/memory_detail.hpp:901:29: warning: unused parameter 'cgh' [-Wunused-parameter]
  901 |   get_access(sycl::handler &cgh) {
      |                             ^
In file included from /home/calvin/workspace/strata-integration-validation/source/sycl/src/core/peer_experts.cpp:4:
In file included from /home/calvin/workspace/strata-integration-validation/source/sycl/include/strata/core/peer_experts.hpp:20:
In file included from /home/calvin/workspace/strata-integration-validation/source/sycl/include/dpct/dpct.hpp:53:
In file included from /home/calvin/workspace/strata-integration-validation/source/sycl/include/dpct/image.hpp:14:
/home/calvin/workspace/strata-integration-validation/source/sycl/include/dpct/memory.hpp:816:23: warning: comparison of integers of different signs: 'int' and 'unsigned int' [-Wsign-compare]
  816 |     for (int i = 0; i < numAttributes; i++) {
      |                     ~ ^ ~~~~~~~~~~~~~
In file included from /home/calvin/workspace/strata-integration-validation/source/sycl/src/core/peer_experts.cpp:4:
In file included from /home/calvin/workspace/strata-integration-validation/source/sycl/include/strata/core/peer_experts.hpp:20:
In file included from /home/calvin/workspace/strata-integration-validation/source/sycl/include/dpct/dpct.hpp:53:
In file included from /home/calvin/workspace/strata-integration-validation/source/sycl/include/dpct/image.hpp:15:
/home/calvin/workspace/strata-integration-validation/source/sycl/include/dpct/util.hpp:959:15: warning: comparison of integers of different signs: 'int' and 'size_t' (aka 'unsigned long') [-Wsign-compare]
  959 |   if (wg_size > max_wg_size) {
      |       ~~~~~~~ ^ ~~~~~~~~~~~
/home/calvin/workspace/strata-integration-validation/source/sycl/include/dpct/util.hpp:1021:35: warning: comparison of integers of different signs: 'int' and 'size_t' (aka 'unsigned long') [-Wsign-compare]
 1021 |       max_ws_size_for_device_code >= max_wg_size)
      |       ~~~~~~~~~~~~~~~~~~~~~~~~~~~ ^  ~~~~~~~~~~~
/home/calvin/workspace/strata-integration-validation/source/sycl/include/dpct/util.hpp:1291:17: warning: '&' within '|' [-Wbitwise-op-parentheses]
 1291 |     result = (a & b | c) ^ a;
      |               ~~^~~ ~
/home/calvin/workspace/strata-integration-validation/source/sycl/include/dpct/util.hpp:1291:17: note: place parentheses around the '&' expression to silence this warning
 1291 |     result = (a & b | c) ^ a;
      |                 ^
      |               (    )
/home/calvin/workspace/strata-integration-validation/source/sycl/include/dpct/util.hpp:1315:16: warning: '&' within '|' [-Wbitwise-op-parentheses]
 1315 |     result = a & (b | c) | (b & c);
      |              ~~^~~~~~~~~ ~
/home/calvin/workspace/strata-integration-validation/source/sycl/include/dpct/util.hpp:1315:16: note: place parentheses around the '&' expression to silence this warning
 1315 |     result = a & (b | c) | (b & c);
      |                ^
      |              (          )
/home/calvin/workspace/strata-integration-validation/source/sycl/include/dpct/util.hpp:1318:16: warning: '&' within '|' [-Wbitwise-op-parentheses]
 1318 |     result = a & b | c;
      |              ~~^~~ ~
/home/calvin/workspace/strata-integration-validation/source/sycl/include/dpct/util.hpp:1318:16: note: place parentheses around the '&' expression to silence this warning
 1318 |     result = a & b | c;
      |                ^
      |              (    )
In file included from /home/calvin/workspace/strata-integration-validation/source/sycl/src/core/peer_experts.cpp:4:
In file included from /home/calvin/workspace/strata-integration-validation/source/sycl/include/strata/core/peer_experts.hpp:20:
In file included from /home/calvin/workspace/strata-integration-validation/source/sycl/include/dpct/dpct.hpp:54:
/home/calvin/workspace/strata-integration-validation/source/sycl/include/dpct/kernel.hpp:50:57: warning: unused parameter 'function' [-Wunused-parameter]
   50 |                                             const void *function) {
      |                                                         ^
/home/calvin/workspace/strata-integration-validation/source/sycl/include/dpct/kernel.hpp:57:38: warning: unused parameter 'function' [-Wunused-parameter]
   57 | get_kernel_function_info(const void *function) {
      |                                      ^
In file included from /home/calvin/workspace/strata-integration-validation/source/sycl/src/core/peer_experts.cpp:4:
In file included from /home/calvin/workspace/strata-integration-validation/source/sycl/include/strata/core/peer_experts.hpp:20:
In file included from /home/calvin/workspace/strata-integration-validation/source/sycl/include/dpct/dpct.hpp:59:
/home/calvin/workspace/strata-integration-validation/source/sycl/include/dpct/bindless_images.hpp:629:35: warning: unused parameter 'q' [-Wunused-parameter]
  629 |   void unmap_resource(sycl::queue q) {
      |                                   ^
/home/calvin/workspace/strata-integration-validation/source/sycl/include/dpct/bindless_images.hpp:656:9: warning: field '_res_external_mem' will be initialized after field '_res_reg_flags' [-Wreorder-ctor]
  656 |       : _res_external_mem(external_mem), _res_reg_flags(reg_flags) {}
      |         ^~~~~~~~~~~~~~~~~~~~~~~~~~~~~~~  ~~~~~~~~~~~~~~~~~~~~~~~~~
      |         _res_reg_flags(reg_flags)        _res_external_mem(external_mem)
/home/calvin/workspace/strata-integration-validation/source/sycl/include/dpct/bindless_images.hpp:1163:24: warning: comparison of integers of different signs: 'size_t' (aka 'unsigned long') and 'int' [-Wsign-compare]
 1163 |   for (size_t i = 0; i < count; ++i) {
      |                      ~ ^ ~~~~~
/home/calvin/workspace/strata-integration-validation/source/sycl/include/dpct/bindless_images.hpp:1350:21: warning: comparison of integers of different signs: 'int' and 'unsigned int' [-Wsign-compare]
 1350 |   for (int i = 0; i < numExtSems; i++) {
      |                   ~ ^ ~~~~~~~~~~
/home/calvin/workspace/strata-integration-validation/source/sycl/include/dpct/bindless_images.hpp:1393:21: warning: comparison of integers of different signs: 'int' and 'unsigned int' [-Wsign-compare]
 1393 |   for (int i = 0; i < numExtSems; i++) {
      |                   ~ ^ ~~~~~~~~~~
/home/calvin/workspace/strata-integration-validation/source/sycl/include/dpct/bindless_images.hpp:1686:60: warning: unused parameter 'channel' [-Wunused-parameter]
 1686 |   void attach(image_mem_wrapper *mem, const image_channel &channel,
      |                                                            ^
In file included from /home/calvin/workspace/strata-integration-validation/source/sycl/src/core/peer_experts.cpp:4:
In file included from /home/calvin/workspace/strata-integration-validation/source/sycl/include/strata/core/peer_experts.hpp:22:
/home/calvin/workspace/strata-integration-validation/source/sycl/include/strata/core/expert_source.hpp:725:13: warning: 'reads' overrides a member function but is not marked 'override' [-Winconsistent-missing-override]
  725 |     int64_t reads() const { return reads_; }
      |             ^
/home/calvin/workspace/strata-integration-validation/source/sycl/include/strata/core/expert_source.hpp:140:21: note: overridden virtual function is here
  140 |     virtual int64_t reads() const { return 0; }
      |                     ^
In file included from /home/calvin/workspace/strata-integration-validation/source/sycl/src/core/peer_experts.cpp:4:
In file included from /home/calvin/workspace/strata-integration-validation/source/sycl/include/strata/core/peer_experts.hpp:20:
In file included from /home/calvin/workspace/strata-integration-validation/source/sycl/include/dpct/dpct.hpp:52:
/home/calvin/workspace/strata-integration-validation/source/sycl/include/dpct/device.hpp:93:13: warning: unused function 'destroy_event' [-Wunused-function]
   93 | static void destroy_event(event_ptr event) {
      |             ^~~~~~~~~~~~~
In file included from /home/calvin/workspace/strata-integration-validation/source/sycl/src/core/peer_experts.cpp:4:
In file included from /home/calvin/workspace/strata-integration-validation/source/sycl/include/strata/core/peer_experts.hpp:20:
In file included from /home/calvin/workspace/strata-integration-validation/source/sycl/include/dpct/dpct.hpp:53:
In file included from /home/calvin/workspace/strata-integration-validation/source/sycl/include/dpct/image.hpp:14:
/home/calvin/workspace/strata-integration-validation/source/sycl/include/dpct/memory.hpp:165:17: warning: 'static' function 'get_buffer' declared in header file should be declared 'static inline' [-Wunneeded-internal-declaration]
  165 | static buffer_t get_buffer(const void *ptr) {
      |                 ^~~~~~~~~~
/home/calvin/workspace/strata-integration-validation/source/sycl/include/dpct/memory.hpp:141:36: warning: 'static' function 'get_buffer_and_offset' declared in header file should be declared 'static inline' [-Wunneeded-internal-declaration]
  141 | static std::pair<buffer_t, size_t> get_buffer_and_offset(const void *ptr) {
      |                                    ^~~~~~~~~~~~~~~~~~~~~
/home/calvin/workspace/strata-integration-validation/source/sycl/include/dpct/memory.hpp:304:13: warning: unused function 'dpct_memcpy' [-Wunused-function]
  304 | static void dpct_memcpy(void *to_ptr, const void *from_ptr, size_t size,
      |             ^~~~~~~~~~~
/home/calvin/workspace/strata-integration-validation/source/sycl/include/dpct/memory.hpp:322:13: warning: unused function 'dpct_memcpy' [-Wunused-function]
  322 | static void dpct_memcpy(void *to_ptr, int to_dev_id, const void *from_ptr,
      |             ^~~~~~~~~~~
/home/calvin/workspace/strata-integration-validation/source/sycl/include/dpct/memory.hpp:340:13: warning: unused function 'async_dpct_memcpy' [-Wunused-function]
  340 | static void async_dpct_memcpy(void *to_ptr, const void *from_ptr, size_t size,
      |             ^~~~~~~~~~~~~~~~~
/home/calvin/workspace/strata-integration-validation/source/sycl/include/dpct/memory.hpp:358:13: warning: unused function 'async_dpct_memcpy' [-Wunused-function]
  358 | static void async_dpct_memcpy(void *to_ptr, int to_dev_id, const void *from_ptr,
      |             ^~~~~~~~~~~~~~~~~
/home/calvin/workspace/strata-integration-validation/source/sycl/include/dpct/memory.hpp:494:13: warning: unused function 'dpct_memset' [-Wunused-function]
  494 | static void dpct_memset(void *dev_ptr, int value, size_t size,
      |             ^~~~~~~~~~~
/home/calvin/workspace/strata-integration-validation/source/sycl/include/dpct/memory.hpp:507:13: warning: unused function 'dpct_memset_d16' [-Wunused-function]
  507 | static void dpct_memset_d16(void *dev_ptr, unsigned short value, size_t size,
      |             ^~~~~~~~~~~~~~~
/home/calvin/workspace/strata-integration-validation/source/sycl/include/dpct/memory.hpp:519:13: warning: unused function 'dpct_memset_d32' [-Wunused-function]
  519 | static void dpct_memset_d32(void *dev_ptr, unsigned int value, size_t size,
      |             ^~~~~~~~~~~~~~~
/home/calvin/workspace/strata-integration-validation/source/sycl/include/dpct/memory.hpp:532:13: warning: unused function 'async_dpct_memset' [-Wunused-function]
  532 | static void async_dpct_memset(void *dev_ptr, int value, size_t size,
      |             ^~~~~~~~~~~~~~~~~
/home/calvin/workspace/strata-integration-validation/source/sycl/include/dpct/memory.hpp:544:13: warning: unused function 'async_dpct_memset_d16' [-Wunused-function]
  544 | static void async_dpct_memset_d16(void *dev_ptr, unsigned short value, size_t size,
      |             ^~~~~~~~~~~~~~~~~~~~~
/home/calvin/workspace/strata-integration-validation/source/sycl/include/dpct/memory.hpp:556:13: warning: unused function 'async_dpct_memset_d32' [-Wunused-function]
  556 | static void async_dpct_memset_d32(void *dev_ptr, unsigned int value, size_t size,
      |             ^~~~~~~~~~~~~~~~~~~~~
In file included from /home/calvin/workspace/strata-integration-validation/source/sycl/src/core/peer_experts.cpp:4:
In file included from /home/calvin/workspace/strata-integration-validation/source/sycl/include/strata/core/peer_experts.hpp:20:
In file included from /home/calvin/workspace/strata-integration-validation/source/sycl/include/dpct/dpct.hpp:60:
/home/calvin/workspace/strata-integration-validation/source/sycl/include/dpct/graph.hpp:136:1: warning: unused function 'add_empty_node' [-Wunused-function]
  136 | add_empty_node(dpct::experimental::node_ptr *newNode,
      | ^~~~~~~~~~~~~~
/home/calvin/workspace/strata-integration-validation/source/sycl/include/dpct/graph.hpp:162:13: warning: unused function 'add_dependencies' [-Wunused-function]
  162 | static void add_dependencies(dpct::experimental::command_graph_ptr graph,
      |             ^~~~~~~~~~~~~~~~
/home/calvin/workspace/strata-integration-validation/source/sycl/include/dpct/graph.hpp:176:13: warning: unused function 'get_nodes' [-Wunused-function]
  176 | static void get_nodes(dpct::experimental::command_graph_ptr graph,
      |             ^~~~~~~~~
/home/calvin/workspace/strata-integration-validation/source/sycl/include/dpct/graph.hpp:187:13: warning: unused function 'get_root_nodes' [-Wunused-function]
  187 | static void get_root_nodes(dpct::experimental::command_graph_ptr graph,
      |             ^~~~~~~~~~~~~~
In file included from /home/calvin/workspace/strata-integration-validation/source/sycl/src/core/peer_experts.cpp:4:
/home/calvin/workspace/strata-integration-validation/source/sycl/include/strata/core/peer_experts.hpp:89:13: warning: private field 'n_layers_' is not used [-Wunused-private-field]
   89 |     int64_t n_layers_ = 0, n_expert_ = 0;
      |             ^
/home/calvin/workspace/strata-integration-validation/source/sycl/include/strata/core/peer_experts.hpp:91:19: warning: private field 'src_' is not used [-Wunused-private-field]
   91 |     ExpertSource* src_ = nullptr;
      |                   ^
/home/calvin/workspace/strata-integration-validation/source/sycl/include/strata/core/peer_experts.hpp:95:21: warning: private field 'stream_' is not used [-Wunused-private-field]
   95 |     dpct::queue_ptr stream_ = &dpct::get_in_order_queue(),
      |                     ^
/home/calvin/workspace/strata-integration-validation/source/sycl/include/strata/core/peer_experts.hpp:96:21: warning: private field 'refill_' is not used [-Wunused-private-field]
   96 |                     refill_ = &dpct::get_in_order_queue();
      |                     ^
/home/calvin/workspace/strata-integration-validation/source/sycl/include/strata/core/peer_experts.hpp:97:21: warning: private field 'refill_ev_' is not used [-Wunused-private-field]
   97 |     dpct::event_ptr refill_ev_ = nullptr;
      |                     ^
/home/calvin/workspace/strata-integration-validation/source/sycl/include/strata/core/peer_experts.hpp:98:12: warning: private field 'h_x_' is not used [-Wunused-private-field]
   98 |     float* h_x_ = nullptr;   float* d_x_ = nullptr;   // n_tok x n_embd
      |            ^
/home/calvin/workspace/strata-integration-validation/source/sycl/include/strata/core/peer_experts.hpp:98:37: warning: private field 'd_x_' is not used [-Wunused-private-field]
   98 |     float* h_x_ = nullptr;   float* d_x_ = nullptr;   // n_tok x n_embd
      |                                     ^
/home/calvin/workspace/strata-integration-validation/source/sycl/include/strata/core/peer_experts.hpp:99:12: warning: private field 'h_out_' is not used [-Wunused-private-field]
   99 |     float* h_out_ = nullptr; float* d_out_ = nullptr; // compact rows
      |            ^
/home/calvin/workspace/strata-integration-validation/source/sycl/include/strata/core/peer_experts.hpp:99:37: warning: private field 'd_out_' is not used [-Wunused-private-field]
   99 |     float* h_out_ = nullptr; float* d_out_ = nullptr; // compact rows
      |                                     ^
/home/calvin/workspace/strata-integration-validation/source/sycl/include/strata/core/peer_experts.hpp:100:11: warning: private field 'h_meta_' is not used [-Wunused-private-field]
  100 |     void* h_meta_ = nullptr; void* d_meta_ = nullptr; // groups: ptr | start | dst | tok | count
      |           ^
/home/calvin/workspace/strata-integration-validation/source/sycl/include/strata/core/peer_experts.hpp:100:36: warning: private field 'd_meta_' is not used [-Wunused-private-field]
  100 |     void* h_meta_ = nullptr; void* d_meta_ = nullptr; // groups: ptr | start | dst | tok | count
      |                                    ^
/home/calvin/workspace/strata-integration-validation/source/sycl/include/strata/core/peer_experts.hpp:101:14: warning: private field 'd_q8_' is not used [-Wunused-private-field]
  101 |     uint8_t* d_q8_ = nullptr;
      |              ^
/home/calvin/workspace/strata-integration-validation/source/sycl/include/strata/core/peer_experts.hpp:102:11: warning: private field 'd_scratch_' is not used [-Wunused-private-field]
  102 |     void* d_scratch_ = nullptr;
      |           ^
/home/calvin/workspace/strata-integration-validation/source/sycl/include/strata/core/peer_experts.hpp:104:13: warning: private field 'launched_rows_' is not used [-Wunused-private-field]
  104 |     int64_t launched_rows_ = 0;
      |             ^
48 warnings generated.
[7/12] Building CXX object CMakeFiles/strata_engine.dir/src/core/gguf_expert_source.cpp.o
In file included from /home/calvin/workspace/strata-integration-validation/source/sycl/src/core/gguf_expert_source.cpp:2:
In file included from /home/calvin/workspace/strata-integration-validation/source/sycl/include/strata/core/gguf_expert_source.hpp:15:
/home/calvin/workspace/strata-integration-validation/source/sycl/include/strata/core/expert_source.hpp:725:13: warning: 'reads' overrides a member function but is not marked 'override' [-Winconsistent-missing-override]
  725 |     int64_t reads() const { return reads_; }
      |             ^
/home/calvin/workspace/strata-integration-validation/source/sycl/include/strata/core/expert_source.hpp:140:21: note: overridden virtual function is here
  140 |     virtual int64_t reads() const { return 0; }
      |                     ^
In file included from /home/calvin/workspace/strata-integration-validation/source/sycl/src/core/gguf_expert_source.cpp:8:
In file included from /home/calvin/workspace/strata-integration-validation/source/sycl/include/dpct/dpct.hpp:53:
In file included from /home/calvin/workspace/strata-integration-validation/source/sycl/include/dpct/image.hpp:14:
In file included from /home/calvin/workspace/strata-integration-validation/source/sycl/include/dpct/memory.hpp:112:
/home/calvin/workspace/strata-integration-validation/source/sycl/include/dpct/detail/memory_detail.hpp:343:30: warning: unused parameter 'direction' [-Wunused-parameter]
  343 |             memcpy_direction direction,
      |                              ^
/home/calvin/workspace/strata-integration-validation/source/sycl/include/dpct/detail/memory_detail.hpp:901:29: warning: unused parameter 'cgh' [-Wunused-parameter]
  901 |   get_access(sycl::handler &cgh) {
      |                             ^
In file included from /home/calvin/workspace/strata-integration-validation/source/sycl/src/core/gguf_expert_source.cpp:8:
In file included from /home/calvin/workspace/strata-integration-validation/source/sycl/include/dpct/dpct.hpp:53:
In file included from /home/calvin/workspace/strata-integration-validation/source/sycl/include/dpct/image.hpp:14:
/home/calvin/workspace/strata-integration-validation/source/sycl/include/dpct/memory.hpp:816:23: warning: comparison of integers of different signs: 'int' and 'unsigned int' [-Wsign-compare]
  816 |     for (int i = 0; i < numAttributes; i++) {
      |                     ~ ^ ~~~~~~~~~~~~~
In file included from /home/calvin/workspace/strata-integration-validation/source/sycl/src/core/gguf_expert_source.cpp:8:
In file included from /home/calvin/workspace/strata-integration-validation/source/sycl/include/dpct/dpct.hpp:53:
In file included from /home/calvin/workspace/strata-integration-validation/source/sycl/include/dpct/image.hpp:15:
/home/calvin/workspace/strata-integration-validation/source/sycl/include/dpct/util.hpp:466:38: warning: unused parameter 'member_mask' [-Wunused-parameter]
  466 | T select_from_sub_group(unsigned int member_mask,
      |                                      ^
/home/calvin/workspace/strata-integration-validation/source/sycl/include/dpct/util.hpp:507:37: warning: unused parameter 'member_mask' [-Wunused-parameter]
  507 | T shift_sub_group_left(unsigned int member_mask,
      |                                     ^
/home/calvin/workspace/strata-integration-validation/source/sycl/include/dpct/util.hpp:551:38: warning: unused parameter 'member_mask' [-Wunused-parameter]
  551 | T shift_sub_group_right(unsigned int member_mask,
      |                                      ^
/home/calvin/workspace/strata-integration-validation/source/sycl/include/dpct/util.hpp:671:41: warning: unused parameter 'member_mask' [-Wunused-parameter]
  671 | T permute_sub_group_by_xor(unsigned int member_mask,
      |                                         ^
/home/calvin/workspace/strata-integration-validation/source/sycl/include/dpct/util.hpp:680:47: warning: comparison of integers of different signs: 'unsigned int' and 'int' [-Wsign-compare]
  680 |   unsigned logical_remote_id = (target_offset < logical_sub_group_size) ? start_index + target_offset : id;
      |                                 ~~~~~~~~~~~~~ ^ ~~~~~~~~~~~~~~~~~~~~~~
/home/calvin/workspace/strata-integration-validation/source/sycl/include/dpct/util.hpp:959:15: warning: comparison of integers of different signs: 'int' and 'size_t' (aka 'unsigned long') [-Wsign-compare]
  959 |   if (wg_size > max_wg_size) {
      |       ~~~~~~~ ^ ~~~~~~~~~~~
/home/calvin/workspace/strata-integration-validation/source/sycl/include/dpct/util.hpp:1021:35: warning: comparison of integers of different signs: 'int' and 'size_t' (aka 'unsigned long') [-Wsign-compare]
 1021 |       max_ws_size_for_device_code >= max_wg_size)
      |       ~~~~~~~~~~~~~~~~~~~~~~~~~~~ ^  ~~~~~~~~~~~
/home/calvin/workspace/strata-integration-validation/source/sycl/include/dpct/util.hpp:1291:17: warning: '&' within '|' [-Wbitwise-op-parentheses]
 1291 |     result = (a & b | c) ^ a;
      |               ~~^~~ ~
/home/calvin/workspace/strata-integration-validation/source/sycl/include/dpct/util.hpp:1291:17: note: place parentheses around the '&' expression to silence this warning
 1291 |     result = (a & b | c) ^ a;
      |                 ^
      |               (    )
/home/calvin/workspace/strata-integration-validation/source/sycl/include/dpct/util.hpp:1315:16: warning: '&' within '|' [-Wbitwise-op-parentheses]
 1315 |     result = a & (b | c) | (b & c);
      |              ~~^~~~~~~~~ ~
/home/calvin/workspace/strata-integration-validation/source/sycl/include/dpct/util.hpp:1315:16: note: place parentheses around the '&' expression to silence this warning
 1315 |     result = a & (b | c) | (b & c);
      |                ^
      |              (          )
/home/calvin/workspace/strata-integration-validation/source/sycl/include/dpct/util.hpp:1318:16: warning: '&' within '|' [-Wbitwise-op-parentheses]
 1318 |     result = a & b | c;
      |              ~~^~~ ~
/home/calvin/workspace/strata-integration-validation/source/sycl/include/dpct/util.hpp:1318:16: note: place parentheses around the '&' expression to silence this warning
 1318 |     result = a & b | c;
      |                ^
      |              (    )
In file included from /home/calvin/workspace/strata-integration-validation/source/sycl/src/core/gguf_expert_source.cpp:8:
In file included from /home/calvin/workspace/strata-integration-validation/source/sycl/include/dpct/dpct.hpp:54:
/home/calvin/workspace/strata-integration-validation/source/sycl/include/dpct/kernel.hpp:50:57: warning: unused parameter 'function' [-Wunused-parameter]
   50 |                                             const void *function) {
      |                                                         ^
/home/calvin/workspace/strata-integration-validation/source/sycl/include/dpct/kernel.hpp:57:38: warning: unused parameter 'function' [-Wunused-parameter]
   57 | get_kernel_function_info(const void *function) {
      |                                      ^
In file included from /home/calvin/workspace/strata-integration-validation/source/sycl/src/core/gguf_expert_source.cpp:8:
In file included from /home/calvin/workspace/strata-integration-validation/source/sycl/include/dpct/dpct.hpp:59:
/home/calvin/workspace/strata-integration-validation/source/sycl/include/dpct/bindless_images.hpp:629:35: warning: unused parameter 'q' [-Wunused-parameter]
  629 |   void unmap_resource(sycl::queue q) {
      |                                   ^
/home/calvin/workspace/strata-integration-validation/source/sycl/include/dpct/bindless_images.hpp:656:9: warning: field '_res_external_mem' will be initialized after field '_res_reg_flags' [-Wreorder-ctor]
  656 |       : _res_external_mem(external_mem), _res_reg_flags(reg_flags) {}
      |         ^~~~~~~~~~~~~~~~~~~~~~~~~~~~~~~  ~~~~~~~~~~~~~~~~~~~~~~~~~
      |         _res_reg_flags(reg_flags)        _res_external_mem(external_mem)
/home/calvin/workspace/strata-integration-validation/source/sycl/include/dpct/bindless_images.hpp:1163:24: warning: comparison of integers of different signs: 'size_t' (aka 'unsigned long') and 'int' [-Wsign-compare]
 1163 |   for (size_t i = 0; i < count; ++i) {
      |                      ~ ^ ~~~~~
/home/calvin/workspace/strata-integration-validation/source/sycl/include/dpct/bindless_images.hpp:1350:21: warning: comparison of integers of different signs: 'int' and 'unsigned int' [-Wsign-compare]
 1350 |   for (int i = 0; i < numExtSems; i++) {
      |                   ~ ^ ~~~~~~~~~~
/home/calvin/workspace/strata-integration-validation/source/sycl/include/dpct/bindless_images.hpp:1393:21: warning: comparison of integers of different signs: 'int' and 'unsigned int' [-Wsign-compare]
 1393 |   for (int i = 0; i < numExtSems; i++) {
      |                   ~ ^ ~~~~~~~~~~
/home/calvin/workspace/strata-integration-validation/source/sycl/include/dpct/bindless_images.hpp:1686:60: warning: unused parameter 'channel' [-Wunused-parameter]
 1686 |   void attach(image_mem_wrapper *mem, const image_channel &channel,
      |                                                            ^
In file included from /home/calvin/workspace/strata-integration-validation/source/sycl/src/core/gguf_expert_source.cpp:8:
In file included from /home/calvin/workspace/strata-integration-validation/source/sycl/include/dpct/dpct.hpp:52:
/home/calvin/workspace/strata-integration-validation/source/sycl/include/dpct/device.hpp:93:13: warning: unused function 'destroy_event' [-Wunused-function]
   93 | static void destroy_event(event_ptr event) {
      |             ^~~~~~~~~~~~~
In file included from /home/calvin/workspace/strata-integration-validation/source/sycl/src/core/gguf_expert_source.cpp:8:
In file included from /home/calvin/workspace/strata-integration-validation/source/sycl/include/dpct/dpct.hpp:53:
In file included from /home/calvin/workspace/strata-integration-validation/source/sycl/include/dpct/image.hpp:14:
/home/calvin/workspace/strata-integration-validation/source/sycl/include/dpct/memory.hpp:165:17: warning: 'static' function 'get_buffer' declared in header file should be declared 'static inline' [-Wunneeded-internal-declaration]
  165 | static buffer_t get_buffer(const void *ptr) {
      |                 ^~~~~~~~~~
/home/calvin/workspace/strata-integration-validation/source/sycl/include/dpct/memory.hpp:141:36: warning: 'static' function 'get_buffer_and_offset' declared in header file should be declared 'static inline' [-Wunneeded-internal-declaration]
  141 | static std::pair<buffer_t, size_t> get_buffer_and_offset(const void *ptr) {
      |                                    ^~~~~~~~~~~~~~~~~~~~~
/home/calvin/workspace/strata-integration-validation/source/sycl/include/dpct/memory.hpp:304:13: warning: unused function 'dpct_memcpy' [-Wunused-function]
  304 | static void dpct_memcpy(void *to_ptr, const void *from_ptr, size_t size,
      |             ^~~~~~~~~~~
/home/calvin/workspace/strata-integration-validation/source/sycl/include/dpct/memory.hpp:322:13: warning: unused function 'dpct_memcpy' [-Wunused-function]
  322 | static void dpct_memcpy(void *to_ptr, int to_dev_id, const void *from_ptr,
      |             ^~~~~~~~~~~
/home/calvin/workspace/strata-integration-validation/source/sycl/include/dpct/memory.hpp:340:13: warning: unused function 'async_dpct_memcpy' [-Wunused-function]
  340 | static void async_dpct_memcpy(void *to_ptr, const void *from_ptr, size_t size,
      |             ^~~~~~~~~~~~~~~~~
/home/calvin/workspace/strata-integration-validation/source/sycl/include/dpct/memory.hpp:358:13: warning: unused function 'async_dpct_memcpy' [-Wunused-function]
  358 | static void async_dpct_memcpy(void *to_ptr, int to_dev_id, const void *from_ptr,
      |             ^~~~~~~~~~~~~~~~~
/home/calvin/workspace/strata-integration-validation/source/sycl/include/dpct/memory.hpp:494:13: warning: unused function 'dpct_memset' [-Wunused-function]
  494 | static void dpct_memset(void *dev_ptr, int value, size_t size,
      |             ^~~~~~~~~~~
/home/calvin/workspace/strata-integration-validation/source/sycl/include/dpct/memory.hpp:507:13: warning: unused function 'dpct_memset_d16' [-Wunused-function]
  507 | static void dpct_memset_d16(void *dev_ptr, unsigned short value, size_t size,
      |             ^~~~~~~~~~~~~~~
/home/calvin/workspace/strata-integration-validation/source/sycl/include/dpct/memory.hpp:519:13: warning: unused function 'dpct_memset_d32' [-Wunused-function]
  519 | static void dpct_memset_d32(void *dev_ptr, unsigned int value, size_t size,
      |             ^~~~~~~~~~~~~~~
/home/calvin/workspace/strata-integration-validation/source/sycl/include/dpct/memory.hpp:532:13: warning: unused function 'async_dpct_memset' [-Wunused-function]
  532 | static void async_dpct_memset(void *dev_ptr, int value, size_t size,
      |             ^~~~~~~~~~~~~~~~~
/home/calvin/workspace/strata-integration-validation/source/sycl/include/dpct/memory.hpp:544:13: warning: unused function 'async_dpct_memset_d16' [-Wunused-function]
  544 | static void async_dpct_memset_d16(void *dev_ptr, unsigned short value, size_t size,
      |             ^~~~~~~~~~~~~~~~~~~~~
/home/calvin/workspace/strata-integration-validation/source/sycl/include/dpct/memory.hpp:556:13: warning: unused function 'async_dpct_memset_d32' [-Wunused-function]
  556 | static void async_dpct_memset_d32(void *dev_ptr, unsigned int value, size_t size,
      |             ^~~~~~~~~~~~~~~~~~~~~
In file included from /home/calvin/workspace/strata-integration-validation/source/sycl/src/core/gguf_expert_source.cpp:8:
In file included from /home/calvin/workspace/strata-integration-validation/source/sycl/include/dpct/dpct.hpp:60:
/home/calvin/workspace/strata-integration-validation/source/sycl/include/dpct/graph.hpp:136:1: warning: unused function 'add_empty_node' [-Wunused-function]
  136 | add_empty_node(dpct::experimental::node_ptr *newNode,
      | ^~~~~~~~~~~~~~
/home/calvin/workspace/strata-integration-validation/source/sycl/include/dpct/graph.hpp:162:13: warning: unused function 'add_dependencies' [-Wunused-function]
  162 | static void add_dependencies(dpct::experimental::command_graph_ptr graph,
      |             ^~~~~~~~~~~~~~~~
/home/calvin/workspace/strata-integration-validation/source/sycl/include/dpct/graph.hpp:176:13: warning: unused function 'get_nodes' [-Wunused-function]
  176 | static void get_nodes(dpct::experimental::command_graph_ptr graph,
      |             ^~~~~~~~~
/home/calvin/workspace/strata-integration-validation/source/sycl/include/dpct/graph.hpp:187:13: warning: unused function 'get_root_nodes' [-Wunused-function]
  187 | static void get_root_nodes(dpct::experimental::command_graph_ptr graph,
      |             ^~~~~~~~~~~~~~
39 warnings generated.
In file included from /home/calvin/workspace/strata-integration-validation/source/sycl/src/core/gguf_expert_source.cpp:2:
In file included from /home/calvin/workspace/strata-integration-validation/source/sycl/include/strata/core/gguf_expert_source.hpp:15:
/home/calvin/workspace/strata-integration-validation/source/sycl/include/strata/core/expert_source.hpp:725:13: warning: 'reads' overrides a member function but is not marked 'override' [-Winconsistent-missing-override]
  725 |     int64_t reads() const { return reads_; }
      |             ^
/home/calvin/workspace/strata-integration-validation/source/sycl/include/strata/core/expert_source.hpp:140:21: note: overridden virtual function is here
  140 |     virtual int64_t reads() const { return 0; }
      |                     ^
In file included from /home/calvin/workspace/strata-integration-validation/source/sycl/src/core/gguf_expert_source.cpp:8:
In file included from /home/calvin/workspace/strata-integration-validation/source/sycl/include/dpct/dpct.hpp:53:
In file included from /home/calvin/workspace/strata-integration-validation/source/sycl/include/dpct/image.hpp:14:
In file included from /home/calvin/workspace/strata-integration-validation/source/sycl/include/dpct/memory.hpp:112:
/home/calvin/workspace/strata-integration-validation/source/sycl/include/dpct/detail/memory_detail.hpp:343:30: warning: unused parameter 'direction' [-Wunused-parameter]
  343 |             memcpy_direction direction,
      |                              ^
/home/calvin/workspace/strata-integration-validation/source/sycl/include/dpct/detail/memory_detail.hpp:901:29: warning: unused parameter 'cgh' [-Wunused-parameter]
  901 |   get_access(sycl::handler &cgh) {
      |                             ^
In file included from /home/calvin/workspace/strata-integration-validation/source/sycl/src/core/gguf_expert_source.cpp:8:
In file included from /home/calvin/workspace/strata-integration-validation/source/sycl/include/dpct/dpct.hpp:53:
In file included from /home/calvin/workspace/strata-integration-validation/source/sycl/include/dpct/image.hpp:14:
/home/calvin/workspace/strata-integration-validation/source/sycl/include/dpct/memory.hpp:816:23: warning: comparison of integers of different signs: 'int' and 'unsigned int' [-Wsign-compare]
  816 |     for (int i = 0; i < numAttributes; i++) {
      |                     ~ ^ ~~~~~~~~~~~~~
In file included from /home/calvin/workspace/strata-integration-validation/source/sycl/src/core/gguf_expert_source.cpp:8:
In file included from /home/calvin/workspace/strata-integration-validation/source/sycl/include/dpct/dpct.hpp:53:
In file included from /home/calvin/workspace/strata-integration-validation/source/sycl/include/dpct/image.hpp:15:
/home/calvin/workspace/strata-integration-validation/source/sycl/include/dpct/util.hpp:959:15: warning: comparison of integers of different signs: 'int' and 'size_t' (aka 'unsigned long') [-Wsign-compare]
  959 |   if (wg_size > max_wg_size) {
      |       ~~~~~~~ ^ ~~~~~~~~~~~
/home/calvin/workspace/strata-integration-validation/source/sycl/include/dpct/util.hpp:1021:35: warning: comparison of integers of different signs: 'int' and 'size_t' (aka 'unsigned long') [-Wsign-compare]
 1021 |       max_ws_size_for_device_code >= max_wg_size)
      |       ~~~~~~~~~~~~~~~~~~~~~~~~~~~ ^  ~~~~~~~~~~~
/home/calvin/workspace/strata-integration-validation/source/sycl/include/dpct/util.hpp:1291:17: warning: '&' within '|' [-Wbitwise-op-parentheses]
 1291 |     result = (a & b | c) ^ a;
      |               ~~^~~ ~
/home/calvin/workspace/strata-integration-validation/source/sycl/include/dpct/util.hpp:1291:17: note: place parentheses around the '&' expression to silence this warning
 1291 |     result = (a & b | c) ^ a;
      |                 ^
      |               (    )
/home/calvin/workspace/strata-integration-validation/source/sycl/include/dpct/util.hpp:1315:16: warning: '&' within '|' [-Wbitwise-op-parentheses]
 1315 |     result = a & (b | c) | (b & c);
      |              ~~^~~~~~~~~ ~
/home/calvin/workspace/strata-integration-validation/source/sycl/include/dpct/util.hpp:1315:16: note: place parentheses around the '&' expression to silence this warning
 1315 |     result = a & (b | c) | (b & c);
      |                ^
      |              (          )
/home/calvin/workspace/strata-integration-validation/source/sycl/include/dpct/util.hpp:1318:16: warning: '&' within '|' [-Wbitwise-op-parentheses]
 1318 |     result = a & b | c;
      |              ~~^~~ ~
/home/calvin/workspace/strata-integration-validation/source/sycl/include/dpct/util.hpp:1318:16: note: place parentheses around the '&' expression to silence this warning
 1318 |     result = a & b | c;
      |                ^
      |              (    )
In file included from /home/calvin/workspace/strata-integration-validation/source/sycl/src/core/gguf_expert_source.cpp:8:
In file included from /home/calvin/workspace/strata-integration-validation/source/sycl/include/dpct/dpct.hpp:54:
/home/calvin/workspace/strata-integration-validation/source/sycl/include/dpct/kernel.hpp:50:57: warning: unused parameter 'function' [-Wunused-parameter]
   50 |                                             const void *function) {
      |                                                         ^
/home/calvin/workspace/strata-integration-validation/source/sycl/include/dpct/kernel.hpp:57:38: warning: unused parameter 'function' [-Wunused-parameter]
   57 | get_kernel_function_info(const void *function) {
      |                                      ^
In file included from /home/calvin/workspace/strata-integration-validation/source/sycl/src/core/gguf_expert_source.cpp:8:
In file included from /home/calvin/workspace/strata-integration-validation/source/sycl/include/dpct/dpct.hpp:59:
/home/calvin/workspace/strata-integration-validation/source/sycl/include/dpct/bindless_images.hpp:629:35: warning: unused parameter 'q' [-Wunused-parameter]
  629 |   void unmap_resource(sycl::queue q) {
      |                                   ^
/home/calvin/workspace/strata-integration-validation/source/sycl/include/dpct/bindless_images.hpp:656:9: warning: field '_res_external_mem' will be initialized after field '_res_reg_flags' [-Wreorder-ctor]
  656 |       : _res_external_mem(external_mem), _res_reg_flags(reg_flags) {}
      |         ^~~~~~~~~~~~~~~~~~~~~~~~~~~~~~~  ~~~~~~~~~~~~~~~~~~~~~~~~~
      |         _res_reg_flags(reg_flags)        _res_external_mem(external_mem)
/home/calvin/workspace/strata-integration-validation/source/sycl/include/dpct/bindless_images.hpp:1163:24: warning: comparison of integers of different signs: 'size_t' (aka 'unsigned long') and 'int' [-Wsign-compare]
 1163 |   for (size_t i = 0; i < count; ++i) {
      |                      ~ ^ ~~~~~
/home/calvin/workspace/strata-integration-validation/source/sycl/include/dpct/bindless_images.hpp:1350:21: warning: comparison of integers of different signs: 'int' and 'unsigned int' [-Wsign-compare]
 1350 |   for (int i = 0; i < numExtSems; i++) {
      |                   ~ ^ ~~~~~~~~~~
/home/calvin/workspace/strata-integration-validation/source/sycl/include/dpct/bindless_images.hpp:1393:21: warning: comparison of integers of different signs: 'int' and 'unsigned int' [-Wsign-compare]
 1393 |   for (int i = 0; i < numExtSems; i++) {
      |                   ~ ^ ~~~~~~~~~~
/home/calvin/workspace/strata-integration-validation/source/sycl/include/dpct/bindless_images.hpp:1686:60: warning: unused parameter 'channel' [-Wunused-parameter]
 1686 |   void attach(image_mem_wrapper *mem, const image_channel &channel,
      |                                                            ^
In file included from /home/calvin/workspace/strata-integration-validation/source/sycl/src/core/gguf_expert_source.cpp:8:
In file included from /home/calvin/workspace/strata-integration-validation/source/sycl/include/dpct/dpct.hpp:52:
/home/calvin/workspace/strata-integration-validation/source/sycl/include/dpct/device.hpp:93:13: warning: unused function 'destroy_event' [-Wunused-function]
   93 | static void destroy_event(event_ptr event) {
      |             ^~~~~~~~~~~~~
In file included from /home/calvin/workspace/strata-integration-validation/source/sycl/src/core/gguf_expert_source.cpp:8:
In file included from /home/calvin/workspace/strata-integration-validation/source/sycl/include/dpct/dpct.hpp:53:
In file included from /home/calvin/workspace/strata-integration-validation/source/sycl/include/dpct/image.hpp:14:
/home/calvin/workspace/strata-integration-validation/source/sycl/include/dpct/memory.hpp:165:17: warning: 'static' function 'get_buffer' declared in header file should be declared 'static inline' [-Wunneeded-internal-declaration]
  165 | static buffer_t get_buffer(const void *ptr) {
      |                 ^~~~~~~~~~
/home/calvin/workspace/strata-integration-validation/source/sycl/include/dpct/memory.hpp:141:36: warning: 'static' function 'get_buffer_and_offset' declared in header file should be declared 'static inline' [-Wunneeded-internal-declaration]
  141 | static std::pair<buffer_t, size_t> get_buffer_and_offset(const void *ptr) {
      |                                    ^~~~~~~~~~~~~~~~~~~~~
/home/calvin/workspace/strata-integration-validation/source/sycl/include/dpct/memory.hpp:304:13: warning: unused function 'dpct_memcpy' [-Wunused-function]
  304 | static void dpct_memcpy(void *to_ptr, const void *from_ptr, size_t size,
      |             ^~~~~~~~~~~
/home/calvin/workspace/strata-integration-validation/source/sycl/include/dpct/memory.hpp:322:13: warning: unused function 'dpct_memcpy' [-Wunused-function]
  322 | static void dpct_memcpy(void *to_ptr, int to_dev_id, const void *from_ptr,
      |             ^~~~~~~~~~~
/home/calvin/workspace/strata-integration-validation/source/sycl/include/dpct/memory.hpp:340:13: warning: unused function 'async_dpct_memcpy' [-Wunused-function]
  340 | static void async_dpct_memcpy(void *to_ptr, const void *from_ptr, size_t size,
      |             ^~~~~~~~~~~~~~~~~
/home/calvin/workspace/strata-integration-validation/source/sycl/include/dpct/memory.hpp:358:13: warning: unused function 'async_dpct_memcpy' [-Wunused-function]
  358 | static void async_dpct_memcpy(void *to_ptr, int to_dev_id, const void *from_ptr,
      |             ^~~~~~~~~~~~~~~~~
/home/calvin/workspace/strata-integration-validation/source/sycl/include/dpct/memory.hpp:494:13: warning: unused function 'dpct_memset' [-Wunused-function]
  494 | static void dpct_memset(void *dev_ptr, int value, size_t size,
      |             ^~~~~~~~~~~
/home/calvin/workspace/strata-integration-validation/source/sycl/include/dpct/memory.hpp:507:13: warning: unused function 'dpct_memset_d16' [-Wunused-function]
  507 | static void dpct_memset_d16(void *dev_ptr, unsigned short value, size_t size,
      |             ^~~~~~~~~~~~~~~
/home/calvin/workspace/strata-integration-validation/source/sycl/include/dpct/memory.hpp:519:13: warning: unused function 'dpct_memset_d32' [-Wunused-function]
  519 | static void dpct_memset_d32(void *dev_ptr, unsigned int value, size_t size,
      |             ^~~~~~~~~~~~~~~
/home/calvin/workspace/strata-integration-validation/source/sycl/include/dpct/memory.hpp:532:13: warning: unused function 'async_dpct_memset' [-Wunused-function]
  532 | static void async_dpct_memset(void *dev_ptr, int value, size_t size,
      |             ^~~~~~~~~~~~~~~~~
/home/calvin/workspace/strata-integration-validation/source/sycl/include/dpct/memory.hpp:544:13: warning: unused function 'async_dpct_memset_d16' [-Wunused-function]
  544 | static void async_dpct_memset_d16(void *dev_ptr, unsigned short value, size_t size,
      |             ^~~~~~~~~~~~~~~~~~~~~
/home/calvin/workspace/strata-integration-validation/source/sycl/include/dpct/memory.hpp:556:13: warning: unused function 'async_dpct_memset_d32' [-Wunused-function]
  556 | static void async_dpct_memset_d32(void *dev_ptr, unsigned int value, size_t size,
      |             ^~~~~~~~~~~~~~~~~~~~~
In file included from /home/calvin/workspace/strata-integration-validation/source/sycl/src/core/gguf_expert_source.cpp:8:
In file included from /home/calvin/workspace/strata-integration-validation/source/sycl/include/dpct/dpct.hpp:60:
/home/calvin/workspace/strata-integration-validation/source/sycl/include/dpct/graph.hpp:136:1: warning: unused function 'add_empty_node' [-Wunused-function]
  136 | add_empty_node(dpct::experimental::node_ptr *newNode,
      | ^~~~~~~~~~~~~~
/home/calvin/workspace/strata-integration-validation/source/sycl/include/dpct/graph.hpp:162:13: warning: unused function 'add_dependencies' [-Wunused-function]
  162 | static void add_dependencies(dpct::experimental::command_graph_ptr graph,
      |             ^~~~~~~~~~~~~~~~
/home/calvin/workspace/strata-integration-validation/source/sycl/include/dpct/graph.hpp:176:13: warning: unused function 'get_nodes' [-Wunused-function]
  176 | static void get_nodes(dpct::experimental::command_graph_ptr graph,
      |             ^~~~~~~~~
/home/calvin/workspace/strata-integration-validation/source/sycl/include/dpct/graph.hpp:187:13: warning: unused function 'get_root_nodes' [-Wunused-function]
  187 | static void get_root_nodes(dpct::experimental::command_graph_ptr graph,
      |             ^~~~~~~~~~~~~~
34 warnings generated.
[8/12] Linking CXX static library libstrata_engine.a
[9/12] Building CXX object CMakeFiles/strata_prefill.dir/src/prefill/prefill.cpp.o
In file included from /home/calvin/workspace/strata-integration-validation/source/sycl/src/prefill/prefill.cpp:4:
In file included from /home/calvin/workspace/strata-integration-validation/source/sycl/include/dpct/dpct.hpp:53:
In file included from /home/calvin/workspace/strata-integration-validation/source/sycl/include/dpct/image.hpp:14:
In file included from /home/calvin/workspace/strata-integration-validation/source/sycl/include/dpct/memory.hpp:112:
/home/calvin/workspace/strata-integration-validation/source/sycl/include/dpct/detail/memory_detail.hpp:343:30: warning: unused parameter 'direction' [-Wunused-parameter]
  343 |             memcpy_direction direction,
      |                              ^
/home/calvin/workspace/strata-integration-validation/source/sycl/include/dpct/detail/memory_detail.hpp:901:29: warning: unused parameter 'cgh' [-Wunused-parameter]
  901 |   get_access(sycl::handler &cgh) {
      |                             ^
In file included from /home/calvin/workspace/strata-integration-validation/source/sycl/src/prefill/prefill.cpp:4:
In file included from /home/calvin/workspace/strata-integration-validation/source/sycl/include/dpct/dpct.hpp:53:
In file included from /home/calvin/workspace/strata-integration-validation/source/sycl/include/dpct/image.hpp:14:
/home/calvin/workspace/strata-integration-validation/source/sycl/include/dpct/memory.hpp:816:23: warning: comparison of integers of different signs: 'int' and 'unsigned int' [-Wsign-compare]
  816 |     for (int i = 0; i < numAttributes; i++) {
      |                     ~ ^ ~~~~~~~~~~~~~
In file included from /home/calvin/workspace/strata-integration-validation/source/sycl/src/prefill/prefill.cpp:4:
In file included from /home/calvin/workspace/strata-integration-validation/source/sycl/include/dpct/dpct.hpp:53:
In file included from /home/calvin/workspace/strata-integration-validation/source/sycl/include/dpct/image.hpp:15:
/home/calvin/workspace/strata-integration-validation/source/sycl/include/dpct/util.hpp:466:38: warning: unused parameter 'member_mask' [-Wunused-parameter]
  466 | T select_from_sub_group(unsigned int member_mask,
      |                                      ^
/home/calvin/workspace/strata-integration-validation/source/sycl/include/dpct/util.hpp:507:37: warning: unused parameter 'member_mask' [-Wunused-parameter]
  507 | T shift_sub_group_left(unsigned int member_mask,
      |                                     ^
/home/calvin/workspace/strata-integration-validation/source/sycl/include/dpct/util.hpp:551:38: warning: unused parameter 'member_mask' [-Wunused-parameter]
  551 | T shift_sub_group_right(unsigned int member_mask,
      |                                      ^
/home/calvin/workspace/strata-integration-validation/source/sycl/include/dpct/util.hpp:671:41: warning: unused parameter 'member_mask' [-Wunused-parameter]
  671 | T permute_sub_group_by_xor(unsigned int member_mask,
      |                                         ^
/home/calvin/workspace/strata-integration-validation/source/sycl/include/dpct/util.hpp:680:47: warning: comparison of integers of different signs: 'unsigned int' and 'int' [-Wsign-compare]
  680 |   unsigned logical_remote_id = (target_offset < logical_sub_group_size) ? start_index + target_offset : id;
      |                                 ~~~~~~~~~~~~~ ^ ~~~~~~~~~~~~~~~~~~~~~~
/home/calvin/workspace/strata-integration-validation/source/sycl/include/dpct/util.hpp:959:15: warning: comparison of integers of different signs: 'int' and 'size_t' (aka 'unsigned long') [-Wsign-compare]
  959 |   if (wg_size > max_wg_size) {
      |       ~~~~~~~ ^ ~~~~~~~~~~~
/home/calvin/workspace/strata-integration-validation/source/sycl/include/dpct/util.hpp:1021:35: warning: comparison of integers of different signs: 'int' and 'size_t' (aka 'unsigned long') [-Wsign-compare]
 1021 |       max_ws_size_for_device_code >= max_wg_size)
      |       ~~~~~~~~~~~~~~~~~~~~~~~~~~~ ^  ~~~~~~~~~~~
/home/calvin/workspace/strata-integration-validation/source/sycl/include/dpct/util.hpp:1291:17: warning: '&' within '|' [-Wbitwise-op-parentheses]
 1291 |     result = (a & b | c) ^ a;
      |               ~~^~~ ~
/home/calvin/workspace/strata-integration-validation/source/sycl/include/dpct/util.hpp:1291:17: note: place parentheses around the '&' expression to silence this warning
 1291 |     result = (a & b | c) ^ a;
      |                 ^
      |               (    )
/home/calvin/workspace/strata-integration-validation/source/sycl/include/dpct/util.hpp:1315:16: warning: '&' within '|' [-Wbitwise-op-parentheses]
 1315 |     result = a & (b | c) | (b & c);
      |              ~~^~~~~~~~~ ~
/home/calvin/workspace/strata-integration-validation/source/sycl/include/dpct/util.hpp:1315:16: note: place parentheses around the '&' expression to silence this warning
 1315 |     result = a & (b | c) | (b & c);
      |                ^
      |              (          )
/home/calvin/workspace/strata-integration-validation/source/sycl/include/dpct/util.hpp:1318:16: warning: '&' within '|' [-Wbitwise-op-parentheses]
 1318 |     result = a & b | c;
      |              ~~^~~ ~
/home/calvin/workspace/strata-integration-validation/source/sycl/include/dpct/util.hpp:1318:16: note: place parentheses around the '&' expression to silence this warning
 1318 |     result = a & b | c;
      |                ^
      |              (    )
In file included from /home/calvin/workspace/strata-integration-validation/source/sycl/src/prefill/prefill.cpp:4:
In file included from /home/calvin/workspace/strata-integration-validation/source/sycl/include/dpct/dpct.hpp:54:
/home/calvin/workspace/strata-integration-validation/source/sycl/include/dpct/kernel.hpp:50:57: warning: unused parameter 'function' [-Wunused-parameter]
   50 |                                             const void *function) {
      |                                                         ^
/home/calvin/workspace/strata-integration-validation/source/sycl/include/dpct/kernel.hpp:57:38: warning: unused parameter 'function' [-Wunused-parameter]
   57 | get_kernel_function_info(const void *function) {
      |                                      ^
In file included from /home/calvin/workspace/strata-integration-validation/source/sycl/src/prefill/prefill.cpp:4:
In file included from /home/calvin/workspace/strata-integration-validation/source/sycl/include/dpct/dpct.hpp:59:
/home/calvin/workspace/strata-integration-validation/source/sycl/include/dpct/bindless_images.hpp:629:35: warning: unused parameter 'q' [-Wunused-parameter]
  629 |   void unmap_resource(sycl::queue q) {
      |                                   ^
/home/calvin/workspace/strata-integration-validation/source/sycl/include/dpct/bindless_images.hpp:656:9: warning: field '_res_external_mem' will be initialized after field '_res_reg_flags' [-Wreorder-ctor]
  656 |       : _res_external_mem(external_mem), _res_reg_flags(reg_flags) {}
      |         ^~~~~~~~~~~~~~~~~~~~~~~~~~~~~~~  ~~~~~~~~~~~~~~~~~~~~~~~~~
      |         _res_reg_flags(reg_flags)        _res_external_mem(external_mem)
/home/calvin/workspace/strata-integration-validation/source/sycl/include/dpct/bindless_images.hpp:1163:24: warning: comparison of integers of different signs: 'size_t' (aka 'unsigned long') and 'int' [-Wsign-compare]
 1163 |   for (size_t i = 0; i < count; ++i) {
      |                      ~ ^ ~~~~~
/home/calvin/workspace/strata-integration-validation/source/sycl/include/dpct/bindless_images.hpp:1350:21: warning: comparison of integers of different signs: 'int' and 'unsigned int' [-Wsign-compare]
 1350 |   for (int i = 0; i < numExtSems; i++) {
      |                   ~ ^ ~~~~~~~~~~
/home/calvin/workspace/strata-integration-validation/source/sycl/include/dpct/bindless_images.hpp:1393:21: warning: comparison of integers of different signs: 'int' and 'unsigned int' [-Wsign-compare]
 1393 |   for (int i = 0; i < numExtSems; i++) {
      |                   ~ ^ ~~~~~~~~~~
/home/calvin/workspace/strata-integration-validation/source/sycl/include/dpct/bindless_images.hpp:1686:60: warning: unused parameter 'channel' [-Wunused-parameter]
 1686 |   void attach(image_mem_wrapper *mem, const image_channel &channel,
      |                                                            ^
In file included from /home/calvin/workspace/strata-integration-validation/source/sycl/src/prefill/prefill.cpp:6:
In file included from /home/calvin/workspace/strata-integration-validation/source/sycl/../include/strata/prefill/prefill.hpp:14:
/home/calvin/workspace/strata-integration-validation/source/sycl/include/strata/core/expert_source.hpp:725:13: warning: 'reads' overrides a member function but is not marked 'override' [-Winconsistent-missing-override]
  725 |     int64_t reads() const { return reads_; }
      |             ^
/home/calvin/workspace/strata-integration-validation/source/sycl/include/strata/core/expert_source.hpp:140:21: note: overridden virtual function is here
  140 |     virtual int64_t reads() const { return 0; }
      |                     ^
/home/calvin/workspace/strata-integration-validation/source/sycl/src/prefill/prefill.cpp:2187:41: warning: lambda capture 'n' is not used [-Wunused-lambda-capture]
 2187 |     auto ple_gather = [&m, &ss, tokens, n, prev0, &chunk_len](int64_t c0, int buf, std::string& e) -> bool {
      |                                       ~~^
/home/calvin/workspace/strata-integration-validation/source/sycl/src/prefill/prefill.cpp:2098:12: warning: unused variable 'grp_wait_ms' [-Wunused-variable]
 2098 |     double grp_wait_ms = 0, grp_cpu_ms = 0;   // the per-layer grouping: the drain wait, the host's loops
      |            ^~~~~~~~~~~
/home/calvin/workspace/strata-integration-validation/source/sycl/src/prefill/prefill.cpp:2098:29: warning: unused variable 'grp_cpu_ms' [-Wunused-variable]
 2098 |     double grp_wait_ms = 0, grp_cpu_ms = 0;   // the per-layer grouping: the drain wait, the host's loops
      |                             ^~~~~~~~~~
In file included from /home/calvin/workspace/strata-integration-validation/source/sycl/src/prefill/prefill.cpp:4:
In file included from /home/calvin/workspace/strata-integration-validation/source/sycl/include/dpct/dpct.hpp:53:
In file included from /home/calvin/workspace/strata-integration-validation/source/sycl/include/dpct/image.hpp:14:
/home/calvin/workspace/strata-integration-validation/source/sycl/include/dpct/memory.hpp:165:17: warning: 'static' function 'get_buffer' declared in header file should be declared 'static inline' [-Wunneeded-internal-declaration]
  165 | static buffer_t get_buffer(const void *ptr) {
      |                 ^~~~~~~~~~
/home/calvin/workspace/strata-integration-validation/source/sycl/include/dpct/memory.hpp:141:36: warning: 'static' function 'get_buffer_and_offset' declared in header file should be declared 'static inline' [-Wunneeded-internal-declaration]
  141 | static std::pair<buffer_t, size_t> get_buffer_and_offset(const void *ptr) {
      |                                    ^~~~~~~~~~~~~~~~~~~~~
/home/calvin/workspace/strata-integration-validation/source/sycl/include/dpct/memory.hpp:304:13: warning: unused function 'dpct_memcpy' [-Wunused-function]
  304 | static void dpct_memcpy(void *to_ptr, const void *from_ptr, size_t size,
      |             ^~~~~~~~~~~
/home/calvin/workspace/strata-integration-validation/source/sycl/include/dpct/memory.hpp:322:13: warning: unused function 'dpct_memcpy' [-Wunused-function]
  322 | static void dpct_memcpy(void *to_ptr, int to_dev_id, const void *from_ptr,
      |             ^~~~~~~~~~~
/home/calvin/workspace/strata-integration-validation/source/sycl/include/dpct/memory.hpp:340:13: warning: unused function 'async_dpct_memcpy' [-Wunused-function]
  340 | static void async_dpct_memcpy(void *to_ptr, const void *from_ptr, size_t size,
      |             ^~~~~~~~~~~~~~~~~
/home/calvin/workspace/strata-integration-validation/source/sycl/include/dpct/memory.hpp:494:13: warning: unused function 'dpct_memset' [-Wunused-function]
  494 | static void dpct_memset(void *dev_ptr, int value, size_t size,
      |             ^~~~~~~~~~~
/home/calvin/workspace/strata-integration-validation/source/sycl/include/dpct/memory.hpp:507:13: warning: unused function 'dpct_memset_d16' [-Wunused-function]
  507 | static void dpct_memset_d16(void *dev_ptr, unsigned short value, size_t size,
      |             ^~~~~~~~~~~~~~~
/home/calvin/workspace/strata-integration-validation/source/sycl/include/dpct/memory.hpp:519:13: warning: unused function 'dpct_memset_d32' [-Wunused-function]
  519 | static void dpct_memset_d32(void *dev_ptr, unsigned int value, size_t size,
      |             ^~~~~~~~~~~~~~~
/home/calvin/workspace/strata-integration-validation/source/sycl/include/dpct/memory.hpp:532:13: warning: unused function 'async_dpct_memset' [-Wunused-function]
  532 | static void async_dpct_memset(void *dev_ptr, int value, size_t size,
      |             ^~~~~~~~~~~~~~~~~
/home/calvin/workspace/strata-integration-validation/source/sycl/include/dpct/memory.hpp:544:13: warning: unused function 'async_dpct_memset_d16' [-Wunused-function]
  544 | static void async_dpct_memset_d16(void *dev_ptr, unsigned short value, size_t size,
      |             ^~~~~~~~~~~~~~~~~~~~~
/home/calvin/workspace/strata-integration-validation/source/sycl/include/dpct/memory.hpp:556:13: warning: unused function 'async_dpct_memset_d32' [-Wunused-function]
  556 | static void async_dpct_memset_d32(void *dev_ptr, unsigned int value, size_t size,
      |             ^~~~~~~~~~~~~~~~~~~~~
In file included from /home/calvin/workspace/strata-integration-validation/source/sycl/src/prefill/prefill.cpp:4:
In file included from /home/calvin/workspace/strata-integration-validation/source/sycl/include/dpct/dpct.hpp:60:
/home/calvin/workspace/strata-integration-validation/source/sycl/include/dpct/graph.hpp:136:1: warning: unused function 'add_empty_node' [-Wunused-function]
  136 | add_empty_node(dpct::experimental::node_ptr *newNode,
      | ^~~~~~~~~~~~~~
/home/calvin/workspace/strata-integration-validation/source/sycl/include/dpct/graph.hpp:162:13: warning: unused function 'add_dependencies' [-Wunused-function]
  162 | static void add_dependencies(dpct::experimental::command_graph_ptr graph,
      |             ^~~~~~~~~~~~~~~~
/home/calvin/workspace/strata-integration-validation/source/sycl/include/dpct/graph.hpp:176:13: warning: unused function 'get_nodes' [-Wunused-function]
  176 | static void get_nodes(dpct::experimental::command_graph_ptr graph,
      |             ^~~~~~~~~
/home/calvin/workspace/strata-integration-validation/source/sycl/include/dpct/graph.hpp:187:13: warning: unused function 'get_root_nodes' [-Wunused-function]
  187 | static void get_root_nodes(dpct::experimental::command_graph_ptr graph,
      |             ^~~~~~~~~~~~~~
In file included from /home/calvin/workspace/strata-integration-validation/source/sycl/src/prefill/prefill.cpp:37:
/home/calvin/workspace/strata-integration-validation/source/sycl/../include/strata/prefill/moe_mmq.hpp:61:11: warning: private field 'ctx_' is not used [-Wunused-private-field]
   61 |     void* ctx_ = nullptr;
      |           ^
41 warnings generated.
In file included from /home/calvin/workspace/strata-integration-validation/source/sycl/src/prefill/prefill.cpp:4:
In file included from /home/calvin/workspace/strata-integration-validation/source/sycl/include/dpct/dpct.hpp:53:
In file included from /home/calvin/workspace/strata-integration-validation/source/sycl/include/dpct/image.hpp:14:
In file included from /home/calvin/workspace/strata-integration-validation/source/sycl/include/dpct/memory.hpp:112:
/home/calvin/workspace/strata-integration-validation/source/sycl/include/dpct/detail/memory_detail.hpp:343:30: warning: unused parameter 'direction' [-Wunused-parameter]
  343 |             memcpy_direction direction,
      |                              ^
/home/calvin/workspace/strata-integration-validation/source/sycl/include/dpct/detail/memory_detail.hpp:901:29: warning: unused parameter 'cgh' [-Wunused-parameter]
  901 |   get_access(sycl::handler &cgh) {
      |                             ^
In file included from /home/calvin/workspace/strata-integration-validation/source/sycl/src/prefill/prefill.cpp:4:
In file included from /home/calvin/workspace/strata-integration-validation/source/sycl/include/dpct/dpct.hpp:53:
In file included from /home/calvin/workspace/strata-integration-validation/source/sycl/include/dpct/image.hpp:14:
/home/calvin/workspace/strata-integration-validation/source/sycl/include/dpct/memory.hpp:816:23: warning: comparison of integers of different signs: 'int' and 'unsigned int' [-Wsign-compare]
  816 |     for (int i = 0; i < numAttributes; i++) {
      |                     ~ ^ ~~~~~~~~~~~~~
In file included from /home/calvin/workspace/strata-integration-validation/source/sycl/src/prefill/prefill.cpp:4:
In file included from /home/calvin/workspace/strata-integration-validation/source/sycl/include/dpct/dpct.hpp:53:
In file included from /home/calvin/workspace/strata-integration-validation/source/sycl/include/dpct/image.hpp:15:
/home/calvin/workspace/strata-integration-validation/source/sycl/include/dpct/util.hpp:959:15: warning: comparison of integers of different signs: 'int' and 'size_t' (aka 'unsigned long') [-Wsign-compare]
  959 |   if (wg_size > max_wg_size) {
      |       ~~~~~~~ ^ ~~~~~~~~~~~
/home/calvin/workspace/strata-integration-validation/source/sycl/include/dpct/util.hpp:1021:35: warning: comparison of integers of different signs: 'int' and 'size_t' (aka 'unsigned long') [-Wsign-compare]
 1021 |       max_ws_size_for_device_code >= max_wg_size)
      |       ~~~~~~~~~~~~~~~~~~~~~~~~~~~ ^  ~~~~~~~~~~~
/home/calvin/workspace/strata-integration-validation/source/sycl/include/dpct/util.hpp:1291:17: warning: '&' within '|' [-Wbitwise-op-parentheses]
 1291 |     result = (a & b | c) ^ a;
      |               ~~^~~ ~
/home/calvin/workspace/strata-integration-validation/source/sycl/include/dpct/util.hpp:1291:17: note: place parentheses around the '&' expression to silence this warning
 1291 |     result = (a & b | c) ^ a;
      |                 ^
      |               (    )
/home/calvin/workspace/strata-integration-validation/source/sycl/include/dpct/util.hpp:1315:16: warning: '&' within '|' [-Wbitwise-op-parentheses]
 1315 |     result = a & (b | c) | (b & c);
      |              ~~^~~~~~~~~ ~
/home/calvin/workspace/strata-integration-validation/source/sycl/include/dpct/util.hpp:1315:16: note: place parentheses around the '&' expression to silence this warning
 1315 |     result = a & (b | c) | (b & c);
      |                ^
      |              (          )
/home/calvin/workspace/strata-integration-validation/source/sycl/include/dpct/util.hpp:1318:16: warning: '&' within '|' [-Wbitwise-op-parentheses]
 1318 |     result = a & b | c;
      |              ~~^~~ ~
/home/calvin/workspace/strata-integration-validation/source/sycl/include/dpct/util.hpp:1318:16: note: place parentheses around the '&' expression to silence this warning
 1318 |     result = a & b | c;
      |                ^
      |              (    )
In file included from /home/calvin/workspace/strata-integration-validation/source/sycl/src/prefill/prefill.cpp:4:
In file included from /home/calvin/workspace/strata-integration-validation/source/sycl/include/dpct/dpct.hpp:54:
/home/calvin/workspace/strata-integration-validation/source/sycl/include/dpct/kernel.hpp:50:57: warning: unused parameter 'function' [-Wunused-parameter]
   50 |                                             const void *function) {
      |                                                         ^
/home/calvin/workspace/strata-integration-validation/source/sycl/include/dpct/kernel.hpp:57:38: warning: unused parameter 'function' [-Wunused-parameter]
   57 | get_kernel_function_info(const void *function) {
      |                                      ^
In file included from /home/calvin/workspace/strata-integration-validation/source/sycl/src/prefill/prefill.cpp:4:
In file included from /home/calvin/workspace/strata-integration-validation/source/sycl/include/dpct/dpct.hpp:59:
/home/calvin/workspace/strata-integration-validation/source/sycl/include/dpct/bindless_images.hpp:629:35: warning: unused parameter 'q' [-Wunused-parameter]
  629 |   void unmap_resource(sycl::queue q) {
      |                                   ^
/home/calvin/workspace/strata-integration-validation/source/sycl/include/dpct/bindless_images.hpp:656:9: warning: field '_res_external_mem' will be initialized after field '_res_reg_flags' [-Wreorder-ctor]
  656 |       : _res_external_mem(external_mem), _res_reg_flags(reg_flags) {}
      |         ^~~~~~~~~~~~~~~~~~~~~~~~~~~~~~~  ~~~~~~~~~~~~~~~~~~~~~~~~~
      |         _res_reg_flags(reg_flags)        _res_external_mem(external_mem)
/home/calvin/workspace/strata-integration-validation/source/sycl/include/dpct/bindless_images.hpp:1163:24: warning: comparison of integers of different signs: 'size_t' (aka 'unsigned long') and 'int' [-Wsign-compare]
 1163 |   for (size_t i = 0; i < count; ++i) {
      |                      ~ ^ ~~~~~
/home/calvin/workspace/strata-integration-validation/source/sycl/include/dpct/bindless_images.hpp:1350:21: warning: comparison of integers of different signs: 'int' and 'unsigned int' [-Wsign-compare]
 1350 |   for (int i = 0; i < numExtSems; i++) {
      |                   ~ ^ ~~~~~~~~~~
/home/calvin/workspace/strata-integration-validation/source/sycl/include/dpct/bindless_images.hpp:1393:21: warning: comparison of integers of different signs: 'int' and 'unsigned int' [-Wsign-compare]
 1393 |   for (int i = 0; i < numExtSems; i++) {
      |                   ~ ^ ~~~~~~~~~~
/home/calvin/workspace/strata-integration-validation/source/sycl/include/dpct/bindless_images.hpp:1686:60: warning: unused parameter 'channel' [-Wunused-parameter]
 1686 |   void attach(image_mem_wrapper *mem, const image_channel &channel,
      |                                                            ^
In file included from /home/calvin/workspace/strata-integration-validation/source/sycl/src/prefill/prefill.cpp:6:
In file included from /home/calvin/workspace/strata-integration-validation/source/sycl/../include/strata/prefill/prefill.hpp:14:
/home/calvin/workspace/strata-integration-validation/source/sycl/include/strata/core/expert_source.hpp:725:13: warning: 'reads' overrides a member function but is not marked 'override' [-Winconsistent-missing-override]
  725 |     int64_t reads() const { return reads_; }
      |             ^
/home/calvin/workspace/strata-integration-validation/source/sycl/include/strata/core/expert_source.hpp:140:21: note: overridden virtual function is here
  140 |     virtual int64_t reads() const { return 0; }
      |                     ^
/home/calvin/workspace/strata-integration-validation/source/sycl/src/prefill/prefill.cpp:2187:41: warning: lambda capture 'n' is not used [-Wunused-lambda-capture]
 2187 |     auto ple_gather = [&m, &ss, tokens, n, prev0, &chunk_len](int64_t c0, int buf, std::string& e) -> bool {
      |                                       ~~^
/home/calvin/workspace/strata-integration-validation/source/sycl/src/prefill/prefill.cpp:2098:12: warning: unused variable 'grp_wait_ms' [-Wunused-variable]
 2098 |     double grp_wait_ms = 0, grp_cpu_ms = 0;   // the per-layer grouping: the drain wait, the host's loops
      |            ^~~~~~~~~~~
/home/calvin/workspace/strata-integration-validation/source/sycl/src/prefill/prefill.cpp:2098:29: warning: unused variable 'grp_cpu_ms' [-Wunused-variable]
 2098 |     double grp_wait_ms = 0, grp_cpu_ms = 0;   // the per-layer grouping: the drain wait, the host's loops
      |                             ^~~~~~~~~~
In file included from /home/calvin/workspace/strata-integration-validation/source/sycl/src/prefill/prefill.cpp:4:
In file included from /home/calvin/workspace/strata-integration-validation/source/sycl/include/dpct/dpct.hpp:53:
In file included from /home/calvin/workspace/strata-integration-validation/source/sycl/include/dpct/image.hpp:14:
/home/calvin/workspace/strata-integration-validation/source/sycl/include/dpct/memory.hpp:165:17: warning: 'static' function 'get_buffer' declared in header file should be declared 'static inline' [-Wunneeded-internal-declaration]
  165 | static buffer_t get_buffer(const void *ptr) {
      |                 ^~~~~~~~~~
/home/calvin/workspace/strata-integration-validation/source/sycl/include/dpct/memory.hpp:141:36: warning: 'static' function 'get_buffer_and_offset' declared in header file should be declared 'static inline' [-Wunneeded-internal-declaration]
  141 | static std::pair<buffer_t, size_t> get_buffer_and_offset(const void *ptr) {
      |                                    ^~~~~~~~~~~~~~~~~~~~~
/home/calvin/workspace/strata-integration-validation/source/sycl/include/dpct/memory.hpp:304:13: warning: unused function 'dpct_memcpy' [-Wunused-function]
  304 | static void dpct_memcpy(void *to_ptr, const void *from_ptr, size_t size,
      |             ^~~~~~~~~~~
/home/calvin/workspace/strata-integration-validation/source/sycl/include/dpct/memory.hpp:322:13: warning: unused function 'dpct_memcpy' [-Wunused-function]
  322 | static void dpct_memcpy(void *to_ptr, int to_dev_id, const void *from_ptr,
      |             ^~~~~~~~~~~
/home/calvin/workspace/strata-integration-validation/source/sycl/include/dpct/memory.hpp:340:13: warning: unused function 'async_dpct_memcpy' [-Wunused-function]
  340 | static void async_dpct_memcpy(void *to_ptr, const void *from_ptr, size_t size,
      |             ^~~~~~~~~~~~~~~~~
/home/calvin/workspace/strata-integration-validation/source/sycl/include/dpct/memory.hpp:494:13: warning: unused function 'dpct_memset' [-Wunused-function]
  494 | static void dpct_memset(void *dev_ptr, int value, size_t size,
      |             ^~~~~~~~~~~
/home/calvin/workspace/strata-integration-validation/source/sycl/include/dpct/memory.hpp:507:13: warning: unused function 'dpct_memset_d16' [-Wunused-function]
  507 | static void dpct_memset_d16(void *dev_ptr, unsigned short value, size_t size,
      |             ^~~~~~~~~~~~~~~
/home/calvin/workspace/strata-integration-validation/source/sycl/include/dpct/memory.hpp:519:13: warning: unused function 'dpct_memset_d32' [-Wunused-function]
  519 | static void dpct_memset_d32(void *dev_ptr, unsigned int value, size_t size,
      |             ^~~~~~~~~~~~~~~
/home/calvin/workspace/strata-integration-validation/source/sycl/include/dpct/memory.hpp:532:13: warning: unused function 'async_dpct_memset' [-Wunused-function]
  532 | static void async_dpct_memset(void *dev_ptr, int value, size_t size,
      |             ^~~~~~~~~~~~~~~~~
/home/calvin/workspace/strata-integration-validation/source/sycl/include/dpct/memory.hpp:544:13: warning: unused function 'async_dpct_memset_d16' [-Wunused-function]
  544 | static void async_dpct_memset_d16(void *dev_ptr, unsigned short value, size_t size,
      |             ^~~~~~~~~~~~~~~~~~~~~
/home/calvin/workspace/strata-integration-validation/source/sycl/include/dpct/memory.hpp:556:13: warning: unused function 'async_dpct_memset_d32' [-Wunused-function]
  556 | static void async_dpct_memset_d32(void *dev_ptr, unsigned int value, size_t size,
      |             ^~~~~~~~~~~~~~~~~~~~~
In file included from /home/calvin/workspace/strata-integration-validation/source/sycl/src/prefill/prefill.cpp:4:
In file included from /home/calvin/workspace/strata-integration-validation/source/sycl/include/dpct/dpct.hpp:60:
/home/calvin/workspace/strata-integration-validation/source/sycl/include/dpct/graph.hpp:136:1: warning: unused function 'add_empty_node' [-Wunused-function]
  136 | add_empty_node(dpct::experimental::node_ptr *newNode,
      | ^~~~~~~~~~~~~~
/home/calvin/workspace/strata-integration-validation/source/sycl/include/dpct/graph.hpp:162:13: warning: unused function 'add_dependencies' [-Wunused-function]
  162 | static void add_dependencies(dpct::experimental::command_graph_ptr graph,
      |             ^~~~~~~~~~~~~~~~
/home/calvin/workspace/strata-integration-validation/source/sycl/include/dpct/graph.hpp:176:13: warning: unused function 'get_nodes' [-Wunused-function]
  176 | static void get_nodes(dpct::experimental::command_graph_ptr graph,
      |             ^~~~~~~~~
/home/calvin/workspace/strata-integration-validation/source/sycl/include/dpct/graph.hpp:187:13: warning: unused function 'get_root_nodes' [-Wunused-function]
  187 | static void get_root_nodes(dpct::experimental::command_graph_ptr graph,
      |             ^~~~~~~~~~~~~~
In file included from /home/calvin/workspace/strata-integration-validation/source/sycl/src/prefill/prefill.cpp:37:
/home/calvin/workspace/strata-integration-validation/source/sycl/../include/strata/prefill/moe_mmq.hpp:61:11: warning: private field 'ctx_' is not used [-Wunused-private-field]
   61 |     void* ctx_ = nullptr;
      |           ^
36 warnings generated.
[10/12] Linking CXX static library libstrata_prefill.a
[11/12] Building CXX object CMakeFiles/strata.dir/src/program/generate.cpp.o
In file included from /home/calvin/workspace/strata-integration-validation/source/sycl/src/program/generate.cpp:26:
In file included from /home/calvin/workspace/strata-integration-validation/source/sycl/include/dpct/dpct.hpp:53:
In file included from /home/calvin/workspace/strata-integration-validation/source/sycl/include/dpct/image.hpp:14:
In file included from /home/calvin/workspace/strata-integration-validation/source/sycl/include/dpct/memory.hpp:112:
/home/calvin/workspace/strata-integration-validation/source/sycl/include/dpct/detail/memory_detail.hpp:343:30: warning: unused parameter 'direction' [-Wunused-parameter]
  343 |             memcpy_direction direction,
      |                              ^
/home/calvin/workspace/strata-integration-validation/source/sycl/include/dpct/detail/memory_detail.hpp:901:29: warning: unused parameter 'cgh' [-Wunused-parameter]
  901 |   get_access(sycl::handler &cgh) {
      |                             ^
In file included from /home/calvin/workspace/strata-integration-validation/source/sycl/src/program/generate.cpp:26:
In file included from /home/calvin/workspace/strata-integration-validation/source/sycl/include/dpct/dpct.hpp:53:
In file included from /home/calvin/workspace/strata-integration-validation/source/sycl/include/dpct/image.hpp:14:
/home/calvin/workspace/strata-integration-validation/source/sycl/include/dpct/memory.hpp:816:23: warning: comparison of integers of different signs: 'int' and 'unsigned int' [-Wsign-compare]
  816 |     for (int i = 0; i < numAttributes; i++) {
      |                     ~ ^ ~~~~~~~~~~~~~
In file included from /home/calvin/workspace/strata-integration-validation/source/sycl/src/program/generate.cpp:26:
In file included from /home/calvin/workspace/strata-integration-validation/source/sycl/include/dpct/dpct.hpp:53:
In file included from /home/calvin/workspace/strata-integration-validation/source/sycl/include/dpct/image.hpp:15:
/home/calvin/workspace/strata-integration-validation/source/sycl/include/dpct/util.hpp:466:38: warning: unused parameter 'member_mask' [-Wunused-parameter]
  466 | T select_from_sub_group(unsigned int member_mask,
      |                                      ^
/home/calvin/workspace/strata-integration-validation/source/sycl/include/dpct/util.hpp:507:37: warning: unused parameter 'member_mask' [-Wunused-parameter]
  507 | T shift_sub_group_left(unsigned int member_mask,
      |                                     ^
/home/calvin/workspace/strata-integration-validation/source/sycl/include/dpct/util.hpp:551:38: warning: unused parameter 'member_mask' [-Wunused-parameter]
  551 | T shift_sub_group_right(unsigned int member_mask,
      |                                      ^
/home/calvin/workspace/strata-integration-validation/source/sycl/include/dpct/util.hpp:671:41: warning: unused parameter 'member_mask' [-Wunused-parameter]
  671 | T permute_sub_group_by_xor(unsigned int member_mask,
      |                                         ^
/home/calvin/workspace/strata-integration-validation/source/sycl/include/dpct/util.hpp:680:47: warning: comparison of integers of different signs: 'unsigned int' and 'int' [-Wsign-compare]
  680 |   unsigned logical_remote_id = (target_offset < logical_sub_group_size) ? start_index + target_offset : id;
      |                                 ~~~~~~~~~~~~~ ^ ~~~~~~~~~~~~~~~~~~~~~~
/home/calvin/workspace/strata-integration-validation/source/sycl/include/dpct/util.hpp:959:15: warning: comparison of integers of different signs: 'int' and 'size_t' (aka 'unsigned long') [-Wsign-compare]
  959 |   if (wg_size > max_wg_size) {
      |       ~~~~~~~ ^ ~~~~~~~~~~~
/home/calvin/workspace/strata-integration-validation/source/sycl/include/dpct/util.hpp:1021:35: warning: comparison of integers of different signs: 'int' and 'size_t' (aka 'unsigned long') [-Wsign-compare]
 1021 |       max_ws_size_for_device_code >= max_wg_size)
      |       ~~~~~~~~~~~~~~~~~~~~~~~~~~~ ^  ~~~~~~~~~~~
/home/calvin/workspace/strata-integration-validation/source/sycl/include/dpct/util.hpp:1291:17: warning: '&' within '|' [-Wbitwise-op-parentheses]
 1291 |     result = (a & b | c) ^ a;
      |               ~~^~~ ~
/home/calvin/workspace/strata-integration-validation/source/sycl/include/dpct/util.hpp:1291:17: note: place parentheses around the '&' expression to silence this warning
 1291 |     result = (a & b | c) ^ a;
      |                 ^
      |               (    )
/home/calvin/workspace/strata-integration-validation/source/sycl/include/dpct/util.hpp:1315:16: warning: '&' within '|' [-Wbitwise-op-parentheses]
 1315 |     result = a & (b | c) | (b & c);
      |              ~~^~~~~~~~~ ~
/home/calvin/workspace/strata-integration-validation/source/sycl/include/dpct/util.hpp:1315:16: note: place parentheses around the '&' expression to silence this warning
 1315 |     result = a & (b | c) | (b & c);
      |                ^
      |              (          )
/home/calvin/workspace/strata-integration-validation/source/sycl/include/dpct/util.hpp:1318:16: warning: '&' within '|' [-Wbitwise-op-parentheses]
 1318 |     result = a & b | c;
      |              ~~^~~ ~
/home/calvin/workspace/strata-integration-validation/source/sycl/include/dpct/util.hpp:1318:16: note: place parentheses around the '&' expression to silence this warning
 1318 |     result = a & b | c;
      |                ^
      |              (    )
In file included from /home/calvin/workspace/strata-integration-validation/source/sycl/src/program/generate.cpp:26:
In file included from /home/calvin/workspace/strata-integration-validation/source/sycl/include/dpct/dpct.hpp:54:
/home/calvin/workspace/strata-integration-validation/source/sycl/include/dpct/kernel.hpp:50:57: warning: unused parameter 'function' [-Wunused-parameter]
   50 |                                             const void *function) {
      |                                                         ^
/home/calvin/workspace/strata-integration-validation/source/sycl/include/dpct/kernel.hpp:57:38: warning: unused parameter 'function' [-Wunused-parameter]
   57 | get_kernel_function_info(const void *function) {
      |                                      ^
In file included from /home/calvin/workspace/strata-integration-validation/source/sycl/src/program/generate.cpp:26:
In file included from /home/calvin/workspace/strata-integration-validation/source/sycl/include/dpct/dpct.hpp:59:
/home/calvin/workspace/strata-integration-validation/source/sycl/include/dpct/bindless_images.hpp:629:35: warning: unused parameter 'q' [-Wunused-parameter]
  629 |   void unmap_resource(sycl::queue q) {
      |                                   ^
/home/calvin/workspace/strata-integration-validation/source/sycl/include/dpct/bindless_images.hpp:656:9: warning: field '_res_external_mem' will be initialized after field '_res_reg_flags' [-Wreorder-ctor]
  656 |       : _res_external_mem(external_mem), _res_reg_flags(reg_flags) {}
      |         ^~~~~~~~~~~~~~~~~~~~~~~~~~~~~~~  ~~~~~~~~~~~~~~~~~~~~~~~~~
      |         _res_reg_flags(reg_flags)        _res_external_mem(external_mem)
/home/calvin/workspace/strata-integration-validation/source/sycl/include/dpct/bindless_images.hpp:1163:24: warning: comparison of integers of different signs: 'size_t' (aka 'unsigned long') and 'int' [-Wsign-compare]
 1163 |   for (size_t i = 0; i < count; ++i) {
      |                      ~ ^ ~~~~~
/home/calvin/workspace/strata-integration-validation/source/sycl/include/dpct/bindless_images.hpp:1350:21: warning: comparison of integers of different signs: 'int' and 'unsigned int' [-Wsign-compare]
 1350 |   for (int i = 0; i < numExtSems; i++) {
      |                   ~ ^ ~~~~~~~~~~
/home/calvin/workspace/strata-integration-validation/source/sycl/include/dpct/bindless_images.hpp:1393:21: warning: comparison of integers of different signs: 'int' and 'unsigned int' [-Wsign-compare]
 1393 |   for (int i = 0; i < numExtSems; i++) {
      |                   ~ ^ ~~~~~~~~~~
/home/calvin/workspace/strata-integration-validation/source/sycl/include/dpct/bindless_images.hpp:1686:60: warning: unused parameter 'channel' [-Wunused-parameter]
 1686 |   void attach(image_mem_wrapper *mem, const image_channel &channel,
      |                                                            ^
In file included from /home/calvin/workspace/strata-integration-validation/source/sycl/src/program/generate.cpp:37:
/home/calvin/workspace/strata-integration-validation/source/sycl/include/strata/core/expert_source.hpp:725:13: warning: 'reads' overrides a member function but is not marked 'override' [-Winconsistent-missing-override]
  725 |     int64_t reads() const { return reads_; }
      |             ^
/home/calvin/workspace/strata-integration-validation/source/sycl/include/strata/core/expert_source.hpp:140:21: note: overridden virtual function is here
  140 |     virtual int64_t reads() const { return 0; }
      |                     ^
/home/calvin/workspace/strata-integration-validation/source/sycl/src/program/generate.cpp:260:16: warning: unused variable 'p' [-Wunused-variable]
  260 |     for (void *p : v)(void) 0;
      |                ^
/home/calvin/workspace/strata-integration-validation/source/sycl/src/program/generate.cpp:8931:30: warning: unused variable 'w' [-Wunused-variable]
 8931 |                 const double w = (double) bt_windows, wall = std::chrono::duration<double, std::milli>(Clock::now() - bt_start).count();
      |                              ^
/home/calvin/workspace/strata-integration-validation/source/sycl/src/program/generate.cpp:3998:21: warning: expression result unused [-Wunused-value]
 3998 |         if (!named) 0;
      |                     ^
/home/calvin/workspace/strata-integration-validation/source/sycl/src/program/generate.cpp:7151:39: warning: expression result unused [-Wunused-value]
 7151 |                 if (!pl_snap_overlap) 0;
      |                                       ^
In file included from /home/calvin/workspace/strata-integration-validation/source/sycl/src/program/generate.cpp:26:
In file included from /home/calvin/workspace/strata-integration-validation/source/sycl/include/dpct/dpct.hpp:53:
In file included from /home/calvin/workspace/strata-integration-validation/source/sycl/include/dpct/image.hpp:14:
/home/calvin/workspace/strata-integration-validation/source/sycl/include/dpct/memory.hpp:165:17: warning: 'static' function 'get_buffer' declared in header file should be declared 'static inline' [-Wunneeded-internal-declaration]
  165 | static buffer_t get_buffer(const void *ptr) {
      |                 ^~~~~~~~~~
/home/calvin/workspace/strata-integration-validation/source/sycl/include/dpct/memory.hpp:141:36: warning: 'static' function 'get_buffer_and_offset' declared in header file should be declared 'static inline' [-Wunneeded-internal-declaration]
  141 | static std::pair<buffer_t, size_t> get_buffer_and_offset(const void *ptr) {
      |                                    ^~~~~~~~~~~~~~~~~~~~~
/home/calvin/workspace/strata-integration-validation/source/sycl/include/dpct/memory.hpp:304:13: warning: unused function 'dpct_memcpy' [-Wunused-function]
  304 | static void dpct_memcpy(void *to_ptr, const void *from_ptr, size_t size,
      |             ^~~~~~~~~~~
/home/calvin/workspace/strata-integration-validation/source/sycl/include/dpct/memory.hpp:322:13: warning: unused function 'dpct_memcpy' [-Wunused-function]
  322 | static void dpct_memcpy(void *to_ptr, int to_dev_id, const void *from_ptr,
      |             ^~~~~~~~~~~
/home/calvin/workspace/strata-integration-validation/source/sycl/include/dpct/memory.hpp:340:13: warning: unused function 'async_dpct_memcpy' [-Wunused-function]
  340 | static void async_dpct_memcpy(void *to_ptr, const void *from_ptr, size_t size,
      |             ^~~~~~~~~~~~~~~~~
/home/calvin/workspace/strata-integration-validation/source/sycl/include/dpct/memory.hpp:358:13: warning: unused function 'async_dpct_memcpy' [-Wunused-function]
  358 | static void async_dpct_memcpy(void *to_ptr, int to_dev_id, const void *from_ptr,
      |             ^~~~~~~~~~~~~~~~~
/home/calvin/workspace/strata-integration-validation/source/sycl/include/dpct/memory.hpp:494:13: warning: unused function 'dpct_memset' [-Wunused-function]
  494 | static void dpct_memset(void *dev_ptr, int value, size_t size,
      |             ^~~~~~~~~~~
/home/calvin/workspace/strata-integration-validation/source/sycl/include/dpct/memory.hpp:507:13: warning: unused function 'dpct_memset_d16' [-Wunused-function]
  507 | static void dpct_memset_d16(void *dev_ptr, unsigned short value, size_t size,
      |             ^~~~~~~~~~~~~~~
/home/calvin/workspace/strata-integration-validation/source/sycl/include/dpct/memory.hpp:519:13: warning: unused function 'dpct_memset_d32' [-Wunused-function]
  519 | static void dpct_memset_d32(void *dev_ptr, unsigned int value, size_t size,
      |             ^~~~~~~~~~~~~~~
/home/calvin/workspace/strata-integration-validation/source/sycl/include/dpct/memory.hpp:532:13: warning: unused function 'async_dpct_memset' [-Wunused-function]
  532 | static void async_dpct_memset(void *dev_ptr, int value, size_t size,
      |             ^~~~~~~~~~~~~~~~~
/home/calvin/workspace/strata-integration-validation/source/sycl/include/dpct/memory.hpp:544:13: warning: unused function 'async_dpct_memset_d16' [-Wunused-function]
  544 | static void async_dpct_memset_d16(void *dev_ptr, unsigned short value, size_t size,
      |             ^~~~~~~~~~~~~~~~~~~~~
/home/calvin/workspace/strata-integration-validation/source/sycl/include/dpct/memory.hpp:556:13: warning: unused function 'async_dpct_memset_d32' [-Wunused-function]
  556 | static void async_dpct_memset_d32(void *dev_ptr, unsigned int value, size_t size,
      |             ^~~~~~~~~~~~~~~~~~~~~
In file included from /home/calvin/workspace/strata-integration-validation/source/sycl/src/program/generate.cpp:26:
In file included from /home/calvin/workspace/strata-integration-validation/source/sycl/include/dpct/dpct.hpp:60:
/home/calvin/workspace/strata-integration-validation/source/sycl/include/dpct/graph.hpp:136:1: warning: unused function 'add_empty_node' [-Wunused-function]
  136 | add_empty_node(dpct::experimental::node_ptr *newNode,
      | ^~~~~~~~~~~~~~
/home/calvin/workspace/strata-integration-validation/source/sycl/include/dpct/graph.hpp:162:13: warning: unused function 'add_dependencies' [-Wunused-function]
  162 | static void add_dependencies(dpct::experimental::command_graph_ptr graph,
      |             ^~~~~~~~~~~~~~~~
/home/calvin/workspace/strata-integration-validation/source/sycl/include/dpct/graph.hpp:176:13: warning: unused function 'get_nodes' [-Wunused-function]
  176 | static void get_nodes(dpct::experimental::command_graph_ptr graph,
      |             ^~~~~~~~~
/home/calvin/workspace/strata-integration-validation/source/sycl/include/dpct/graph.hpp:187:13: warning: unused function 'get_root_nodes' [-Wunused-function]
  187 | static void get_root_nodes(dpct::experimental::command_graph_ptr graph,
      |             ^~~~~~~~~~~~~~
42 warnings generated.
In file included from /home/calvin/workspace/strata-integration-validation/source/sycl/src/program/generate.cpp:26:
In file included from /home/calvin/workspace/strata-integration-validation/source/sycl/include/dpct/dpct.hpp:53:
In file included from /home/calvin/workspace/strata-integration-validation/source/sycl/include/dpct/image.hpp:14:
In file included from /home/calvin/workspace/strata-integration-validation/source/sycl/include/dpct/memory.hpp:112:
/home/calvin/workspace/strata-integration-validation/source/sycl/include/dpct/detail/memory_detail.hpp:343:30: warning: unused parameter 'direction' [-Wunused-parameter]
  343 |             memcpy_direction direction,
      |                              ^
/home/calvin/workspace/strata-integration-validation/source/sycl/include/dpct/detail/memory_detail.hpp:901:29: warning: unused parameter 'cgh' [-Wunused-parameter]
  901 |   get_access(sycl::handler &cgh) {
      |                             ^
In file included from /home/calvin/workspace/strata-integration-validation/source/sycl/src/program/generate.cpp:26:
In file included from /home/calvin/workspace/strata-integration-validation/source/sycl/include/dpct/dpct.hpp:53:
In file included from /home/calvin/workspace/strata-integration-validation/source/sycl/include/dpct/image.hpp:14:
/home/calvin/workspace/strata-integration-validation/source/sycl/include/dpct/memory.hpp:816:23: warning: comparison of integers of different signs: 'int' and 'unsigned int' [-Wsign-compare]
  816 |     for (int i = 0; i < numAttributes; i++) {
      |                     ~ ^ ~~~~~~~~~~~~~
In file included from /home/calvin/workspace/strata-integration-validation/source/sycl/src/program/generate.cpp:26:
In file included from /home/calvin/workspace/strata-integration-validation/source/sycl/include/dpct/dpct.hpp:53:
In file included from /home/calvin/workspace/strata-integration-validation/source/sycl/include/dpct/image.hpp:15:
/home/calvin/workspace/strata-integration-validation/source/sycl/include/dpct/util.hpp:959:15: warning: comparison of integers of different signs: 'int' and 'size_t' (aka 'unsigned long') [-Wsign-compare]
  959 |   if (wg_size > max_wg_size) {
      |       ~~~~~~~ ^ ~~~~~~~~~~~
/home/calvin/workspace/strata-integration-validation/source/sycl/include/dpct/util.hpp:1021:35: warning: comparison of integers of different signs: 'int' and 'size_t' (aka 'unsigned long') [-Wsign-compare]
 1021 |       max_ws_size_for_device_code >= max_wg_size)
      |       ~~~~~~~~~~~~~~~~~~~~~~~~~~~ ^  ~~~~~~~~~~~
/home/calvin/workspace/strata-integration-validation/source/sycl/include/dpct/util.hpp:1291:17: warning: '&' within '|' [-Wbitwise-op-parentheses]
 1291 |     result = (a & b | c) ^ a;
      |               ~~^~~ ~
/home/calvin/workspace/strata-integration-validation/source/sycl/include/dpct/util.hpp:1291:17: note: place parentheses around the '&' expression to silence this warning
 1291 |     result = (a & b | c) ^ a;
      |                 ^
      |               (    )
/home/calvin/workspace/strata-integration-validation/source/sycl/include/dpct/util.hpp:1315:16: warning: '&' within '|' [-Wbitwise-op-parentheses]
 1315 |     result = a & (b | c) | (b & c);
      |              ~~^~~~~~~~~ ~
/home/calvin/workspace/strata-integration-validation/source/sycl/include/dpct/util.hpp:1315:16: note: place parentheses around the '&' expression to silence this warning
 1315 |     result = a & (b | c) | (b & c);
      |                ^
      |              (          )
/home/calvin/workspace/strata-integration-validation/source/sycl/include/dpct/util.hpp:1318:16: warning: '&' within '|' [-Wbitwise-op-parentheses]
 1318 |     result = a & b | c;
      |              ~~^~~ ~
/home/calvin/workspace/strata-integration-validation/source/sycl/include/dpct/util.hpp:1318:16: note: place parentheses around the '&' expression to silence this warning
 1318 |     result = a & b | c;
      |                ^
      |              (    )
In file included from /home/calvin/workspace/strata-integration-validation/source/sycl/src/program/generate.cpp:26:
In file included from /home/calvin/workspace/strata-integration-validation/source/sycl/include/dpct/dpct.hpp:54:
/home/calvin/workspace/strata-integration-validation/source/sycl/include/dpct/kernel.hpp:50:57: warning: unused parameter 'function' [-Wunused-parameter]
   50 |                                             const void *function) {
      |                                                         ^
/home/calvin/workspace/strata-integration-validation/source/sycl/include/dpct/kernel.hpp:57:38: warning: unused parameter 'function' [-Wunused-parameter]
   57 | get_kernel_function_info(const void *function) {
      |                                      ^
In file included from /home/calvin/workspace/strata-integration-validation/source/sycl/src/program/generate.cpp:26:
In file included from /home/calvin/workspace/strata-integration-validation/source/sycl/include/dpct/dpct.hpp:59:
/home/calvin/workspace/strata-integration-validation/source/sycl/include/dpct/bindless_images.hpp:629:35: warning: unused parameter 'q' [-Wunused-parameter]
  629 |   void unmap_resource(sycl::queue q) {
      |                                   ^
/home/calvin/workspace/strata-integration-validation/source/sycl/include/dpct/bindless_images.hpp:656:9: warning: field '_res_external_mem' will be initialized after field '_res_reg_flags' [-Wreorder-ctor]
  656 |       : _res_external_mem(external_mem), _res_reg_flags(reg_flags) {}
      |         ^~~~~~~~~~~~~~~~~~~~~~~~~~~~~~~  ~~~~~~~~~~~~~~~~~~~~~~~~~
      |         _res_reg_flags(reg_flags)        _res_external_mem(external_mem)
/home/calvin/workspace/strata-integration-validation/source/sycl/include/dpct/bindless_images.hpp:1163:24: warning: comparison of integers of different signs: 'size_t' (aka 'unsigned long') and 'int' [-Wsign-compare]
 1163 |   for (size_t i = 0; i < count; ++i) {
      |                      ~ ^ ~~~~~
/home/calvin/workspace/strata-integration-validation/source/sycl/include/dpct/bindless_images.hpp:1350:21: warning: comparison of integers of different signs: 'int' and 'unsigned int' [-Wsign-compare]
 1350 |   for (int i = 0; i < numExtSems; i++) {
      |                   ~ ^ ~~~~~~~~~~
/home/calvin/workspace/strata-integration-validation/source/sycl/include/dpct/bindless_images.hpp:1393:21: warning: comparison of integers of different signs: 'int' and 'unsigned int' [-Wsign-compare]
 1393 |   for (int i = 0; i < numExtSems; i++) {
      |                   ~ ^ ~~~~~~~~~~
/home/calvin/workspace/strata-integration-validation/source/sycl/include/dpct/bindless_images.hpp:1686:60: warning: unused parameter 'channel' [-Wunused-parameter]
 1686 |   void attach(image_mem_wrapper *mem, const image_channel &channel,
      |                                                            ^
In file included from /home/calvin/workspace/strata-integration-validation/source/sycl/src/program/generate.cpp:37:
/home/calvin/workspace/strata-integration-validation/source/sycl/include/strata/core/expert_source.hpp:725:13: warning: 'reads' overrides a member function but is not marked 'override' [-Winconsistent-missing-override]
  725 |     int64_t reads() const { return reads_; }
      |             ^
/home/calvin/workspace/strata-integration-validation/source/sycl/include/strata/core/expert_source.hpp:140:21: note: overridden virtual function is here
  140 |     virtual int64_t reads() const { return 0; }
      |                     ^
/home/calvin/workspace/strata-integration-validation/source/sycl/src/program/generate.cpp:260:16: warning: unused variable 'p' [-Wunused-variable]
  260 |     for (void *p : v)(void) 0;
      |                ^
/home/calvin/workspace/strata-integration-validation/source/sycl/src/program/generate.cpp:8931:30: warning: unused variable 'w' [-Wunused-variable]
 8931 |                 const double w = (double) bt_windows, wall = std::chrono::duration<double, std::milli>(Clock::now() - bt_start).count();
      |                              ^
/home/calvin/workspace/strata-integration-validation/source/sycl/src/program/generate.cpp:3998:21: warning: expression result unused [-Wunused-value]
 3998 |         if (!named) 0;
      |                     ^
/home/calvin/workspace/strata-integration-validation/source/sycl/src/program/generate.cpp:7151:39: warning: expression result unused [-Wunused-value]
 7151 |                 if (!pl_snap_overlap) 0;
      |                                       ^
In file included from /home/calvin/workspace/strata-integration-validation/source/sycl/src/program/generate.cpp:26:
In file included from /home/calvin/workspace/strata-integration-validation/source/sycl/include/dpct/dpct.hpp:53:
In file included from /home/calvin/workspace/strata-integration-validation/source/sycl/include/dpct/image.hpp:14:
/home/calvin/workspace/strata-integration-validation/source/sycl/include/dpct/memory.hpp:165:17: warning: 'static' function 'get_buffer' declared in header file should be declared 'static inline' [-Wunneeded-internal-declaration]
  165 | static buffer_t get_buffer(const void *ptr) {
      |                 ^~~~~~~~~~
/home/calvin/workspace/strata-integration-validation/source/sycl/include/dpct/memory.hpp:141:36: warning: 'static' function 'get_buffer_and_offset' declared in header file should be declared 'static inline' [-Wunneeded-internal-declaration]
  141 | static std::pair<buffer_t, size_t> get_buffer_and_offset(const void *ptr) {
      |                                    ^~~~~~~~~~~~~~~~~~~~~
/home/calvin/workspace/strata-integration-validation/source/sycl/include/dpct/memory.hpp:304:13: warning: unused function 'dpct_memcpy' [-Wunused-function]
  304 | static void dpct_memcpy(void *to_ptr, const void *from_ptr, size_t size,
      |             ^~~~~~~~~~~
/home/calvin/workspace/strata-integration-validation/source/sycl/include/dpct/memory.hpp:322:13: warning: unused function 'dpct_memcpy' [-Wunused-function]
  322 | static void dpct_memcpy(void *to_ptr, int to_dev_id, const void *from_ptr,
      |             ^~~~~~~~~~~
/home/calvin/workspace/strata-integration-validation/source/sycl/include/dpct/memory.hpp:340:13: warning: unused function 'async_dpct_memcpy' [-Wunused-function]
  340 | static void async_dpct_memcpy(void *to_ptr, const void *from_ptr, size_t size,
      |             ^~~~~~~~~~~~~~~~~
/home/calvin/workspace/strata-integration-validation/source/sycl/include/dpct/memory.hpp:358:13: warning: unused function 'async_dpct_memcpy' [-Wunused-function]
  358 | static void async_dpct_memcpy(void *to_ptr, int to_dev_id, const void *from_ptr,
      |             ^~~~~~~~~~~~~~~~~
/home/calvin/workspace/strata-integration-validation/source/sycl/include/dpct/memory.hpp:494:13: warning: unused function 'dpct_memset' [-Wunused-function]
  494 | static void dpct_memset(void *dev_ptr, int value, size_t size,
      |             ^~~~~~~~~~~
/home/calvin/workspace/strata-integration-validation/source/sycl/include/dpct/memory.hpp:507:13: warning: unused function 'dpct_memset_d16' [-Wunused-function]
  507 | static void dpct_memset_d16(void *dev_ptr, unsigned short value, size_t size,
      |             ^~~~~~~~~~~~~~~
/home/calvin/workspace/strata-integration-validation/source/sycl/include/dpct/memory.hpp:519:13: warning: unused function 'dpct_memset_d32' [-Wunused-function]
  519 | static void dpct_memset_d32(void *dev_ptr, unsigned int value, size_t size,
      |             ^~~~~~~~~~~~~~~
/home/calvin/workspace/strata-integration-validation/source/sycl/include/dpct/memory.hpp:532:13: warning: unused function 'async_dpct_memset' [-Wunused-function]
  532 | static void async_dpct_memset(void *dev_ptr, int value, size_t size,
      |             ^~~~~~~~~~~~~~~~~
/home/calvin/workspace/strata-integration-validation/source/sycl/include/dpct/memory.hpp:544:13: warning: unused function 'async_dpct_memset_d16' [-Wunused-function]
  544 | static void async_dpct_memset_d16(void *dev_ptr, unsigned short value, size_t size,
      |             ^~~~~~~~~~~~~~~~~~~~~
/home/calvin/workspace/strata-integration-validation/source/sycl/include/dpct/memory.hpp:556:13: warning: unused function 'async_dpct_memset_d32' [-Wunused-function]
  556 | static void async_dpct_memset_d32(void *dev_ptr, unsigned int value, size_t size,
      |             ^~~~~~~~~~~~~~~~~~~~~
In file included from /home/calvin/workspace/strata-integration-validation/source/sycl/src/program/generate.cpp:26:
In file included from /home/calvin/workspace/strata-integration-validation/source/sycl/include/dpct/dpct.hpp:60:
/home/calvin/workspace/strata-integration-validation/source/sycl/include/dpct/graph.hpp:136:1: warning: unused function 'add_empty_node' [-Wunused-function]
  136 | add_empty_node(dpct::experimental::node_ptr *newNode,
      | ^~~~~~~~~~~~~~
/home/calvin/workspace/strata-integration-validation/source/sycl/include/dpct/graph.hpp:162:13: warning: unused function 'add_dependencies' [-Wunused-function]
  162 | static void add_dependencies(dpct::experimental::command_graph_ptr graph,
      |             ^~~~~~~~~~~~~~~~
/home/calvin/workspace/strata-integration-validation/source/sycl/include/dpct/graph.hpp:176:13: warning: unused function 'get_nodes' [-Wunused-function]
  176 | static void get_nodes(dpct::experimental::command_graph_ptr graph,
      |             ^~~~~~~~~
/home/calvin/workspace/strata-integration-validation/source/sycl/include/dpct/graph.hpp:187:13: warning: unused function 'get_root_nodes' [-Wunused-function]
  187 | static void get_root_nodes(dpct::experimental::command_graph_ptr graph,
      |             ^~~~~~~~~~~~~~
37 warnings generated.
[12/12] Linking CXX executable strata
FAILED: [code=1] strata 
: && /mnt/sda2/home/calvin/workspace/strata-validation/toolchains/intel-root/opt/intel/oneapi/compiler/2026.1/bin/icpx --gcc-install-dir=/usr/lib/gcc/x86_64-linux-gnu/11 -O3 -DNDEBUG -fsycl -Xsycl-target-backend=spir64 -cl-fp32-correctly-rounded-divide-sqrt -fsycl-device-code-split=per_kernel -qmkl=sequential CMakeFiles/strata.dir/src/program/generate.cpp.o -o strata  libstrata_engine.a  libstrata_prefill.a  libstrata_spec.a  libstrata_engine.a  libstrata_kernels.a  libstrata_core.a  libstrata_kernels_cpu.a  ggml/src/libggml-cpu.a  ggml/src/libggml-base.a  -lm && :
/usr/bin/ld: cannot find -lmkl_sycl_blas: No such file or directory
/usr/bin/ld: cannot find -lmkl_sycl_lapack: No such file or directory
/usr/bin/ld: cannot find -lmkl_sycl_dft: No such file or directory
/usr/bin/ld: cannot find -lmkl_sycl_sparse: No such file or directory
/usr/bin/ld: cannot find -lmkl_sycl_rng: No such file or directory
/usr/bin/ld: cannot find -lmkl_sycl_stats: No such file or directory
/usr/bin/ld: cannot find -lmkl_sycl_vm: No such file or directory
/usr/bin/ld: cannot find -lmkl_sycl_data_fitting: No such file or directory
/usr/bin/ld: cannot find -lmkl_intel_lp64: No such file or directory
/usr/bin/ld: cannot find -lmkl_sequential: No such file or directory
/usr/bin/ld: cannot find -lmkl_core: No such file or directory
icpx: error: linker command failed with exit code 1 (use -v to see invocation)
ninja: build stopped: subcommand failed.
